lens_x,lens_y,lens_z,cone_x,cone_y,cone_z,dx,dy,dz,hex_x,hex_y,p,q,side
51.62087274601244,269.2863460622555,-260.0900857659692,40.82667237846154,268.7358698752906,-235.81825393578484,0.4062624668921484,0.020718330776409558,-0.9135215152170995,94.56395333018637,-301.7777624718884,-19.0,-13.0,left
66.18575314859892,265.2375440581865,-255.64736619455812,53.54789291076067,264.72170249977574,-231.94716075039614,0.4704362825781638,0.019201872830616067,-0.882225023513749,114.35123673222532,-294.0454407958693,-19.0,-12.0,left
33.74948374371305,281.76150806865235,-260.2072823642365,23.689409113646207,279.46534236879,-235.95941980861608,0.3817552250939374,0.08713387184863285,-0.9201470732932552,59.63789087685288,-303.59702979330984,-18.0,-14.0,left
18.593644035685372,284.3668017726578,-261.86765384689954,11.148361426716988,281.9486349070975,-238.1741561548555,0.29836999485873783,0.09690813272496682,-0.9495178565881514,36.36464316090765,-309.24498000531685,-18.0,-15.0,left
47.774881421411294,283.46825934109404,-255.53923886867688,35.602353448429724,280.11476705926844,-231.67225736152525,0.4508191710212592,0.12419923074931302,-0.8839324782589356,77.10918934018947,-293.90472244888025,-18.0,-13.0,left
79.39018472994584,261.7956164917118,-249.3166393610364,64.88918428784233,260.88122733874025,-225.83065901839277,0.5250724986795932,0.033109480910177666,-0.8504132133288071,131.12980036827395,-283.88473504087005,-19.0,-11.0,left
61.87947926061889,280.63000043875445,-249.492201819633,48.579011466033464,277.6175563608411,-226.4974519527159,0.49750122311919304,0.11267984227969621,-0.8601138216182377,96.76537477730034,-284.2632209372235,-18.0,-12.0,left
91.92424524520504,256.8275678137069,-241.63076235624436,75.77582281714018,256.257836663055,-220.1250564040849,0.6003207634122484,0.021179867000795247,-0.7994788266426848,147.2905562914822,-272.3343561691891,-19.0,-10.0,left
27.775404463162232,297.2502011579401,-253.25288063038334,18.064305407272357,292.6145908596044,-229.55517647227873,0.3731243900615787,0.1781115870793882,-0.9105242732015639,41.06513391388843,-294.1352722676468,-17.0,-14.0,left
75.38290018523377,277.43050485498827,-242.8252402661198,60.67255642030511,274.35816026996616,-220.73992410028467,0.5506770946135829,0.11501225374252527,-0.8267568681039233,114.1183052472313,-273.86038415675813,-18.0,-11.0,left
42.261942870787585,296.83341295414755,-248.5784627660846,30.926371626536298,291.8026774193165,-225.83028790133915,0.43751264278245433,0.19416845887671905,-0.8779984606950929,60.91193989228129,-284.63801363831624,-17.0,-13.0,left
12.694173835047877,296.6767993644679,-257.4326264916943,4.90114452017842,292.31171254486475,-232.1892304413426,0.2910331040171575,0.1630155251680548,-0.9427224782088957,18.823956536956587,-303.8836897728033,-17.0,-15.0,left
56.45234006331095,295.31117600491916,-242.71842033865045,43.30214314628843,290.02797158922033,-220.7362594487714,0.5027900124052361,0.20200020048901796,-0.8404749386078916,79.51178200638589,-274.7639815456872,-17.0,-12.0,left
-1.705915280767428,296.54848975128897,-258.0226858952661,-8.196796500992818,293.2363065347056,-233.00784693266812,0.24912573049396639,0.12712450518891744,-0.9600915219843994,-2.7021098671484935,-310.0458299189664,-17.0,-16.0,left
87.99434125052474,272.92242738134433,-235.655062542479,71.47633988378487,269.9208515233827,-214.33987237008463,0.6087825549041133,0.11062518878511599,-0.7855863214508497,130.42152247599938,-262.9833058880656,-18.0,-10.0,left
103.14789375479913,251.8478627976083,-232.96675115555155,85.21378540096947,251.3692048030743,-212.00050461313558,0.6499209888415337,0.017346269521004962,-0.7598038004622956,160.84346016884882,-259.6880993353142,-19.0,-9.0,left
69.90102070383784,292.16565583681177,-236.04289512015163,55.45941956580194,287.1894616956915,-214.83478878536033,0.55254958375217,0.19039398575440464,-0.8114425966658735,97.07395396487198,-264.62866223109677,-17.0,-11.0,left
35.502160755833394,310.44850269378924,-241.05443055158352,24.79634649759953,303.6433272070118,-219.21611382349005,0.4239014158427339,0.2694539111478211,-0.8646977387582714,43.73836855185603,-275.83960771743824,-16.0,-13.0,left
20.98308507418494,310.50428115732313,-245.99671353827245,12.037858640194406,304.09491527336615,-222.693326933462,0.3471042457165289,0.2487045048092401,-0.9042481472987104,24.129494398452294,-285.81032186568547,-16.0,-14.0,left
5.832237452400788,309.9689610101706,-249.55912493691767,-1.3625982555061937,304.17646303494166,-225.4198086988711,0.27837128348032686,0.22411423434583774,-0.9339605122793438,2.017188574412657,-295.5396563115149,-16.0,-15.0,left
49.735888493233745,308.93433261355756,-235.31221315004566,37.3638524791094,301.9112054361731,-214.0989763078981,0.48438036114595195,0.27496402974189194,-0.8305242007817817,62.57133686733894,-266.0380365809122,-16.0,-12.0,left
-11.277860614413974,308.3090352898882,-251.91939062433124,-16.564044304473782,302.8230104128655,-227.53957079227266,0.20695694648399138,0.21478083688593685,-0.9544831137367485,-24.66485316974635,-306.0719281325402,-16.0,-16.0,left
99.72774235464192,267.5423178166194,-227.2394518155613,81.71756072010771,264.9764285637567,-207.11004611802747,0.6637994377838347,0.09457071994209719,-0.7419074641270961,145.72465659521635,-250.6564713986157,-18.0,-9.0,left
82.92381505333981,288.2210601968777,-228.56303459950882,66.63216539721103,283.2523857992144,-208.56249311091494,0.6201553281392408,0.18913676432642731,-0.7613374109819117,113.62012399514775,-253.65447020312257,-17.0,-10.0,left
113.68615338903673,244.92007942776684,-224.02741502461066,94.12917395349862,245.6185434912965,-203.9125944111949,0.6968790173852559,-0.024888554588699277,-0.7167567195210978,175.17207707533532,-245.86434575615704,-19.0,-8.0,left
63.4696809301332,306.1539338724256,-228.75417813288482,49.21257173010927,299.25224316491096,-208.18800710147156,0.5492179714881857,0.26586964559503407,-0.7922581342880447,80.30660387669397,-256.0244179016927,-16.0,-11.0,left
-1.3723060524753592,322.5726537268025,-241.99180564975626,-7.480330124721661,315.17992524944464,-218.7966182776985,0.2433539249626125,0.2945387034937298,-0.9241351737432808,-14.684590258878998,-287.5504756923046,-15.0,-15.0,left
13.582778623093821,323.1631352176433,-238.14035531813843,5.694996956490359,315.15431995716636,-215.524073806202,0.3123159032822442,0.3171082159749411,-0.8954893388076632,6.854304829110006,-277.623505599328,-15.0,-14.0,left
95.07372264657604,282.98704340371046,-220.63593062161567,77.19542020170834,278.6581398827466,-201.2819825624937,0.6695719129250614,0.16212457644332381,-0.7248372749348276,129.38466584808555,-242.16410916393258,-17.0,-9.0,left
28.10227356785257,323.17322604995854,-232.9715342758422,18.0826243366696,314.4922801229817,-211.42058436268394,0.39600089147204226,0.3430920830247026,-0.8517459225139375,26.39748334418391,-267.31747107809633,-15.0,-13.0,left
-15.853749831586285,321.06664287339595,-245.26928591708122,-20.532478491040877,314.0499418693706,-220.80115991300588,0.18078018172281587,0.2711164880312233,-0.9454175669056935,-36.479330545932626,-297.6899039242913,-15.0,-16.0,left
110.67781532569418,261.29631540840194,-218.32450893595953,91.1739904496508,259.4132356249551,-199.0929273626673,0.710382146199722,0.06858686778270692,-0.7004663074898281,160.57223314470542,-237.4780280099365,-18.0,-8.0,left
76.68843981428459,302.52334014342534,-221.15340870033526,60.82731928775802,295.6223981035672,-201.8821881076147,0.6125043621454791,0.2664917081524674,-0.7441912226294664,97.02652864823924,-245.08883954753938,-16.0,-10.0,left
42.19990375394279,321.88590903739225,-227.1774512975545,30.61723882222253,313.2455381718001,-206.58971422336606,0.4604899933016798,0.34351372032909433,-0.8185030788058673,44.99780168489929,-257.34827795264493,-15.0,-12.0,left
-29.55046135642752,318.0472282386088,-245.61380974574027,-33.18547540446243,312.1063634717321,-220.7505227608649,0.1407809996210373,0.23008463500889065,-0.9629339390002447,-55.833844569045766,-304.77927105973987,-15.0,-17.0,left
122.9811567604408,238.05746160476752,-213.52387771849138,102.90874799222499,239.66373260441654,-195.05132570970437,0.7345502464402416,-0.05878152304821127,-0.6760034526559113,188.91349591731048,-229.2243579448618,-19.0,-7.0,left
56.16278631188482,319.3893730043473,-220.76933871018235,42.81671101372057,310.7957650151576,-200.93037545892605,0.5252763635073687,0.33822820965129297,-0.7808241928478878,63.00741019013828,-247.26582711993538,-15.0,-11.0,left
89.31928591359915,297.67684702759124,-213.25572157965854,71.86601141288162,291.33410108701935,-195.12393001231698,0.6724700582674108,0.24438432639424817,-0.6986131416933514,113.15757905924107,-233.871675021435,-16.0,-9.0,left
106.28769901967739,276.8467993251214,-212.04594934759388,87.0885171867815,272.9670745158952,-193.58346359105485,0.7132737894777283,0.14413666378564305,-0.6859046022566301,144.6560188786989,-229.73965017076466,-17.0,-8.0,left
5.355775086607196,335.23232482751746,-229.70751505179564,-1.4800778793382379,325.6012824266737,-208.12820319475654,0.27788190919585676,0.3915081941091109,-0.8772131887329833,-9.86309408037198,-269.41954718298064,-14.0,-14.0,left
-9.432646493965901,334.2600485700277,-233.89043678034136,-14.39428543464049,325.1233402761136,-211.17500847148358,0.19861051951628952,0.3657352746986371,-0.9092807984217979,-30.58133582742822,-279.5745568122483,-14.0,-15.0,left
120.7595213422479,253.87450097593978,-208.6364955599829,100.02011450544835,253.10139236361715,-190.74306675918228,0.7568443687864534,0.028213097139232694,-0.6529859283216194,175.7199934213028,-222.30319083214317,-18.0,-7.0,left
19.92308698040741,335.0825752044981,-224.77770654438802,11.090153085030506,325.0927845732319,-203.91265576366249,0.3567102589611588,0.4034288997579632,-0.8426167064519562,9.825988264592688,-259.1870274338743,-14.0,-13.0,left
-24.44973701677977,332.1455586620996,-236.8894622202866,-27.775258798519516,323.5462697723501,-213.1646806814182,0.13065172554192853,0.33784530838091126,-0.9320894132098719,-52.42241277666747,-289.9381160739337,-14.0,-16.0,left
69.45211194926719,316.189985320011,-213.47848341196908,54.2961124941375,307.61862722540076,-194.42686414571824,0.5872227895104033,0.33209930002379495,-0.7381595020070703,79.64181960568669,-236.74642777700257,-15.0,-10.0,left
34.063725389067656,334.29199977544795,-218.7600962832827,23.297422203348148,323.8015638487926,-198.9218912473982,0.4325536921105361,0.4214702775547484,-0.7970320624538682,28.101624397853207,-248.80023922972396,-14.0,-12.0,left
100.86273873166206,291.7787192550144,-204.7197264270083,82.05418032715718,286.0756561908455,-187.42704665247342,0.7184684062070951,0.21785139201474196,-0.6605633355549456,128.70828620699442,-221.9596372581954,-16.0,-8.0,left
116.84966508884527,269.4816014266354,-202.783569391683,96.44596600456569,266.5317950203885,-185.58849451714246,0.760040618914319,0.10988069748630548,-0.6405189223748678,160.0176674065454,-216.2582160120466,-17.0,-7.0,left
-40.077580040052936,328.3881720386052,-238.47804569791876,-41.94553524012199,320.9547215133059,-213.8869953409604,0.07251993091725081,0.288590068194129,-0.954702378838277,-73.26652077536917,-298.95348470947164,-14.0,-17.0,left
131.34931445519874,230.8473623015639,-202.52230656553292,110.4723902635507,232.9127202685467,-185.84775569408805,0.779037264298102,-0.0770703004726276,-0.6222227170555478,201.56590398610604,-210.6576816376184,-19.0,-6.0,left
47.97595777035933,331.93420424860545,-212.17575231505134,35.53355436748824,321.6648767378484,-193.37274899659252,0.5022059358892901,0.41449525999963494,-0.7589353578503226,46.0491283812085,-238.5403255402622,-14.0,-11.0,left
82.30220694074592,311.62843226214335,-205.51546750330607,65.52246315807753,303.582553072691,-187.74549316854325,0.6521297890973121,0.31269592473393704,-0.6906142170754112,96.05390829140049,-225.61705825291995,-15.0,-9.0,left
129.75047508925422,245.44361875801764,-198.56121612129976,107.82738879072656,245.66631646064747,-181.68814355240247,0.792438269604356,-0.008049696092684714,-0.6098990008675776,190.54924565655148,-206.4998893949243,-18.0,-6.0,left
-3.858396316268008,346.3769142287107,-221.08527745351887,-9.476939468615551,334.97395602672566,-200.2247519261864,0.2299984751651189,0.4667870171527187,-0.8539382776520723,-26.747211587683495,-261.4623942610491,-13.0,-14.0,left
-18.911986494672938,345.02468026264114,-225.62007279451214,-22.305966927014744,334.1259249519984,-203.28632241617328,0.13531628058869047,0.4345278533809441,-0.8904353142389353,-47.22341568616933,-271.80443441234917,-13.0,-15.0,left
10.89323425947493,346.4010899850022,-216.03056413868393,3.200013503452852,334.97442285094326,-196.15717911461562,0.31815554283958475,0.4725533817599108,-0.8218700334893111,-7.121331902917504,-251.0706571807898,-13.0,-13.0,left
61.54195360930458,329.0215869838935,-204.78726779536953,47.326562455757674,318.8464255758654,-186.9665867115756,0.5694417401619914,0.40759776189281605,-0.7138628503159763,62.968739000100015,-227.8276622821847,-14.0,-10.0,left
-34.15559202171027,342.32856150059195,-228.65586489393053,-35.94129108366266,332.29106959666615,-205.24112295553743,0.0699231794649137,0.3930412255514381,-0.916858410001534,-68.54665942892285,-282.3409255335,-13.0,-16.0,left
111.87618191401901,284.83342270403864,-195.72426430263377,91.52652481978122,279.8634816828898,-179.42102864248147,0.7666275729135682,0.18723135259344348,-0.6141877441423602,144.2578520375117,-209.04535826693245,-16.0,-7.0,left
94.50011794811765,306.21338650866824,-197.1278997492588,76.06491047385065,298.61760611241016,-180.678619529324,0.7132093559825128,0.29386062794040885,-0.636379089761345,112.0492373396209,-213.96147275732193,-15.0,-8.0,left
126.52655647377966,261.26468582807007,-193.10571788449215,104.65130169760701,259.2589777022547,-177.0460531832854,0.8038991973755857,0.07370826849838304,-0.5901806262610283,175.31565941051412,-201.13991320739854,-17.0,-6.0,left
25.364602304455726,345.7161473094893,-210.18095097538912,15.654694003575681,333.7629695332421,-190.88579404675977,0.3933155798893478,0.4841828473456378,-0.7815816175887051,11.541754105004763,-240.582721457197,-13.0,-12.0,left
-49.66913707585403,338.28333498802994,-230.19023007296028,-49.97327437365633,329.14120475949466,-206.2240542956572,0.011856068222668126,0.3563841740991868,-0.9342642849311643,-90.53006837679327,-292.5618319442639,-13.0,-17.0,left
74.81301768276938,325.05142893578966,-197.02161895376804,58.718306335932965,315.28506729436754,-180.27901409227178,0.6388317611312085,0.38764671653836935,-0.664547969771197,79.4957897356688,-216.82895976107227,-14.0,-9.0,left
39.25448924795785,343.8315476561902,-203.46837068233216,27.79848571123203,332.0841658086177,-185.47639937162694,0.4704607096206367,0.4824266667233504,-0.7388715936733828,29.145535210763235,-230.04970722254464,-13.0,-11.0,left
105.84692334592961,299.87576608005804,-188.50026832794464,86.13553274270099,292.88759142525396,-172.81845751266624,0.7540738408569249,0.26733779511547995,-0.5999192827690062,127.51052209599942,-201.81997750465263,-15.0,-7.0,left
137.36913580498614,234.53919746736733,-188.80546024339387,113.97457948843024,236.17901884834333,-172.48948446534166,0.8188702549525012,-0.05739800892766261,-0.5711015444955175,206.9938051862634,-189.2573277333965,-18.0,-5.0,left
-13.749996524192595,356.8095809494873,-212.25726449544942,-17.69191206446437,343.91104442068956,-192.30665179172752,0.163687898390017,0.53561125679527,-0.8284484615924221,-43.57677064238979,-253.31470124186473,-12.0,-14.0,left
122.07180067353688,277.0049785585318,-186.62630137493687,100.370609171405,272.85705641940444,-171.25738069732566,0.806323169426492,0.15411899044469052,-0.5710431535622558,159.3090652142065,-195.74797825458842,-16.0,-6.0,left
-28.70773905592784,354.94754533926334,-216.80071919366563,-30.553521000763553,342.6712558366801,-195.20273650321528,0.07409331716926904,0.4927944031100755,-0.8669854996562738,-63.265797457933026,-263.62385064157206,-12.0,-15.0,left
53.10288349933186,341.0203540024684,-196.18060641059964,39.57718971092544,329.3294402206259,-179.1560128348827,0.5478825022770115,0.47356144512091225,-0.689611717848293,46.47862941870569,-219.25017734901445,-13.0,-10.0,left
1.253553169567874,357.236789740167,-207.11864792579618,-5.23628898568548,344.0796936673392,-188.04405551003288,0.26969296136455473,0.5467584754687091,-0.7926669389431793,-24.144443397964757,-242.91606282020393,-12.0,-13.0,left
87.1639244668782,320.0372042993547,-188.8982540142651,69.35901201923926,310.5428883867562,-173.16370442275843,0.6958373388447494,0.37104925610852774,-0.6149250746316706,95.47286885290924,-205.61261267524432,-14.0,-8.0,left
-44.02179111137127,351.7582033083337,-220.27104001679055,-44.25959093458666,340.2431564071501,-197.37065725669217,0.009276887204298844,0.44921728624555957,-0.8933743723109443,-83.72338114587953,-274.21091743445817,-12.0,-16.0,left
135.08976818616225,251.5696469980848,-183.09657156739559,111.76565613937518,250.81635838893072,-167.81026965194718,0.8360741743479676,0.02700232063200818,-0.5479515030263634,190.9434311703428,-185.4774673132471,-17.0,-5.0,left
15.827787231898236,356.4027125213263,-201.20153379818782,7.194303378911939,343.24275109593776,-182.79349721099882,0.35647034257274723,0.5433653479214811,-0.7600545990547233,-5.368624415818417,-232.5151877263404,-12.0,-12.0,left
-59.736460867048784,347.58429342016854,-221.88251504854622,-58.40774115221768,336.76643360488123,-198.76601351963376,-0.05199028311570993,0.42328234331522663,-0.9045048746685221,-104.63375325031605,-284.14898869728603,-12.0,-17.0,left
66.44482755998757,337.5537333908859,-188.13685984997426,51.14884138582002,326.13408952687814,-172.47929432374787,0.619552656372088,0.46254426554842665,-0.6341981617685091,62.88419899812281,-208.0149796445868,-13.0,-9.0,left
30.053087391725242,355.0681413195767,-194.7055505846501,19.596969169600456,341.73787243990375,-177.18132033761412,0.4289745492320969,0.5468899607218021,-0.7189521590292535,12.337006737412281,-221.84445506614625,-12.0,-11.0,left
116.56234552960113,292.13139545521113,-179.40848794968412,95.27876488650776,286.2548778342429,-164.76137115434386,0.8032613460496898,0.22178502449659226,-0.5527952720958154,143.19037149717096,-188.78334581959018,-15.0,-6.0,left
99.16253578800047,313.97959260865036,-180.36713072030315,79.8930202676789,305.3270835876111,-165.5533372663637,0.7468868326093814,0.3353714342238041,-0.5741829502705516,111.4761999769498,-193.75007503457945,-14.0,-7.0,left
131.26376333722044,267.75144852193876,-176.83307097881146,108.28273932810052,265.0326120123493,-162.71013208867828,0.847681138735834,0.10028736872520219,-0.520940621093897,175.12268937064238,-180.6601645795176,-16.0,-5.0,left
142.47638140107202,225.1066351300599,-177.6407255320775,119.87372163323185,228.14383296650075,-163.53298454630723,0.8428589286160986,-0.1132578794138207,-0.5260812477201663,219.2567724336404,-172.36888757789706,-18.0,-4.0,left
-23.83534216137754,366.18526662148815,-203.04330009713783,-26.47135368683922,352.0857918385277,-183.9198339442577,0.11027013820787758,0.5898119253113769,-0.7999764930172025,-59.449040452087395,-244.83974927530403,-11.0,-14.0,left
79.28103101059766,332.84897211196585,-180.0848222525446,62.18869297442997,321.91086466968585,-165.34835470258494,0.681541237746736,0.4361469606465697,-0.5876030717835014,79.26601109236493,-196.86074988823307,-13.0,-8.0,left
-38.931247014080796,363.91285814923015,-207.76502805923627,-39.49276820749936,350.51029194193904,-187.11655735008748,0.02280453074049357,0.5443057833933679,-0.8385768703835313,-78.63705675621739,-255.02721592573528,-11.0,-15.0,left
43.937101338530894,352.6048810181062,-187.36596381705544,31.317549057470497,339.3641393090443,-170.81292553526623,0.5115492568736036,0.5367299434141897,-0.6709980071763736,29.53701308090185,-210.89126400499885,-12.0,-10.0,left
-8.891162155976318,367.1565456157381,-197.9369073466952,-14.049577996297145,352.5657523293418,-179.71426607614075,0.21576623138768833,0.6103037401045789,-0.7622166871743999,-40.74338237063626,-234.5241633484369,-11.0,-13.0,left
-54.26073860838726,360.27452598876295,-211.14260316041265,-53.00413229143467,347.43237397618645,-189.4095592241348,-0.049717381098138475,0.5080972116055207,-0.8598635970753951,-98.3031411668572,-265.2346899631959,-11.0,-16.0,left
142.0078512105527,241.10997579988128,-172.8694561271634,118.11622631263558,241.51456240728123,-159.04475093448968,0.8654477911771549,-0.014655704131060198,-0.5007847153048968,206.88336292999918,-168.33324431943524,-17.0,-4.0,left
5.9047928674721,366.80708049178054,-192.10380790599322,-1.4739801444001812,352.11114235751427,-174.78268902918649,0.3089441016701424,0.6153087237926635,-0.7252232183734001,-22.152011101479815,-224.2489056297522,-11.0,-12.0,left
126.3365604713974,283.6461049158561,-169.9883011331762,103.850915286594,278.70997603800674,-156.58520551237922,0.844101555102414,0.18530017830195486,-0.5031465080818409,158.56549836034165,-175.17362448133727,-15.0,-5.0,left
110.23077966912994,306.8018080720842,-171.34169167474826,89.61139437605195,299.2249578957902,-157.74769972466913,0.7981678310105641,0.2932967198170928,-0.5262177759107206,127.11660410620871,-181.1702684547652,-14.0,-6.0,left
57.54014789109493,349.48630267813775,-179.45994291691375,42.971471069702844,336.5453967303213,-164.1965404367711,0.5885746322194417,0.5228126790236992,-0.6166415530596452,46.14458834809752,-199.61490959619726,-12.0,-9.0,left
20.217304618725265,365.6691942480678,-185.439161322782,11.015322879876551,351.0847730280892,-169.1260249361143,0.3876451178215144,0.6143871877412064,-0.6872115003174756,-4.536517635710908,-213.49933439868278,-11.0,-11.0,left
139.23543643743403,257.6960339679881,-167.2317320758902,115.19763741713078,255.99378968606965,-153.90760578479217,0.8729506744291091,0.0618182759864457,-0.48387562530863976,190.56239989403062,-165.70664603537463,-16.0,-4.0,left
-69.89167216381873,354.94764066588044,-212.80835845649744,-67.15307519357137,342.7646211624975,-189.49493270190817,-0.10355053892514761,0.4606585959952108,-0.8815162754164173,-117.59359028124891,-275.34181365201425,-11.0,-17.0,left
91.35835893511208,327.25632633811045,-171.5209170061061,72.68885103690982,316.81153104405536,-157.74651438848576,0.7337595291640875,0.41050723559345303,-0.5413693405488694,95.15902943302179,-185.18454836475712,-13.0,-7.0,left
70.53852181877306,345.2441813358263,-171.16221221455191,54.373057882811516,332.8077538770078,-157.11942416741005,0.6528174538437088,0.5022260382219546,-0.5670964454913265,62.54315000038742,-188.25118337023738,-12.0,-8.0,left
34.38723387326934,363.7676207867326,-178.24625707280714,22.846154757741367,348.8503592254665,-162.62692322081617,0.4712863934689154,0.6091546840002728,-0.6378241970101091,12.691005898517318,-202.4465033020913,-11.0,-10.0,left
-49.75629886946504,371.6637572166353,-198.39330349571088,-48.75689055270062,357.05539362880677,-178.9027303087481,-0.04099636726150495,0.5992444016026561,-0.7995157565797151,-93.71559555720513,-246.1201533764017,-10.0,-15.0,left
-34.61098660556739,374.37966696221105,-193.83461493906108,-35.9032016608877,359.20716957115957,-175.4489069482842,0.05412926527147524,0.6355568546656615,-0.7701542099661999,-75.0920884629271,-236.34874650240113,-10.0,-14.0,left
120.4313710170704,298.5903534717903,-162.05827927160374,98.47368472784723,291.7986191766945,-149.66363940222232,0.8408681561892551,0.2600890193447875,-0.4746519208042346,142.70356927491935,-168.00415971778352,-14.0,-5.0,left
-19.47832046789438,375.8844170648776,-188.782693947187,-23.405465870074117,360.1851092172198,-171.32218547934104,0.16495950681081045,0.6594484834667166,-0.733427609765396,-56.75408715709253,-226.22564086440224,-10.0,-13.0,left
102.8624482167051,320.6746845763313,-162.8039262090785,82.91735982867094,311.090920381252,-150.18951952033086,0.783046933487277,0.376259910120242,-0.4952433543142999,110.80357256648492,-173.17730102900705,-13.0,-6.0,left
147.78778747118588,229.23919918077513,-162.49345135732597,122.66172801434871,231.23699763854697,-149.78663147611235,0.8901372748495612,-0.07077571705800341,-0.4501626703740796,224.2029645838467,-149.7345593011674,-17.0,-3.0,left
-64.8179288492548,367.45857185329487,-201.82592628252684,-61.9788702683596,353.56143824534786,-180.75154881191617,-0.1117601057541928,0.5470634287562235,-0.8295970610358357,-112.1493213464527,-255.90040988868418,-10.0,-16.0,left
135.07167093979928,273.779416783627,-160.3167945217266,111.29668877555295,270.0740751804012,-147.76585508233683,0.8760567252694691,0.13653383243367093,-0.4624750011742345,174.5513398440393,-160.3265969130114,-15.0,-4.0,left
-4.594877284629531,376.42596521014184,-182.71800121266946,-10.791524947151576,360.13189836901944,-166.18606971434593,0.2579251616055761,0.6782134554182591,-0.6881141765000651,-38.78706925894832,-215.67531221088478,-10.0,-12.0,left
48.006351122752164,360.9047931294608,-170.2184847117997,34.34644048124093,346.0058682905344,-155.66801496350428,0.5484681555302501,0.5982166384717835,-0.5842255864174083,29.223866976924917,-191.0378471102907,-11.0,-9.0,left
146.11198117529594,246.69633485755568,-156.8518973223579,121.16123925301268,246.2375847117863,-144.91278599837858,0.9019236543350034,0.016582978141003395,-0.43157702277457755,207.17333174741216,-148.32585094438735,-16.0,-3.0,left
83.09657966387935,339.9861090835734,-162.77915434661924,65.00184738573327,327.9080929495163,-149.5818036000402,0.7111202546420089,0.47466421590521485,-0.5186538976783767,78.77046092236887,-176.77582446665713,-12.0,-7.0,left
-79.90578704717399,362.4860605097377,-203.01398357288684,-74.62208062361881,349.7495853070637,-180.89332798040152,-0.20270157753338416,0.48861602232240103,-0.8486262152416177,-129.5932629623298,-264.4048077793161,-10.0,-17.0,left
9.975595763777559,375.86523498114286,-176.0954227087443,1.7390359663720418,359.32484830376217,-160.40884270664304,0.3398162169014227,0.6824076756614693,-0.6471821250074171,-21.309226248143958,-205.00843126275794,-10.0,-11.0,left
129.95632020449517,289.4894360479077,-152.6495484928074,106.39262894204583,283.77584571538364,-141.14398549158673,0.878001924085762,0.2128929313120057,-0.428706450965088,158.3124921200095,-154.37699396915528,-14.0,-4.0,left
113.85303625461276,313.30715584090353,-153.8640179855231,92.16360731194632,304.315644991967,-141.99790267225336,0.8244587596055786,0.3417853877614793,-0.4510548773956068,126.3637346432225,-160.53295528958856,-13.0,-5.0,left
61.175867392417814,357.08752796580717,-162.027622528666,45.75180887003652,342.79818456224166,-148.66912111877207,0.6191772725724416,0.5736257200160526,-0.5362583691335898,45.63227897073382,-179.68479745833392,-11.0,-8.0,left
24.137537389044866,374.232159574119,-168.94091116060244,13.758944290252522,357.62025017436054,-154.13342092754903,0.42267264327540616,0.6765271158635646,-0.6030413734793894,-4.273352518281726,-194.1121247266607,-10.0,-10.0,left
142.74305723730885,263.17422784927453,-150.35012959226952,117.82326072922076,260.6195109189201,-139.0326935875604,0.9065597842035461,0.09293830422457663,-0.4117181429967349,190.60146665734476,-144.9188833371779,-15.0,-3.0,left
94.81447488756251,333.84315925274905,-154.00670192163616,75.46800266474554,322.31984954256615,-141.94333544207277,0.7573194188086846,0.45108100908319,-0.47222158055278185,94.45088372450954,-164.88814178745926,-12.0,-6.0,left
-46.37505850765663,381.67948646031346,-184.59027890693739,-46.01253505732473,365.49546661620946,-166.85664123500328,-0.015098122847193952,0.6740207276081035,-0.7385581259732599,-90.91969504247581,-227.6069117446428,-9.0,-14.0,left
-61.47565042434829,378.25038037551127,-188.99414865359802,-59.04383296597513,362.5431451262686,-170.06661283143933,-0.09839025787499352,0.6355077850744782,-0.7657997207266551,-108.74993372017258,-236.91894247616142,-9.0,-15.0,left
-30.970874988063205,383.8614323408688,-179.29631204417615,-33.01072728578335,367.2043217209067,-162.80828688652855,0.08670608912302376,0.7080281839820973,-0.7008410267642754,-73.00888741377837,-217.449100006236,-9.0,-13.0,left
151.26222623420233,220.14655858807686,-150.97911679843529,127.02224883309867,223.67077603351913,-139.59578196231536,0.8974219046101851,-0.1304749538258748,-0.42143826540783375,235.32853038141013,-132.48661236077123,-17.0,-2.0,left
-15.855785609874566,384.8941251306336,-173.41642346485554,-20.246284937053943,367.6920804079708,-157.76844538670701,0.18552483228397704,0.7268891814553048,-0.6612205792995551,-55.26197898037367,-207.26675492093307,-9.0,-12.0,left
38.127895858658945,371.7409045577315,-160.9991612037801,25.73526287509513,355.43759879463244,-147.50795254909275,0.5053430136680142,0.6648112372893263,-0.5501403978174699,12.510250954009614,-182.6241769931038,-10.0,-9.0,left
-76.4690561450756,373.41198287285886,-191.94999888848807,-72.01984889857948,358.8201113091943,-171.4764632662167,-0.17425992966407666,0.5715127148446362,-0.8018769816401919,-126.33923187469259,-245.87102146816324,-9.0,-16.0,left
151.19828675680853,235.47346991836315,-146.53438446708736,125.78837327450086,236.36921611603623,-135.35414281290156,0.9148405180665705,-0.032249811322890676,-0.40252549754435046,223.89263039655103,-130.6570346247115,-16.0,-2.0,left
74.12298310250374,352.20942796101906,-153.88129170577471,56.65881186897709,338.21545456189597,-141.16946128398405,0.6785494841203991,0.5437190980205509,-0.49390296622682783,62.11752425593653,-168.37593426967712,-11.0,-7.0,left
123.83513902835864,304.51483041089944,-144.4174266717917,100.82241688392749,296.75657788195645,-133.74247368664555,0.8674906683882131,0.29245613055324454,-0.4024044631477077,142.20222789512286,-147.13383008097728,-13.0,-4.0,left
138.260812313573,279.1877440502148,-143.11516887675526,113.53791284044422,274.5137280136726,-132.38996375492536,0.9038993943601038,0.17088773382959604,-0.392126596014632,174.37322872701228,-139.80563172142124,-14.0,-3.0,left
-0.8795182189404214,384.8431524174,-166.80577113543097,-7.82036259443802,367.1607972500051,-151.66896969296397,0.2857588164757403,0.7279933984654733,-0.6231913916262602,-37.71490609321154,-196.59992752738472,-9.0,-11.0,left
-91.37721445233342,366.9331268588734,-192.577130063589,-84.78525586832829,353.8026724901426,-171.77145458555077,-0.2588090782928567,0.5155191358427667,-0.816858544408473,-140.83350494815141,-253.66017016671537,-9.0,-17.0,left
106.23095215885417,327.0148655558555,-145.04370667805938,85.00570034427616,316.06645978452707,-133.90898311426355,0.8054900870607181,0.4154877593426921,-0.4225584474168111,110.1188981505072,-152.48323628856087,-12.0,-5.0,left
51.499920798329256,368.20574023404646,-152.69164208440583,37.06950334601662,352.22956876820933,-140.27372851802926,0.5806270608285001,0.6428225317913131,-0.49965128725448427,29.020776338090005,-171.06937480777015,-10.0,-8.0,left
149.3755500765089,252.08201544943068,-140.35258499117765,123.41374835714984,250.7807831903138,-129.95910154990995,0.9273652176024343,0.04648050047418014,-0.37125909585740735,207.24047754683116,-128.19197631648427,-15.0,-2.0,left
13.693278695079032,383.80023319834424,-159.5781705912599,4.343374563147352,365.72732585377605,-145.3814517120413,0.3768415046842001,0.7284161956790183,-0.572189065099862,-20.602813747751384,-185.66082432089615,-9.0,-10.0,left
86.18912693709993,346.2038844409209,-145.00563370954472,67.30113452983994,333.08925340330177,-133.40774360325253,0.7334045751340392,0.5092298957345902,-0.4503361438554514,78.14783518640064,-156.52349012712583,-11.0,-6.0,left
-58.199431672047076,387.98171153155624,-175.20358685871605,-56.23848825684142,371.21523321614427,-158.15446939229918,-0.08173205313013869,0.6988262312183304,-0.7106066211711772,-105.86501417290721,-218.3202057362185,-8.0,-14.0,left
-42.818381210662025,390.9708959681519,-170.01739846723314,-43.08103248969448,373.31884729411956,-154.2762940314047,0.011104534681894308,0.7463043295633758,-0.6655122365399895,-88.69532786173787,-208.50426654511847,-8.0,-13.0,left
-73.37656780367487,383.464277538483,-179.54170766145458,-69.20292500594513,367.64081108876593,-161.06215927177152,-0.16908358084494993,0.6410439269391767,-0.7486477318626223,-123.07396086992046,-227.46609351151562,-8.0,-15.0,left
132.8618318197741,294.64760778323284,-134.85915248183082,108.5435698726653,288.1673120857896,-125.13631602456867,0.9013531658082296,0.24019130376043815,-0.3603756485742941,158.16572540372866,-133.4240924392022,-13.0,-3.0,left
64.49203631678913,363.73909237122217,-144.48696942253738,48.25618891075381,348.1751758638385,-132.83246043128503,0.6409446231164312,0.6144187211523325,-0.4600865409851371,45.39374218315089,-159.69975855840843,-10.0,-7.0,left
27.66455606251428,381.65528989428697,-151.7097396083973,16.428634603913373,363.8701772264965,-138.83668448390551,0.45557500106688215,0.721120448594893,-0.5219547078255073,-4.0310168002533615,-174.3504482531032,-9.0,-9.0,left
-27.511021234398484,392.66312332314607,-164.0671119559255,-30.327201011291045,374.2950124752862,-149.2340004113117,0.1184419874296471,0.7725201253128586,-0.6238462563807853,-71.34089844313013,-198.4438281326023,-8.0,-12.0,left
116.75445163044392,318.81249607539036,-135.8068977154303,94.14357822548105,309.00861347513535,-125.80092763924895,0.8500765992138228,0.36858599093686945,-0.3761836556180337,125.92266367740979,-139.583912562222,-12.0,-4.0,left
145.6700731804233,268.2570277836195,-133.23450119762973,119.94237509226016,265.0169662501266,-123.65460033426797,0.930681589112263,0.11720697306379142,-0.34654625254458676,190.65155514748974,-124.60046109195827,-14.0,-2.0,left
-88.77431507460058,377.3230997551496,-182.83754865348507,-82.11715262586829,362.59939773809015,-162.69536649652827,-0.2578025557905863,0.5701840746607834,-0.7800179249421565,-140.24499616380203,-236.62104556679284,-8.0,-16.0,left
154.47943432479684,222.4821604559069,-135.84972378295703,128.1452778664791,225.82879280543682,-125.24126868591664,0.9211875105263404,-0.11706757828336102,-0.3710912995007463,242.1939389734277,-111.55296613769373,-16.0,-1.0,left
97.77209602402817,339.5769724167021,-135.86616728477298,77.60932088913921,327.28560149281446,-125.58653875384773,0.7828884224821526,0.4772543426373137,-0.3991415918909378,93.9773315299748,-144.169166805749,-11.0,-5.0,left
-12.305078394506832,393.0697669290298,-157.51816782973083,-17.526055856091226,374.54182770180637,-143.4119896212137,0.21877339504959006,0.77637189546152,-0.5910878797234492,-54.001355773993154,-188.0928599250958,-8.0,-11.0,left
41.42336577559226,378.67900206282513,-143.45317145892164,28.103819027270973,361.34389495087885,-131.69881304902543,0.5366244622228332,0.6984053367053057,-0.4735653832424871,12.599813840101142,-162.68259603617275,-9.0,-8.0,left
154.3427814205427,240.17689118065192,-130.34014696478852,127.69632595201912,240.22258291327256,-120.64431468500894,0.9397218226143172,-0.0016113782303013523,-0.3419361045029093,224.4349067317022,-111.07646601647063,-15.0,-1.0,left
76.84970062138834,358.11406496833376,-135.70266373638893,58.974774556495454,343.2502224497845,-125.20328217219179,0.7007437837006626,0.582701444971903,-0.41160317738391566,61.55578931424479,-147.93886038958064,-10.0,-6.0,left
2.40573573945439,392.372671863581,-150.33230912246603,-5.242487458081248,373.48154574638386,-136.93388856980602,0.3135761918075108,0.7745338013533412,-0.5493335621392911,-37.03404686258427,-177.34665411434375,-8.0,-10.0,left
126.23832375008662,309.24366667018717,-126.12416450960662,102.49322380904692,300.7567951129596,-117.48493758206271,0.8908284931539651,0.3183960909698849,-0.3241119020340546,142.0865487417535,-125.96942050172515,-12.0,-3.0,left
140.8309239884729,283.93632000299027,-125.3766239604864,115.33231622224474,278.7821239708659,-116.64484198930117,0.929227864218753,0.18783074803947167,-0.3182062011501142,174.41865498619413,-119.00157956900264,-13.0,-2.0,left
-55.06204235833041,396.9803112600879,-160.83471644245537,-53.791907598619744,378.7825237655671,-145.9797860877328,-0.053990068038727655,0.7735397976253309,-0.6314437853387551,-103.92846366551004,-199.3711461965684,-7.0,-13.0,left
-70.27009321158435,392.8863928336582,-166.0026068737439,-66.6073562154717,375.52271780005844,-149.67135917769892,-0.15187459546068147,0.7199810208151747,-0.6771716450942061,-120.28172808863172,-209.10974114082927,-7.0,-14.0,left
108.82880109588488,331.9991432237523,-126.69990943956765,87.04921719748845,320.56955548497933,-117.6049765259912,0.830517797280682,0.4358428552590904,-0.346815792488819,109.82240034464442,-131.55831155749627,-11.0,-4.0,left
-85.62665039239977,387.0364270794981,-170.38037103129818,-79.39521548278879,370.7253003738376,-152.4545504394116,-0.24901473932208623,0.6518098998988218,-0.716334777875709,-137.13117661603155,-218.22855761136094,-7.0,-15.0,left
151.97682994404278,256.8847753614133,-123.57855947342307,125.1831150265411,254.62149929201365,-114.78269146193306,0.9470683563755233,0.07999925182716074,-0.31090456423034274,207.275853015913,-108.54907836163073,-14.0,-1.0,left
54.53757213568389,374.5009682273919,-134.81805335738954,39.310943373637976,357.60811066432666,-124.34660010669182,0.6081559348210972,0.6747055926570845,-0.4182328564079224,28.971979220627645,-150.90246757196883,-9.0,-7.0,left
16.68300008721176,390.73880480645073,-142.46969921532087,6.854195137994419,371.8338468805042,-130.25970538691047,0.40023107804773006,0.7698140038633138,-0.4971936077834122,-20.42083195375406,-166.15704251948063,-8.0,-9.0,left
-39.60805906036738,399.5230799330659,-154.77071232944917,-40.85810301010557,380.29551915630725,-140.82820567544331,0.052559278197379676,0.808440948123736,-0.5862258572190119,-87.06117286851601,-189.4065140472697,-7.0,-12.0,left
88.64651225898774,351.7145370151368,-126.36263504505638,69.56979965369538,337.7671383284454,-117.47846645973907,0.7556219132518004,0.5524515831726485,-0.351898809977702,77.52268446082938,-135.59113014186875,-10.0,-5.0,left
-100.93004791159235,378.50658640118644,-173.5660356941924,-92.538147061879,364.1607261714045,-154.40975478175682,-0.33089517219480025,0.5656615796620584,-0.7553379126671708,-153.64112407018868,-228.20620802479652,-7.0,-16.0,left
-24.243436499473834,400.61883224581334,-148.14224524087746,-27.88770617273649,380.97870090918735,-134.98854184878178,0.15236985851663357,0.8211697545233002,-0.5499669630730233,-70.1032251822121,-179.16412798713873,-7.0,-11.0,left
157.34923959826222,227.31065558237262,-120.52295173186658,130.28521449748968,229.28086176107823,-111.72751035816947,0.9487667161429977,-0.06906829414083744,-0.308336324625736,242.41509032213236,-93.70508637602502,-15.0,0.0,left
30.596756041012007,388.3619360274391,-134.0079182268999,18.558866018668226,369.5259460152249,-123.05568137075701,0.48358715707704714,0.7566810166757804,-0.4399742043718549,-3.9524723759748923,-154.34618957484975,-8.0,-8.0,left
135.162720188638,298.9286646042161,-116.79230932402635,109.92845485677374,291.70305517638775,-108.99388992118884,0.9215523195473553,0.26387838285706655,-0.2847973339018971,158.2729546986696,-112.48846498224887,-12.0,-2.0,left
67.11387664768395,369.14672473384013,-126.22850995365758,50.259031859640686,352.9135220015058,-116.55099232904536,0.6655929210227638,0.6410444569524559,-0.38216235776815577,45.25625058677761,-139.2695451403763,-9.0,-6.0,left
118.91965569073295,323.31968377900495,-117.14291800908373,95.8553329365791,312.8636178022398,-109.39395159047339,0.8709170240359445,0.39482476726821564,-0.29260372587507055,125.72038035519986,-118.3292745041625,-11.0,-3.0,left
147.90987629026205,272.64789394100717,-115.92836182174291,121.50187406926656,268.5753844628042,-107.82083382285279,0.9457400952652786,0.14584728786573195,-0.29035192582421765,190.67209178661977,-104.48479529773789,-13.0,-1.0,left
-9.35600677471069,400.31199439850565,-140.96745829935406,-15.357002771654324,380.57267767594965,-128.60342818888142,0.24949593024101538,0.8206769660443746,-0.5140438679698172,-53.31982411316788,-168.72594379553942,-7.0,-10.0,left
99.93825324464088,344.36782306046274,-117.14906458083493,79.34535914112185,331.5649522785826,-109.20365217131565,0.8070307472879853,0.5017415387362474,-0.3113788708926456,93.51816634593051,-123.13429819492774,-10.0,-4.0,left
-82.74012550604803,396.599641034012,-157.03090982352336,-77.16368420854661,378.83580982941623,-141.3364594773682,-0.22900353012634275,0.7294939258561931,-0.6445122150344339,-134.56444358582414,-199.84648500387408,-6.0,-14.0,left
156.68807383175667,244.646083946582,-113.6068601898973,129.46067667810922,244.01638952661034,-105.61586545876008,0.9592919495917168,0.022185770618206674,-0.2815435082373582,224.53767006185797,-91.73301229700874,-14.0,0.0,left
-67.51152880105872,401.7780195900389,-151.81178797813686,-64.55080017099488,383.1791471666732,-137.44282452425327,-0.12498523228846237,0.7851392952847953,-0.6065764409449924,-118.69977465520927,-190.24797826694368,-6.0,-13.0,left
43.97434680217983,384.674772874341,-125.41495623332388,29.93451794243169,366.31172176002724,-115.73072325297694,0.5602043103772133,0.7327055399805058,-0.38641133823513285,12.432678273440036,-142.55179774697305,-8.0,-7.0,left
-98.03259699725726,389.6135766632339,-161.36864795571321,-90.06846433586296,373.1380117456626,-144.04020004239106,-0.3160104495014639,0.6537373116133847,-0.687579030519683,-150.91379006229235,-209.03682459662207,-6.0,-15.0,left
5.241613787512351,399.06590923800604,-133.26864689850703,-3.2590483913685917,379.0458462682824,-121.7619713326931,0.3454675384634027,0.8136168369583691,-0.4676321444104286,-36.61115247043274,-157.77517988299167,-7.0,-9.0,left
-52.15726174683065,405.3098424614715,-145.61512665470855,-51.74064098618551,385.69775983323507,-132.6438784348197,-0.017715545602062954,0.8339448653829427,-0.5515633426411214,-102.48318755972306,-180.27414988735256,-6.0,-12.0,left
79.21659691837894,363.13085998055476,-117.05183304362347,60.830164475316494,347.55764329234444,-108.71018741477066,0.7210814640272929,0.6107524080010474,-0.3271437273694514,61.328907052022764,-127.09974936420701,-9.0,-5.0,left
-112.10020379830402,381.5327778090536,-163.56850879852905,-102.49792007452172,366.7227174565824,-145.7438699341889,-0.38278917419078584,0.5903940078334913,-0.7105683384704413,-164.03556334262345,-216.41914958132458,-6.0,-16.0,left
142.88596425951917,287.9499049116571,-107.52359983644422,116.78262589226664,282.08690653693407,-100.41755468765683,0.9429950655735231,0.21180350417421787,-0.25670913876118434,174.50251959099,-98.3982798375035,-12.0,-1.0,left
-36.74355942340562,407.2699836069337,-138.92453364777487,-38.74865185215728,386.816323822258,-126.77546223031368,0.08398610378176183,0.8567301780008765,-0.5088808666811376,-86.03957868053295,-170.1531216743229,-6.0,-11.0,left
128.14890489729015,313.33136102293855,-107.7072757405057,103.74787434122472,303.9640802246135,-100.95070002957277,0.9038611818821988,0.3469821274123159,-0.25027658129145497,141.9151488305412,-105.00732815798452,-11.0,-2.0,left
19.23233021439896,397.16430143594414,-124.80409594538989,8.849260023188087,377.0311876514209,-114.65452785998761,0.41829009131305106,0.8110782117675501,-0.4088832766270496,-20.321748763848184,-146.16828479864606,-7.0,-8.0,left
153.8736639857044,260.746424486947,-105.97569498143571,126.8537418502609,258.12068961452576,-99.02367401472787,0.9641973707699576,0.09369851799115754,-0.24808066818388286,207.57598119534154,-88.20226615686842,-13.0,0.0,left
110.62295185694464,336.3108824146944,-107.91835315546737,88.6062205597085,324.2109807560799,-100.9141570884307,0.8441772067134188,0.46394085687726594,-0.2685586062399005,109.37709729692098,-110.45668046967887,-10.0,-3.0,left
158.19250725995488,217.31006230296566,-110.09479697128583,132.06868575883743,220.99587188174192,-101.35147243614733,0.9399217289264458,-0.13261354245698115,-0.31458034243882976,254.36092755096558,-76.83158794207306,-15.0,1.0,left
56.79810904793243,379.77162532488876,-116.55421984828169,40.894867685999316,361.81011762795276,-107.89753333625151,0.6235524557927026,0.7042553136980476,-0.33942125449499194,28.746631570188285,-130.61236274660473,-8.0,-6.0,left
-21.779263998421094,407.55910760914423,-131.6199629951804,-25.999439861576796,386.66362326967277,-120.2828484840863,0.17478762489013303,0.865431251458356,-0.46955088668267875,-69.63643650048647,-159.82597872960463,-6.0,-10.0,left
90.67712691552097,356.15676125358885,-107.69910753293075,70.91424804544042,341.47085221491204,-100.61388945118466,0.7713476655348843,0.5731928899483681,-0.2765369591691538,77.29522159814691,-114.71576270095844,-9.0,-4.0,left
159.33850848269492,231.95061118130855,-103.65118228991786,132.26988224782536,233.36410686744932,-96.32798582199857,0.964073325239528,-0.05034291265930712,-0.2608221898278148,242.04363666486714,-74.61131117914377,-14.0,1.0,left
32.73935000628637,394.0612382352965,-115.92087258128552,20.292480769546422,374.25654734533697,-107.28956345373948,0.49921452916317627,0.7943193786169253,-0.34618142443812594,-4.10976976565091,-134.19889416991268,-7.0,-7.0,left
-80.414061930227,405.4724001888228,-142.9999943924807,-75.51071614626068,386.6832101211982,-129.10329110275183,-0.20534346440466314,0.7868581070623131,-0.5819693986599331,-133.4193652423007,-181.0225260221646,-5.0,-13.0,left
-6.918136218030655,406.7341741098609,-123.95030102839704,-13.437738949967843,385.8056872698229,-113.53929548111871,0.26865931188836545,0.8624195529224594,-0.42901595410042187,-52.98739412924057,-149.19392066411157,-6.0,-9.0,left
-95.69050297336778,399.32734023250646,-148.17285606568544,-87.91314502367385,381.0789567989731,-132.6760070993608,-0.30896531317486786,0.724939952480725,-0.6156317897509842,-148.95079120929032,-190.64069940390414,-5.0,-14.0,left
149.58767549541633,276.2005020657913,-97.81285047656597,123.1906937693777,271.85389357694953,-91.8787390811936,0.9632989803473081,0.15861978345577185,-0.21655216174926634,190.91412199183296,-83.65375549423904,-12.0,0.0,left
-111.5003447134556,390.8208445542841,-152.58339199375777,-100.85871158041147,375.1413777326695,-135.89066443198453,-0.42139309128336244,0.6208839292832337,-0.661007571043225,-165.4777715965774,-199.57968667899394,-5.0,-15.0,left
136.61925340461602,302.5736791459402,-98.59928431856262,111.0777501671693,294.69276759776164,-92.40103355280829,0.93084873472426,0.2872163190591118,-0.22589249462604724,158.04274184157094,-91.8800153472782,-11.0,-1.0,left
69.12483416727918,373.69024043474474,-107.63883061868148,51.65089492657971,356.5154013439589,-99.98725203201332,0.6807601882509727,0.6691076655108888,-0.29809478030832537,45.13582513481806,-118.66793472420338,-8.0,-5.0,left
-65.04540485663628,409.92952787023046,-136.73699652227668,-62.92530197581019,389.9069155324073,-124.33950917152328,-0.08966297569157239,0.8467923984087454,-0.5243121062757344,-117.61983351925369,-171.26535676928808,-5.0,-12.0,left
120.5825441800217,326.85612678815846,-98.55306609986005,96.66299352673559,315.61679199353665,-92.4805299634822,0.8820799756600755,0.4144723412984953,-0.2239365866446668,125.62574714306467,-97.38686409672255,-10.0,-2.0,left
158.2580206287082,247.92272321414498,-95.99249203710932,130.67505037341886,247.15615837434078,-90.23235437546538,0.9785213102791571,0.027194316801878917,-0.20434410797290037,224.88008221713434,-71.564602902513,-13.0,1.0,left
-49.67066396041941,412.65926865579786,-129.8037723651815,-49.87889683683226,391.8296537208147,-118.5890436919207,0.008801910280092582,0.8804584798756785,-0.47404155048943836,-101.69129652516747,-161.12447130404703,-5.0,-11.0,left
101.64247488718611,348.24420875367395,-98.39382650633684,80.67835573880195,334.71743778938423,-92.35611623559753,0.8166946135541397,0.5269594637925642,-0.23520976108807146,93.36364830453377,-102.14184819288795,-9.0,-3.0,left
7.4060427478664295,405.1118310004533,-115.54195451225415,-1.5364261039510603,383.8452977267011,-106.15916863328081,0.35906005882616937,0.8538987179977935,-0.376739769014996,-36.537530607873215,-137.76913313878134,-6.0,-8.0,left
45.96695956739846,389.55628021732923,-106.97648734453156,31.3689923517138,370.18142196548223,-99.322740920643,0.5738762126304691,0.7616656558781473,-0.3008845646300598,12.393051278534394,-122.1380435599329,-7.0,-6.0,left
-34.45902578449174,413.79043879168137,-122.62105843128488,-37.00310818098792,392.34921471302914,-112.03739218118105,0.1058004363071471,0.8916735030300031,-0.4401416041132905,-85.48909205964625,-151.06287225294324,-5.0,-10.0,left
80.73512930296866,367.02489821192296,-98.20745783296312,62.11855695407952,350.89068153549596,-91.8443590223501,0.7316788574441174,0.6341159372588989,-0.250086040561122,61.12370355901673,-106.29410943658392,-8.0,-4.0,left
144.30036595794272,291.0417590768052,-89.10158986128113,117.73281888217684,284.6467672727319,-83.99505078051865,0.9556874294562039,0.23004055516299943,-0.18369235193576297,174.56495331722405,-77.49556040167023,-11.0,0.0,left
160.02192541972954,218.91086299467702,-93.45432773685309,133.4543241927027,222.38767896126464,-87.10507488504742,0.9648268297499176,-0.12626376382276172,-0.2305789464370788,256.95064567718856,-58.020815976830505,-14.0,2.0,left
129.59954658199584,316.48318509532635,-89.14899261742949,104.71954635716912,306.7709846798478,-84.22679252504983,0.9161128260995377,0.35761540554130467,-0.18124158346098798,141.82729708734033,-84.08872488551714,-10.0,-1.0,left
21.145690520192776,402.2236194852484,-106.48759106702263,10.184324181069904,381.2481172757491,-98.67303093749516,0.43979699400019495,0.8415887704123943,-0.3135393844226698,-20.20863812007218,-125.86326360143086,-6.0,-7.0,left
155.19244399198138,263.5318169295009,-88.05673513671917,127.75430784146684,260.9845883447492,-83.01445526513248,0.9794561433381831,0.09092814002145228,-0.17999371274945114,207.88025220905706,-67.75325201182156,-12.0,1.0,left
58.43400110029593,383.85361549258903,-97.92726068197499,42.33196340793924,365.1423661836635,-91.43685165892482,0.6308406492162923,0.7330635343931351,-0.254279235958054,28.725297587277808,-110.08237471028774,-7.0,-5.0,left
-93.29947563838398,407.985594546165,-134.12839158308,-86.54585079584065,388.90410033352714,-120.74539453889753,-0.27832091768427386,0.786359785132594,-0.5515213097475058,-147.98881798388686,-171.94215118292254,-4.0,-13.0,left
-19.52737899189195,413.432250980709,-114.69855811149918,-24.31827451327109,391.5730598322249,-105.15033322829099,0.19691365456579557,0.8984485668059847,-0.39244768498465443,-69.13677890241836,-140.46796248102663,-5.0,-9.0,left
112.04699319276293,339.4167577859347,-89.20302529983337,89.70948421717397,326.85335964732496,-83.88747185408633,0.8534359748993279,0.48000231136740223,-0.20308820209353703,109.46034319324762,-89.4963557469357,-9.0,-2.0,left
-108.49430588201321,400.49841752326927,-139.29602705500884,-98.5182753274328,382.66148968308175,-124.13446775673853,-0.39203161926045904,0.7009440945036065,-0.5958091857973841,-163.23922203939645,-181.3225226247543,-4.0,-14.0,left
-78.20065375779811,413.39857286185963,-128.21426937642784,-74.10102852364348,393.68591110963774,-116.22640835531627,-0.17495104808079215,0.8412356342431676,-0.5115806275211445,-132.6189630709041,-162.42084617517432,-4.0,-12.0,left
-123.02001761113155,390.63154423073104,-143.7136522163994,-111.0925392026798,374.4163553713314,-126.42668663333896,-0.44952217702772007,0.611117182306358,-0.6515102469264751,-178.6685516137078,-190.05797614800878,-4.0,-15.0,left
160.77753749421532,234.4970159010831,-86.33602318205159,133.10795232883407,235.39950008600425,-81.12610855788299,0.9822267782037719,-0.03203676990589765,-0.18494377943968476,242.39971902717775,-55.01248384480438,-13.0,2.0,left
-62.98473154569461,417.0727738953211,-121.23113689613538,-61.23969816767739,396.2663183528239,-110.69254518069701,-0.0746111721553911,0.8896070734123434,-0.45059119823219346,-117.20933150979499,-152.4641016024662,-4.0,-11.0,left
92.09156220827512,359.4700461151124,-88.87102903280788,71.69255215549138,344.31639656529023,-83.45004509945609,0.78507698405959,0.5832038640741221,-0.2086321692091397,77.31879291352972,-93.81658263872507,-8.0,-3.0,left
-4.936097127881814,412.1438739991522,-106.26524546599587,-12.067527299526468,390.2847784485037,-97.88248147166536,0.29139496485062,0.8931771364703142,-0.34252529446216934,-52.67401054583739,-129.30478593623891,-5.0,-8.0,left
34.644321627635755,398.03453484484857,-97.6724595007161,21.394674814960837,377.65912606173356,-90.80420355271312,0.5246064959380654,0.8067439046594232,-0.27194171565696235,-3.604766999713185,-114.02363268984817,-6.0,-6.0,left
-47.500935817134845,419.01147302709717,-113.90221538561235,-48.430319397178096,397.32156293965727,-104.33369700520987,0.039173283964968296,0.9142242506483415,-0.4033106412554454,-101.1563466487332,-142.4485612282472,-4.0,-10.0,left
150.63251885974393,278.6550238292733,-79.76153568951136,123.42988999406947,273.97048265128325,-75.53371980939725,0.9741337737837718,0.16775473424626305,-0.15139927315463897,190.90046081606283,-63.304446948419326,-11.0,1.0,left
137.8802134031755,305.328992101916,-79.77286597979972,112.07137415897196,297.1775678737761,-75.60915438232135,0.9424819729928046,0.2976720617516371,-0.15204957821750098,158.00741906754757,-70.63745266855274,-10.0,0.0,left
70.34510287076841,377.19284272629636,-88.6106616274449,52.53834493318812,359.26018914214706,-83.17698666157611,0.6888685000333556,0.6937388725917255,-0.21020600923131683,45.03088371165298,-97.78351184501423,-7.0,-4.0,left
121.53595025052606,329.54447691032135,-79.87007182812687,97.38249189085298,317.8885121338871,-75.57352786870032,0.8892750112104687,0.42914592406934676,-0.15818890697924162,125.52594795693156,-76.50560302257313,-9.0,-1.0,left
159.41623541907884,250.28866092577962,-78.54037983424821,131.2833093861729,249.24714868126438,-74.17243657277412,0.987500085811666,0.03655835264450344,-0.1533201466666146,224.86199275234443,-51.91891927096779,-12.0,2.0,left
8.900765777904414,409.7877726188981,-97.33292718612044,-0.2494473756309521,387.90307856655915,-90.26993791851228,0.36970873491696304,0.8842376036900202,-0.2853757374876663,-36.510139712667,-117.63689003024926,-5.0,-7.0,left
-32.47763648037969,419.44125127040456,-105.88740880561105,-35.47646771162292,397.30836797106247,-97.33978528837847,0.12539627009938586,0.9254875644108503,-0.3574192825884386,-85.12493269124607,-131.91970058010264,-4.0,-9.0,left
102.93098296651414,350.87781844202584,-79.59377012155778,81.25874105739403,337.1166501910466,-75.1419759630207,0.8317813111507183,0.5281540607918535,-0.17085999675016655,93.62030385514464,-81.20238783960284,-8.0,-2.0,left
-106.1002778952282,409.4713569756194,-125.13213394457546,-97.04530730224616,390.3489294570172,-112.42862078547125,-0.36691418492030414,0.7748550737562214,-0.5147558601691772,-162.5689326338135,-162.39661663848233,-3.0,-13.0,left
47.43693070628664,392.9407775623024,-88.43240123338268,32.22704717323741,372.96140143940204,-82.48353577274119,0.5894130424227554,0.7742403050437048,-0.23053029186591048,12.710443176276284,-101.77205968300609,-6.0,-5.0,left
-120.66427778336673,400.9760746098267,-130.10248560091156,-108.98520946586021,383.3936589094617,-115.67637074318017,-0.456808295529764,0.6877083966826463,-0.5642546785516055,-177.43476699901734,-171.77763095392328,-3.0,-14.0,left
-91.07857875489452,415.84939233459136,-119.30843228955194,-85.06596510193704,395.7200121056893,-108.02731494974692,-0.2521489518909684,0.8441590329749271,-0.47309241497525834,-147.40563844146007,-153.40712899570224,-3.0,-12.0,left
81.68967039793867,370.02497494479644,-79.2081332201747,62.698374616717004,353.3291958347363,-74.77496550084844,0.7397558142589635,0.6503400195821618,-0.17268235057449,61.039949163118116,-85.39181539068308,-7.0,-3.0,left
-133.6181339431056,391.83242402779337,-132.87720561583183,-120.83008812433934,376.59235828141345,-117.56829353223975,-0.5094246671815627,0.6071033471964628,-0.6098459102837415,-190.0055576365331,-176.65345585410745,-3.0,-15.0,left
161.0204479184885,220.55766902196567,-76.71581305579619,133.31148778361904,224.07653878467286,-71.88595624246109,0.9775258509779915,-0.12413985016140641,-0.17038928449775576,257.83505000133715,-39.365883749220814,-13.0,3.0,left
-75.9551357131511,420.33129295175047,-112.28263471502181,-72.64613625032578,399.59489759275925,-102.51320119108163,-0.14287511820478843,0.8953506857107348,-0.4218220598727438,-132.24753205228342,-143.31413786480613,-3.0,-11.0,left
22.52285362018899,406.09904496562,-88.27834825116625,11.155923880930429,384.701413982992,-82.42411060669647,0.4560151667765445,0.8584239090935508,-0.23485859568324768,-20.024832274049604,-105.83453017644226,-5.0,-6.0,left
144.97922614540204,293.0374634232012,-70.50621395345144,118.24409971722409,286.5359054197007,-67.1650280735642,0.9645947072601873,0.23457410818569535,-0.12054890499095891,174.46303243736304,-56.62651868147067,-10.0,1.0,left
130.22823254520674,318.5708385850811,-70.3075313031722,105.29234063580438,308.7285061008678,-67.41496793091537,0.9247974193316859,0.36502258329780596,-0.10727649733306005,141.76340497204518,-63.02189877389509,-9.0,0.0,left
-17.739380309359312,418.6002800666006,-97.11025295074317,-23.177088503958768,395.9505334810075,-89.7589442213034,0.22262117649071764,0.9272864691616229,-0.30096447612244775,-68.77723845942509,-120.65249050231422,-4.0,-8.0,left
155.9014814161264,265.47016987158827,-69.8999430270764,128.2585920776525,262.7613827623233,-66.7738967776303,0.988989021968585,0.09691319460532795,-0.1118416163018562,207.63585896901884,-47.40893176134436,-11.0,2.0,left
-60.85108512876575,423.1053593544742,-104.92934944396049,-59.6313941133096,401.6322505812941,-96.42079013554844,-0.05273294354615121,0.9283828595498701,-0.3678647886913949,-116.78982427494863,-133.51907662987176,-3.0,-10.0,left
59.57401445241723,386.54408027299746,-79.19213349409665,42.744688161349366,367.49681470485484,-74.4277036576095,0.6507934377462327,0.7365615963685993,-0.18424146151553702,29.066943466407377,-89.53860655130515,-6.0,-4.0,left
112.64016786436693,341.46658279118765,-70.2285171745331,89.85069172618353,328.66398509298097,-66.85257800828498,0.8646633295636305,0.4857477497803277,-0.12808766564851132,109.50118183998809,-68.4341097630973,-8.0,-1.0,left
161.40240573087442,236.23329095913715,-69.38539776221877,133.19808533425288,237.26262285777915,-65.49932182241332,0.9899941639352181,-0.03613037144940395,-0.13640436808671702,242.16257688572534,-36.25887326499304,-12.0,3.0,left
-3.6835463543930542,416.5666118071597,-88.1246501899729,-11.066018312048111,393.99146184069764,-82.17188437752466,0.3014952785702431,0.9219542135674322,-0.2431070239320722,-52.60105039226235,-109.20458286476634,-4.0,-7.0,left
92.93887971838764,361.8105679418653,-69.97805629038047,72.16384815574985,346.30781936013733,-66.31764083641399,0.793578668945133,0.5921844473441888,-0.1398230185589229,77.43249853748583,-72.93758396085464,-7.0,-2.0,left
-45.78276313201592,424.28667499794074,-97.02508290257848,-47.20495591842594,402.05193238911465,-89.4209931104532,0.0604107194370404,0.944468858464139,-0.32300018632896377,-100.96928752769665,-123.25843203456768,-3.0,-9.0,left
35.88422564267292,401.21878103855124,-79.21447788321683,21.850478490824454,380.0589751611418,-74.14561062837343,0.5420185378511949,0.8172448112960293,-0.1957723755675718,-3.2907716140922254,-93.7914105086848,-5.0,-5.0,left
-119.18164036939488,409.42944560819194,-116.29589262593842,-108.12181152354752,390.6641091059731,-104.02492345784356,-0.4423809964986885,0.7505928326008149,-0.4908252780624818,-177.69697867609187,-153.64257995112723,-2.0,-13.0,left
-104.17622376459643,417.25572150536345,-110.44650523023498,-95.87436751671535,397.31635557817515,-99.7681525737006,-0.34455951059689616,0.8275616874524861,-0.4431934082519969,-162.3925139302899,-144.1061299910789,-2.0,-12.0,left
151.00493344994538,280.2360327544337,-61.20943680502866,123.59167039524073,275.398424198689,-58.98091435868923,0.9816430393062006,0.17323018993245878,-0.0798012824311072,190.5172332415222,-42.5609424921955,-10.0,2.0,left
-134.1460951084284,399.86784256101134,-120.94867376971064,-120.55353224537991,383.08238054677054,-107.52539545245313,-0.5345052406123254,0.6600607628676911,-0.5278484035028255,-193.3576175120016,-161.31275540137466,-2.0,-14.0,left
138.1871990698789,306.8418954626889,-60.91969640084589,112.3859624037721,298.5896870891014,-58.78721062029008,0.949531351197896,0.3036959301114573,-0.07847926558037327,157.86746640591934,-49.56698014223784,-9.0,1.0,left
71.02291037833814,379.4566678017355,-69.73071004891274,52.82894313931355,361.2718490511513,-65.99399135282385,0.6999382423600228,0.6995862918021746,-0.1437549206268941,45.15952221978861,-77.12976090246369,-6.0,-3.0,left
-89.15425651877581,422.6100226691357,-103.82480014341638,-83.78306824149384,402.09954398779564,-94.61205218030577,-0.2323461472711212,0.8872395556216406,-0.3985238246185292,-147.355223586241,-134.88952946179552,-2.0,-11.0,left
159.62088084706346,251.6805587874412,-60.54490854318888,131.01051733753638,250.85939256043866,-58.28821141640911,0.9964958276935872,0.028601129754203963,-0.0786005137773001,224.3121528618069,-31.97684156090807,-11.0,3.0,left
-31.05320001490759,424.1221859796846,-88.18622311883276,-34.499981814929875,401.38899985427986,-81.80542996753644,0.14444678843474856,0.9526961430174866,-0.267404533227265,-84.9231918217069,-112.08754743701763,-3.0,-8.0,left
121.75095089217791,330.9797181289582,-60.78265460680237,97.53581850915893,319.36868704648236,-58.499265004471056,0.8984588034952065,0.4308063622655407,-0.08472105200889321,125.5384990539008,-55.294992003143214,-8.0,0.0,left
10.144472288617944,413.24150429737665,-79.03727073057169,0.6634323189925656,390.9602455836441,-74.04577517026297,0.3834803525506411,0.9012117841701086,-0.20189140467232744,-36.10929357547613,-97.52263638612678,-4.0,-6.0,left
102.97049096823375,352.5735632302386,-60.5505836865332,81.31896573642325,338.6117303951508,-58.028692625972,0.8364206776965373,0.5393599553278866,-0.0974232441995522,93.44159265716637,-60.24710170842361,-7.0,-1.0,left
-74.14514226214666,426.0711786388067,-96.09052133944047,-71.21424675608996,404.7022181187257,-88.21484189561795,-0.12764166883871286,0.9306267577589119,-0.3429889825041087,-132.12203655316105,-124.61398387495828,-2.0,-10.0,left
48.23911923221861,395.3286539739729,-69.73825251984262,32.57810046923463,374.9456247517759,-65.56559508099488,0.6013928503061085,0.7827209856093769,-0.16023263802165924,12.994696825680274,-81.36893013764934,-5.0,-4.0,left
161.33626843270264,221.6768214140419,-60.394903022158026,133.28579923040775,225.66312436891366,-56.49089056276642,0.9807851885941249,-0.1393811585535738,-0.13650386981565893,257.55472489887893,-21.63034385821784,-12.0,4.0,left
-16.616733071203978,422.5834154043409,-79.1452361976051,-22.39435323447765,399.444197215537,-73.98273818734202,0.2367686831399895,0.9482524057704286,-0.21156078472805398,-68.58568049542643,-100.75535350042288,-3.0,-7.0,left
82.15330794227893,371.60692669982654,-60.38641567939921,62.71277634150789,354.755915119934,-57.619473440135664,0.7513073846562375,0.651231648336145,-0.10693247386267547,61.28096570807773,-64.72246381184651,-6.0,-2.0,left
-59.34342408012556,428.0112267243072,-88.13102218186938,-58.68929173434372,405.841460969364,-81.28436673604578,-0.02818062264562498,0.9550938841515693,-0.29496020911908377,-116.68409294099763,-114.51829939158898,-2.0,-9.0,left
23.61543085052042,408.77162950235834,-69.78026094591962,11.52966268781298,387.0079597495276,-65.81794380305774,0.4794493892132873,0.8633773236054584,-0.1571874049244454,-19.46299042423002,-85.56999187129816,-4.0,-5.0,left
144.72002691226652,294.205506670943,-51.80812726620803,118.08193562763819,287.65556908226074,-50.31806203961243,0.9696457180498038,0.2384224480837398,-0.054239447982411905,173.85679068183342,-35.84483020391707,-9.0,2.0,left
155.7189954352182,266.67743113023414,-51.74309289044659,127.70815150778334,263.80159725547617,-50.46910438735273,0.993754279843198,0.10202735157007092,-0.04519790730691106,206.72846226527756,-27.36746055713506,-10.0,3.0,left
129.94291007818225,319.5563950160273,-51.30940074272529,105.1408324952007,309.62461392971494,-50.174475279950755,0.9274988128787948,0.37140901347907973,-0.042441687229927354,141.45360166041684,-41.94887036361603,-8.0,1.0,left
-132.2445818443292,408.4506595683573,-107.46710028115346,-119.10609981750238,390.0934774723702,-95.72007968346728,-0.5162883540411418,0.7213618216943843,-0.46160963777118846,-193.1409595521728,-144.2319802143374,-1.0,-13.0,left
-117.45692235129178,417.3398156162615,-101.96156870427012,-107.31355942920344,397.7246258961751,-91.70543789779641,-0.4165971130321552,0.8056136285108491,-0.42122859229978393,-177.74249811559508,-135.7733498369837,-1.0,-12.0,left
161.3394652673721,237.33333673624728,-51.80726561852054,132.83217832990147,238.2807740170867,-49.83911908110048,0.9970773142898309,-0.033137780579033396,-0.06883833835061338,241.08977767013846,-17.11781924356076,-11.0,4.0,left
59.8902816192055,388.3205611188969,-60.16203588746083,42.89574405003855,369.2542363505938,-57.25296002698781,0.6611100404840842,0.7417053090237984,-0.11316690742900082,29.22690020751289,-68.84677186149398,-5.0,-3.0,left
112.29394480856796,342.5655913557289,-51.146973137605734,89.5053452775021,329.6544787539947,-49.664453021293795,0.8686715160634672,0.4921546733280112,-0.0565117218052691,109.24266821849763,-47.39785364673429,-7.0,0.0,left
-145.82237533448776,397.8561161395195,-111.48431204333906,-130.92801247628577,381.3640252124465,-98.42161822080112,-0.5778110587156028,0.6397932298096558,-0.5067533951693695,-207.2986398881252,-150.32444618612323,-1.0,-14.0,left
-102.3457269532575,423.8527229798791,-95.19255216152787,-95.15314479870665,403.2941585884986,-86.38609824389769,-0.30615286686703175,0.8750770296185322,-0.37484745476407366,-162.4354401932066,-125.96017530308919,-1.0,-11.0,left
-44.42874381897603,428.54116921827574,-79.53378068645438,-45.85064889336546,405.82215015606516,-73.5832821233212,0.060433647939340016,0.9656011672385073,-0.2529074139371486,-100.64703739940163,-103.71378822935182,-2.0,-8.0,left
-2.6906914617203634,419.7112499375819,-69.91128229410299,-10.830518326749099,396.5160002515231,-65.61480054466458,0.3261843578386696,0.9294949080870875,-0.17217136969180308,-52.22524386102982,-89.19879062071438,-3.0,-6.0,left
92.79340916675676,362.74525895412216,-50.817302876038575,71.92673637956798,347.36495392386047,-49.22478919115011,0.8034515269629647,0.5922041183924054,-0.06131823529712976,77.49185531159647,-51.94943625105854,-6.0,-1.0,left
36.32647690703998,403.25507912401815,-60.29337655971178,22.162612980050547,381.7240542183729,-57.19921761198117,0.5456631876776388,0.8294832359688055,-0.11920254552733772,-3.0363431133767698,-73.22812898680702,-4.0,-4.0,left
-87.61656638064343,428.190367315859,-87.64248122621922,-82.97433272114118,406.78437086957626,-80.21402452519538,-0.20071083227703498,0.9255060554003508,-0.3211755022163782,-147.4606099915572,-116.27556030770786,-1.0,-10.0,left
150.21067733916016,280.77761439464143,-42.55401514404399,122.64874859700198,276.0792090832129,-42.09121994538506,0.9856446327322013,0.16802009833682566,-0.01655006105993884,189.66799043747702,-21.869801772533194,-9.0,3.0,left
137.38181924412572,307.0241668105173,-41.99020495894564,111.54247664994364,298.9115304718789,-41.85160431362904,0.9540688408360554,0.29954374882091184,-0.005117566615108536,157.4434177118138,-28.52621290616021,-8.0,2.0,left
-29.907937644188184,427.50681402465636,-70.307221126403,-33.7973914687739,404.23790618863643,-65.6518993071756,0.16174610244929463,0.9676564680977945,-0.19359534625337632,-84.42823242027751,-92.35150004918349,-2.0,-7.0,left
159.01872878065717,252.61729127323935,-42.93631652958731,130.79916281530086,251.42979748180906,-42.125367253021906,0.9987042268843656,0.0420259854583271,-0.02869989110707642,222.84481502525009,-12.838115113084513,-10.0,4.0,left
71.13573055908878,380.5855034203804,-50.685969558604874,52.971028548938534,362.4936739739029,-48.85324445811695,0.7067230760337776,0.703887867268531,-0.07130472714704492,45.397708567323605,-56.353585793308454,-5.0,-2.0,left
10.903462115447454,415.52667447248314,-60.52967863334138,0.8599984012197257,392.96945397827847,-57.28648491291539,0.4032844242790014,0.9057607951978662,-0.13022693660100904,-35.61450823122907,-77.30884943172391,-3.0,-5.0,left
-72.73355168595324,430.9691454460756,-79.06951082100252,-70.63737989042656,408.43292939097137,-73.04305317049852,-0.08949559878879472,0.9621788417291597,-0.25729829833515766,-131.9532924092328,-105.33849510729262,-1.0,-9.0,left
121.00086770659627,331.4938534608696,-41.642572309901645,96.80550119965534,319.8485729428727,-41.347964127513045,0.9010106127218012,0.43365829287304536,-0.010970906303513144,125.10130288533763,-34.17586335606475,-7.0,1.0,left
161.02702492438956,222.48583531620667,-43.59650991571263,132.69422881025565,225.00419270199853,-41.611381851241745,0.99365609175183,-0.0883210096003187,-0.06962018807543703,258.070687675244,-2.579577680120181,-11.0,5.0,left
48.009483519959254,396.6115319144843,-50.574818443051626,32.75100383574339,376.1022724088379,-48.67596378840438,0.5952643592275931,0.8001079708150771,-0.07407818620581086,13.006717210331084,-60.66185645886428,-4.0,-3.0,left
-130.76990135703613,416.29998371837326,-93.50960277547775,-118.52673465580274,397.00540961302227,-83.57191235503242,-0.4913276985789835,0.7743061024635668,-0.39880716179221226,-193.31292750582355,-126.94058258049337,0.0,-12.0,left
-145.61935025070784,406.0918690923097,-98.81311592316302,-130.12653649254997,388.06985433332824,-87.54020521287654,-0.5889914742514215,0.6851443002910984,-0.4285631004155145,-209.86487793489323,-134.62397337888493,0.0,-13.0,left
102.3562920796559,353.2053027166732,-41.407286001285925,80.45661514293056,338.88228329796533,-40.9007043885914,0.8367428139628506,0.5472538981959176,-0.01935546927621656,93.11795796921376,-39.28436005995023,-6.0,0.0,left
-115.8447215066218,424.07952732149215,-86.9438204199177,-106.63957069275757,403.79313650439633,-78.54941184953856,-0.38666915666630264,0.8521448249642083,-0.3526133301077671,-177.92366045171838,-117.89619169409318,0.0,-11.0,left
-58.01082954412381,432.1005388873541,-70.64929000020017,-58.01299871146405,408.94500835515385,-65.38694158281604,9.134887685102436e-05,0.9751353285498815,-0.22161020434379244,-116.18265050926507,-94.97791164425962,-1.0,-8.0,left
-15.69060609273693,425.238215479638,-60.9797973024111,-22.238954982619433,401.4207992495845,-57.355757542657685,0.2622943115612959,0.9540073228051241,-0.14516102147885745,-67.98311256014186,-80.83223481741017,-2.0,-6.0,left
81.76113095542966,372.1478000325478,-41.20021582137646,62.262628789016134,355.2050278174983,-40.67369137007846,0.7546873071508565,0.6557680702608529,-0.020379068961698624,61.33649579213611,-43.81455346625465,-5.0,-1.0,left
154.41441563267597,266.8427431491496,-33.76220108552769,126.58535959961549,263.9699780619161,-34.10841437057,0.9946379410423019,0.10267546078708721,0.012374004658544095,205.38497082843784,-7.635423342858914,-9.0,4.0,left
23.680542843472566,410.4350571967426,-50.938328589622515,11.59910175550345,388.1557418113638,-48.72708870656228,0.4748902071036778,0.8757422744896433,-0.08691812163600998,-19.316851487234285,-65.13350201869982,-3.0,-4.0,left
-100.98556330390795,429.4344278070073,-79.20275125970917,-94.59583496767976,408.2702471838896,-72.37235061913435,-0.2761474027138985,0.9146607182820705,-0.29519211101602083,-162.54902259902906,-107.55761035908237,0.0,-10.0,left
143.52537599643344,293.89621501262945,-33.06455612228103,116.60648947297595,287.7623417710387,-33.580437956548636,0.9748377311496949,0.22213144175861554,0.018682090599124075,173.1666803607449,-15.043181379661682,-8.0,3.0,left
128.9247857655796,319.5558885574169,-32.45032528590821,103.66967104357032,309.52106442601655,-33.3272940009943,0.9288436959859567,0.36906516709092996,0.032253540383831436,140.794083656866,-21.108485632909307,-7.0,2.0,left
160.37851117702942,237.88149547504867,-34.62626693707998,132.4796538123219,238.5033718382692,-33.84688512769847,0.999361971059287,-0.02227616636692218,-0.027918152024984447,239.2869149103106,1.2622110870449603,-10.0,5.0,left
59.55243259430846,389.10649955187375,-41.07280824635387,42.85402349752254,369.8521965343299,-40.127662291733415,0.6547346863713223,0.7549497664371183,-0.03705861058899668,29.284863637057214,-48.14826861922028,-4.0,-2.0,left
-43.35655955620838,431.68339490904964,-61.66656589274249,-45.61856282078742,408.0023589366307,-57.53171595379132,0.09368219280133293,0.9807640035021432,-0.17124723701824193,-99.99800802767056,-83.98048284522827,-1.0,-7.0,left
-2.124138285762477,421.5647490499787,-51.522937000606966,-10.407156321806891,398.26292572923023,-49.05357239972723,0.33327784449771786,0.9375787201490108,-0.09935804894772209,-51.62231337476365,-69.13092933610508,-2.0,-5.0,left
-86.35006491063479,432.887791035316,-70.62706461097562,-82.42600129338692,410.52474528938353,-65.41354399585332,-0.16844657142634525,0.959968733940864,-0.22379853089482943,-147.26010360102504,-97.04852502163436,0.0,-9.0,left
111.29970571661575,342.39834849599754,-32.052885336199985,88.20513336370189,329.21062706713195,-32.47066517834169,0.8682846192254841,0.49581761049017953,0.015707232228022817,108.88884662030948,-26.400035999616954,-6.0,1.0,left
35.92469633320522,404.0493089132492,-41.296850757947155,22.26792712863078,382.7605908484736,-40.34454806340233,0.5395683351401881,0.8411007018872554,-0.03762473918596758,-2.941365400767971,-52.67195419596511,-3.0,-3.0,left
91.86046228848123,362.76639460429976,-31.841058203138353,71.10612686745648,347.0808131389564,-32.21706301339694,0.797700283560707,0.6028809175958273,0.014451878977517941,77.21661162078547,-31.24109692941831,-5.0,0.0,left
-143.6567237296132,414.0226138479696,-85.0653562553787,-129.61238105965322,395.543846477333,-75.60771582273713,-0.5603609719622477,0.7372918966597463,-0.3773542635526982,-209.29455915950732,-118.29809430235777,1.0,-12.0,left
-156.73224858088503,403.23789545316106,-89.89373168599795,-141.00054240591982,386.123461766743,-78.91973235039741,-0.6119762091243458,0.6657654377877606,-0.42689753022600924,-223.96193529569024,-124.22043093641179,1.0,-13.0,left
-129.0872705895729,423.1775726933522,-78.48327655894953,-117.88280087390169,403.1599385340812,-70.6749022381164,-0.4623726866726228,0.8260638407640447,-0.3222266742547791,-193.29802141852213,-109.03663534826333,1.0,-11.0,left
-71.79855817123067,434.61826270233337,-61.92037745052541,-69.97396434097985,411.6201922097879,-57.72583490446608,-0.07781264508965113,0.9807885280074738,-0.17888279848293062,-131.56543785296,-86.23745315766357,0.0,-8.0,left
-29.24235377259032,429.8006528696246,-52.14400971326947,-33.67778310920997,406.04943419416287,-49.3763417150111,0.18237923735467668,0.9766200337161021,-0.11380300315143785,-83.76679623204394,-72.42564255721592,-1.0,-6.0,left
157.43983398656962,252.5709445319448,-25.385783353121752,129.57146071828424,251.34991239827355,-26.06821621897346,0.9987427063351619,0.043759171946101176,0.02445692975228082,221.07435242114528,6.174738820825226,-9.0,5.0,left
148.38740256766374,280.5517823982723,-24.280536446258232,120.8586764309832,276.0184090141951,-25.470563524947906,0.9858139173333235,0.16234178626002574,0.04261531210529374,188.09789776981,-1.7934315845366342,-8.0,4.0,left
135.6273387059835,306.76235551038764,-23.597897999967017,110.02517303895945,298.3855969230767,-25.126130882108328,0.9488947271728994,0.3104683470015047,0.056640994461805344,156.1808716093076,-8.274376635009318,-7.0,3.0,left
70.47944627868134,380.549193019719,-31.613913939823988,52.20830896864724,362.74395385673535,-31.944992139972587,0.7161184939543705,0.6978580937537394,0.012976270609128074,45.527727896107336,-35.61337296999302,-4.0,-1.0,left
10.950753555842457,416.71435671112056,-41.859380871357274,0.7259935736325911,393.8222525748953,-40.51626007128138,0.40723553466460516,0.9117552180915508,-0.05349431361613672,-35.18721065935956,-57.01565771292057,-2.0,-4.0,left
-114.6047536295969,429.67905983323067,-71.05351893031977,-106.17284554562332,408.7931175562375,-64.64588659256194,-0.36006929242791746,0.8918961618736276,-0.2736262799614662,-177.9723510730676,-99.62313451622626,1.0,-10.0,left
119.71919273091764,330.9479297136972,-22.937336195317954,95.56603947380255,319.3798757853903,-24.552908806683817,0.9002569447536842,0.43117438023027327,0.060217001385006054,124.42226705053154,-13.567215646494084,-6.0,2.0,left
159.6244305482353,222.89064445454946,-27.22975252221852,132.02069708676808,225.92561115781365,-26.19629323499502,0.9933223953874778,-0.10921350185531682,-0.03718910908023654,255.7377009410912,14.104532962753282,-10.0,6.0,left
47.2546467130185,396.802483658455,-31.662231095820673,32.258963431476104,376.38665534389787,-31.890126838740386,0.591957593338088,0.8059189013390382,0.008996229980183566,12.970706283594577,-40.18607785309118,-3.0,-2.0,left
101.01695293752348,352.489029580118,-22.670997194035387,79.40461860969799,338.1408573343873,-23.947477567508063,0.8321103826186674,0.5524282067903189,0.0491465917500656,92.74227815523136,-18.729961485589556,-5.0,1.0,left
-57.25134042839899,434.9683205198108,-52.78202267879102,-57.82103434804993,411.39656052803025,-49.54325551969157,0.023936676358105792,0.9904083063760124,-0.1360824095404188,-115.54158009361905,-75.23835264267684,0.0,-7.0,left
-15.727790511953874,426.6963719804819,-42.44813407041289,-22.08657470466349,403.0122488295691,-41.0559063530087,0.2588831470862216,0.9642441308694911,-0.056681321777753035,-67.56536389977484,-60.62317178588074,-1.0,-5.0,left
-100.15363941706241,433.9012171484262,-62.44990233275692,-94.35556811702205,411.95688165583294,-57.8467537994875,-0.2503543670261971,0.9475323668442046,-0.19875891097893372,-162.49566229030864,-88.65131419447957,1.0,-9.0,left
23.285177384078438,410.7490480956508,-32.14025114634562,11.228889081249225,388.63098975486105,-32.162844673774494,0.47860388175963015,0.8780304777884081,0.0008969053873375313,-18.93863712283652,-44.728617252420854,-2.0,-3.0,left
80.5702020083636,371.36773281731683,-22.360854862624443,61.07654734138133,354.9222877696718,-23.629137748566457,0.7633931008870931,0.6440218370983131,0.04966736210533212,61.269508477915124,-23.240705905098725,-4.0,0.0,left
152.30534308627003,266.45078806744016,-16.101232553994414,124.74938839281981,263.82332845430005,-17.617272144123017,0.993995289739533,0.09477742682103082,0.05468640910505879,203.4258644138332,11.587718334298273,-8.0,5.0,left
-156.5717293021073,410.9996598254632,-77.22993300511226,-140.5776942238889,393.31385130609897,-68.19407937786127,-0.6272201332080583,0.6935645145929933,-0.35434893621379954,-225.78416464472502,-109.90916563114534,2.0,-12.0,left
158.66550686669672,237.68541553057588,-17.7998927229567,131.0159340740816,238.2942361304831,-18.41328233356043,0.999511861617521,-0.022008420013162153,0.022173586412703363,237.01382987413322,19.181839180605323,-9.0,6.0,left
141.43415434525684,293.4419413964888,-14.933293272468402,115.05681553124865,287.16393900382764,-16.813347565828444,0.9704952721990506,0.23098507714873434,0.06917239893110319,171.39649466603126,4.840589212569519,-7.0,4.0,left
-85.52571165116635,436.26192839967405,-53.50237414838447,-81.89006760926664,413.4585969703754,-50.15815638623552,-0.15582058863919693,0.9773312473108247,-0.14333030798125698,-146.71330315016786,-77.99704156192252,1.0,-8.0,left
-142.2751019212988,421.06060444062337,-70.29205727454635,-129.1126282655812,401.6531826689371,-62.966161225340784,-0.5357653182362575,0.7899596818669472,-0.2981932675294215,-209.22300655354954,-100.66663249849252,2.0,-11.0,left
-43.03276221043265,433.5715632249005,-43.437841314563485,-45.673802221478134,409.8377143021566,-41.38249600863739,0.1101873677035924,0.9902047403048054,-0.08575147973327357,-99.34898239573533,-63.97785698310669,0.0,-6.0,left
126.94783950271861,318.66884870316585,-14.115667163700664,101.91655297577523,308.60367588196,-16.35783106996257,0.9246145415693636,0.37179092428502925,0.08282184577609415,139.5977876801439,-0.918911190283481,-6.0,3.0,left
58.48513296144472,388.33734163154065,-22.14434141605799,41.76366627184048,369.38921319795884,-23.39532364199486,0.660868701847115,0.7488712128415569,0.049441536142442316,29.36474196349153,-27.596658808449376,-3.0,-1.0,left
-2.555309157159394,422.21168209391647,-32.88113888606518,-10.812368202580053,399.1832541098712,-32.444548252758864,0.33746496602487763,0.9411689591286271,-0.017843404343488006,-51.259990268916134,-48.857134448603475,-1.0,-4.0,left
109.67425971834479,341.1507985566212,-13.561040596260614,86.88687943534134,328.3950019019771,-15.727122293278839,0.8696035919542928,0.4867820017639639,0.08266120988020963,108.32381358663432,-6.01173453646453,-5.0,2.0,left
-127.98136117644138,428.77597456064075,-62.57057964170557,-117.737671695202,408.2551513646162,-56.81847977752526,-0.43321385067016727,0.8678420848223415,-0.24326092041003605,-193.14999686939,-90.70170885128928,2.0,-10.0,left
34.79116958434386,403.53824956067103,-22.54398345968869,21.081023107958195,382.3358184639874,-23.6577619697549,0.54247041658023,0.8389182164714358,0.044068959684302765,-2.939062162197432,-32.34313852590381,-2.0,-2.0,left
90.12714537977172,361.55643876698343,-13.347976799080389,69.59295942607032,346.1194234027459,-15.421738980558235,0.7967281541470449,0.5989575035708473,0.08046214827868409,76.74872912113551,-10.988787431489534,-4.0,1.0,left
-71.26175602485003,437.11311272431806,-44.35255741317208,-69.86563517541656,413.47306437752,-41.95371767705944,-0.0586545616985534,0.9931781155454511,-0.10078131371210154,-130.84187443247748,-66.83701696687244,1.0,-7.0,left
-113.81471535733533,433.7587111315063,-54.24915623759195,-106.16478520005734,412.2282608513683,-50.051755652514586,-0.3292920944414771,0.9267806269145636,-0.18067757501747064,-177.71787784564796,-80.75419350709367,2.0,-9.0,left
-29.35741407522285,430.8317583180054,-33.793484486778254,-34.0966214442961,407.0049861393503,-32.87283479527838,0.19494118926518264,0.9800835758250203,-0.03786973892064677,-83.1516879775806,-52.37237241187629,0.0,-5.0,left
155.2345733400736,251.94274405862637,-8.291796546906488,127.57519857230389,250.90104989357164,-10.145916218685294,0.9970570659680048,0.03755068712022133,0.06683676458411865,218.71774078912716,24.595176136110645,-8.0,6.0,left
146.05183315304504,279.8078662430724,-6.672285077158019,119.33834695896437,275.3622186020668,-8.980888030934215,0.9828684834677941,0.16356857817814835,0.08494035812555494,186.10841692468702,17.45343445453485,-7.0,5.0,left
157.74929776886324,222.2852162029465,-10.893733922452974,130.79217685541215,225.15803818208266,-11.361393984643641,0.9942214064974745,-0.10595423442599272,0.01724804537868495,253.2972327127232,30.743351076881005,-9.0,7.0,left
133.1749622614976,305.62945202987635,-5.649327021008544,107.92713221845236,297.5357231794456,-8.339831578581215,0.9474006274499092,0.3037094189177557,0.10095860522093984,154.55600718056203,11.496615617560636,-6.0,4.0,left
68.74510121434918,379.41377622615977,-13.188446422954016,50.62030634237549,361.68814034465646,-15.221937989738386,0.7126465400985631,0.6969520577324312,0.07995460029339811,45.04609391690912,-15.565085875092171,-3.0,0.0,left
10.141689668786167,416.4245576379727,-23.145801163733545,-0.12370811593695016,393.81324117267656,-23.905943818604886,0.4131930703382727,0.9101292975309737,0.030596542291697188,-34.83180013713842,-36.67647506277391,-1.0,-3.0,left
117.4443601235885,329.30371841973357,-4.84816417929499,94.02193911927128,318.11233679452073,-7.7506392612693915,0.8967060166703329,0.42845183409231885,0.11111861018817996,123.44311438084866,6.423024125028228,-5.0,3.0,left
-168.23177811151342,406.01755369024954,-68.54798059452324,-149.55983049791683,388.74975695531384,-60.00917469228779,-0.6959930882103017,0.6436536468956334,-0.3182822709505487,-241.31811407725328,-99.60456983203942,3.0,-12.0,left
-99.4548674764922,436.9983112164243,-45.20917795698505,-94.17608380079042,414.52052828426315,-42.47423403411466,-0.22703738205567664,0.9667562273529233,-0.11762833002150404,-161.75603639592273,-69.46549143012693,2.0,-8.0,left
-155.1360543487262,417.657836717623,-62.29987018692192,-139.65466258114748,398.58916018884554,-55.17772904798545,-0.605364394296243,0.7456369550087137,-0.2784950294775046,-225.46606096240487,-92.60170935600634,3.0,-11.0,left
-57.0467803247078,436.43383197012196,-34.82259858375926,-57.97507336465696,412.6548148166967,-33.436935001453804,0.03894265154065764,0.9975491995888222,-0.058129719513200256,-114.69253828461592,-55.506897419189,1.0,-6.0,left
45.88185817448832,395.6684689781403,-13.139505173397692,30.848983404889154,375.56523460343965,-15.176944258352476,0.5969006331033854,0.7982261217229922,0.08089927564476874,12.943349006007045,-20.048290995265244,-2.0,-1.0,left
98.8852968919906,350.9185439007164,-4.576523939301442,77.81419825737572,336.92438767084644,-7.23343799117541,0.828462845023355,0.5502151873967176,0.10446320870911094,91.93471833765321,1.1791122367752394,-4.0,2.0,left
-16.163441595013392,426.81230420419007,-24.06032294212886,-22.86107517385318,403.30393199263506,-24.311261441654352,0.2739863139429432,0.9616788038975438,0.010265374135811224,-66.92590279553401,-40.557257877312814,0.0,-4.0,left
-141.42847826865363,426.6192036411512,-54.612342398759736,-129.05091047316688,406.58678463810753,-49.18969604276422,-0.5122281475200842,0.8290133446101373,-0.22440855453047326,-208.9503995988303,-82.62866240704577,3.0,-10.0,left
156.13921870164168,236.81309641227347,-1.4254815266587828,129.21317179190552,237.6117941691312,-3.3157978066593934,0.9971083536979299,-0.029576870608313474,0.07000099792733643,234.4048346263391,36.609148230844795,-8.0,7.0,left
78.56661440137117,369.7524864641148,-4.410952424515477,59.705221934015704,353.68190628147136,-6.981390280548479,0.7571115654101328,0.6450861006253253,0.10317945678394938,60.63413013905386,-3.586872795334976,-3.0,1.0,left
21.946840480114687,409.6699724918614,-13.682816649441182,9.894637703241244,387.94633923430945,-15.38272175213681,0.48400410255529597,0.8723988314598723,0.06826644546987984,-18.850758996838557,-24.634269696509897,-1.0,-2.0,left
149.84712232855648,265.2237473188106,1.0326453347428461,123.13607350439568,262.9538685009753,-1.3260035408678035,0.9925741697980695,0.08434798266390592,0.08764665007975192,201.2945351507407,30.281766607562353,-7.0,6.0,left
-85.31775258172142,438.3901905373088,-35.947677485824286,-81.99642359110325,415.19146951484186,-34.31402647775599,-0.1413804284565651,0.9875098573689477,-0.06954031958942067,-145.97932666757742,-58.61204133944399,2.0,-7.0,left
138.58704748952562,292.1295881304583,2.3742878335645647,113.27782016438877,285.8825662671568,-0.2787734751635795,0.9658737078994483,0.23840451914718025,0.10124853400801954,169.50228994781963,23.882896530484352,-6.0,5.0,left
-43.1091517417944,434.0486919245627,-25.161185277978518,-46.26147352952093,410.27050106850743,-24.911541821289887,0.13141499715694568,0.9912728122846394,-0.01040721612835313,-98.34672646801104,-43.95005210485784,1.0,-5.0,left
-127.41974880820925,432.5310162063079,-46.208938340090725,-117.86427579034888,411.3955983393316,-42.295673377353026,-0.4062201086126805,0.898504106018602,-0.16635983537625587,-192.76611428342943,-72.38844905805992,3.0,-9.0,left
124.33871258475585,316.5186210834556,3.4798104177439475,100.09198959257452,307.1368401493171,0.19533919595501312,0.9252660702789735,0.35801306345388373,0.1253369282648626,138.52840905459183,18.655915101926603,-5.0,4.0,left
56.41323121288745,386.44896866231045,-4.221667597723684,39.96501387150833,367.9667663971393,-6.98011291353714,0.6607123642949336,0.7424159896816234,0.11080464761396329,28.936937975818495,-7.96668935342637,-2.0,0.0,left
-3.1959306309380873,421.5117117796775,-14.481950770783623,-11.899277752224254,398.5183298732875,-15.901004521049007,0.3534159064332935,0.9336898546237508,0.05762336724465746,-50.54106372709843,-28.74336899414531,0.0,-3.0,left
107.02920177623287,339.427258765135,4.096501583020456,84.95438986157293,326.68816910214235,0.9383988521584501,0.8595504889074126,0.49603551733044804,0.12297041337550578,107.04609573261949,13.441810480791947,-4.0,3.0,left
-168.3559521823388,412.7845448864734,-55.13390530808016,-149.64472412793108,394.9229833118125,-48.20648582817667,-0.6987180465747482,0.6669896479232814,-0.2586849453562091,-242.61937005748584,-85.54278665715563,4.0,-11.0,left
-71.37662871868574,438.11879265399455,-26.42696377278734,-70.11033106765272,414.5361843966041,-25.935204266067664,-0.0536073867403209,0.9983450574737395,-0.020818124426311303,-129.96187521805024,-47.109237759919026,2.0,-6.0,left
-113.43285997659838,436.4130893096837,-37.355892682958086,-106.31535667155394,414.4916988196192,-34.80084909991486,-0.3069331117616935,0.9453315732905978,-0.11018294534185775,-177.02145296488698,-62.034326054572674,3.0,-8.0,left
33.2730668927413,401.93095622594996,-4.539678919436463,19.70573690653464,381.5526824402246,-7.09617339968098,0.5511887049440708,0.827891290944427,0.10386058887011854,-2.9194179466991153,-12.66627706291348,-1.0,-1.0,left
87.65274445345702,359.41323919738136,4.330966301309457,67.93738498948008,344.5699203255581,1.436101950381306,0.7934534885862549,0.5973760287031885,0.11650511482810123,75.84518124612487,8.497004534392524,-3.0,2.0,left
-29.87698781996615,430.35438907829905,-15.52532799759246,-34.95072315797616,406.9954036595609,-16.471218579483416,0.21209168344230106,0.9764495408046776,0.03954000603116897,-82.25127402155914,-32.35660933470837,1.0,-4.0,left
155.48258882400043,221.5540038171836,4.989033689212977,129.30909805388114,224.0608456869018,3.4072262588648137,0.9936481102430278,-0.09516952508938305,0.060051598685805306,249.84725991795213,46.8268201397057,-8.0,8.0,left
152.44066358961211,250.4782777068196,8.06971571360841,125.82719432802716,249.71841516074358,5.506719049790156,0.9949929776178409,0.028408844028154637,0.09582229423347427,216.3863822428672,42.32781906577992,-7.0,7.0,left
-154.740763448021,422.9153319523216,-47.13170620917782,-140.13141220682616,403.6724663361706,-41.93694740863842,-0.5911730741530291,0.7786700335971398,-0.21020793318589662,-225.30017877233055,-75.31400497089882,4.0,-10.0,left
143.30569907265004,278.00443094658834,10.271599735847179,117.43523971249833,273.7164920121624,7.004096019461219,0.9789703537951107,0.16226094161097931,0.1236464039824627,184.23359368197342,36.13329601199114,-6.0,6.0,left
130.09288981869452,303.5485564761176,11.504696816919878,105.97200929159922,295.62920406513285,7.691505919317775,0.9395637461263171,0.30847698158452513,0.1485325513063784,153.0138355549157,30.557858950221732,-5.0,5.0,left
8.978492769357107,415.0171980070958,-5.120309860411224,-1.4930655661910053,392.870462410247,-7.528246079099469,0.4254026944498665,0.8997019062755502,0.09782140562747346,-34.444982535689974,-16.908329491439673,0.0,-2.0,left
66.27321571153982,377.25322230994755,4.23755221302495,48.82109029566777,359.9711162289752,1.3837767094696538,0.7058110975539096,0.6989350563548364,0.11541439064521973,44.276427245761965,3.5935982499521604,-2.0,1.0,left
-99.39126319351567,438.59106109004415,-27.866045370329118,-94.43829713274494,416.11710006726196,-26.842579915148242,-0.21500961434863305,0.9756008083048889,-0.044428915950081325,-160.866143745789,-50.322310305339,3.0,-7.0,left
-141.07147982234304,430.2497990747654,-38.59533393145372,-129.50091763297314,409.7793524032867,-35.18046716581439,-0.4869589219162039,0.8615196460760108,-0.14371815400732577,-208.3910846256756,-64.77311839205811,4.0,-9.0,left
114.59745404473863,326.85843722914433,12.508863934841816,91.74257783517346,315.98614541804847,8.591335833957128,0.8924016169052564,0.4245243204435771,0.1529655369578477,122.31888773285777,25.74943309894055,-4.0,4.0,left
-57.438847545975605,436.3499804982768,-16.735787587621115,-58.660995732932776,412.7007590178783,-17.30271147063683,0.05159450530178084,0.9983812896628478,0.023933396620900552,-113.67797134321215,-35.623904855770306,2.0,-5.0,left
44.03320578663975,393.35442564099424,4.321921149021318,29.242627808261336,374.1617895417804,1.3697325287777198,0.6059301222748692,0.7862705808639874,0.12094321224347451,12.837061118347439,-0.7920139093737726,-1.0,0.0,left
-17.095823392356202,425.496168444566,-6.039531683583357,-24.12804622257412,402.42925977780305,-7.991683665824491,0.2906608535778445,0.9534179340383241,0.08068773916458868,-66.195511197033,-20.753260045845614,1.0,-3.0,left
96.26283972887437,348.50636590230494,13.017574916397301,75.57893733575541,334.6888979263837,9.459589693583386,0.8231487062909929,0.5498880565391091,0.14159566591921602,90.8941972434884,20.60693205306479,-3.0,3.0,left
153.5173820007991,235.22425792043475,14.679899842316406,127.19088463360418,236.18375363227608,11.712810452979614,0.9930577674725418,-0.036192990514869634,0.11192112356495412,231.46803680276759,53.86258528100161,-7.0,8.0,left
146.8893898167349,263.3480598736661,17.49920574548223,121.18689402549612,261.0008162858843,13.701183867894144,0.9852453189246855,0.08997611656165727,0.14558832365776458,199.0800705136154,48.341806201522715,-6.0,7.0,left
-179.38795181887173,406.1215727141991,-46.775685027360296,-159.7677728659793,391.4187301976129,-40.701740905214834,-0.7767594891899982,0.5820829906926439,-0.24046639661208452,-258.8004749311109,-75.74420273610373,5.0,-11.0,left
-127.27657561537312,434.8925594057413,-29.593134614130946,-118.33647107468342,413.62799662738433,-27.51665808799552,-0.3860029112804473,0.9181305545358176,-0.08965510197847741,-191.93181120356107,-53.9910507561955,4.0,-8.0,left
-85.53570123825301,438.825879022585,-18.157994516888415,-82.58235315561147,415.49177632697536,-18.348538477874225,-0.1255620140989313,0.9920526973683048,0.008101003622426842,-144.88423053267925,-38.99662080382865,3.0,-6.0,left
135.48146556128165,289.96907887464187,19.389156567042818,111.02711984961226,283.74507999194157,14.96659180241788,0.9545546272869242,0.24294851327284364,0.1726310615840497,167.61439363560004,42.765699765757915,-5.0,6.0,left
20.37803199773549,407.7940843602714,3.867976490624848,8.446098020674281,386.64397273302654,1.1014524398362198,0.48819767591874114,0.8653614210146687,0.11319293373268899,-18.76306638193238,-5.320229479782677,0.0,-1.0,left
75.89455987513821,367.4253330602008,12.949323040061392,57.851367497069845,351.61750458144945,9.596272845345304,0.7449207660385117,0.6526328297707531,0.13843208381735875,59.59532206555783,15.52760908910357,-2.0,2.0,left
-43.92609691060892,433.08645283729044,-7.142932040456716,-47.387550413704254,409.65312112128765,-8.631138400501357,0.1458417605723342,0.9873188677765802,0.06270274480063633,-97.47382245574576,-24.108828333046993,2.0,-4.0,left
121.11070970871523,313.9901568432337,20.54415731018066,97.80780680716396,304.6641484002644,15.954591680705434,0.9132680012975568,0.3654971711798065,0.17987044133354615,137.10251259245055,37.68977134802719,-4.0,5.0,left
-167.48866203547033,417.7370575106464,-39.48065859962463,-150.20484857380825,399.4862174166093,-34.70257353474739,-0.6755131905242321,0.7133080468044477,-0.18674463791979773,-241.41942194375406,-68.53164999870482,5.0,-10.0,left
53.93236023941374,384.0351706034433,12.98736627799553,38.02415166233724,365.82608585399544,9.453074898825472,0.6510070772781806,0.7451651759036239,0.14463279695228914,28.229755466835226,11.001384303938394,-1.0,1.0,left
-4.649531387402188,419.6164332336478,3.1291859375495403,-13.344767236814924,397.26087299502296,0.5340986923161457,0.3603942367502182,0.9265780950457909,0.1075594156666011,-50.21783478663322,-9.30778738272076,1.0,-2.0,left
104.17924076669134,336.57055354241754,21.564925711784028,82.67482434366349,324.24346383193415,16.944673927100418,0.8528773816012437,0.4888993864433544,0.18324181260923528,105.93289031303948,32.85735575382868,-3.0,4.0,left
-113.53222235218917,437.6723348697292,-20.01172345082642,-106.90215338519118,415.8457419053482,-19.460990881298336,-0.29056306273355054,0.9565513922007807,-0.024135878969846418,-175.91454473724536,-42.867312116087604,4.0,-7.0,left
153.06412848048217,219.596632049911,20.45647650732335,127.38689713213256,222.20468465100654,17.13203401071524,0.986729324952606,-0.10022272057323299,0.12775228201278477,246.7197064045699,62.70076078200535,-7.0,9.0,left
-154.5533893532641,426.502842597563,-30.85048055146929,-140.66308244195,406.48487728928353,-28.014811849424934,-0.5662674877692744,0.8160743313841947,-0.11560198074130988,-224.33543994302195,-57.12036341539027,5.0,-9.0,left
-71.92820670069254,437.5216070968476,-8.540769356031477,-71.19734339039042,414.1213895677288,-9.788968440008702,-0.031173686848258202,0.9980950516346508,0.05323973281967542,-128.7969698862286,-27.36140566609635,3.0,-5.0,left
149.4118706457403,248.54196863592242,24.28714791630323,123.5257064499944,247.713563922299,20.15337130866176,0.9869955453668566,0.031585666996642114,0.15761389236472326,213.50331490540196,60.0178722562831,-6.0,8.0,left
31.16123500507712,399.6787030388157,12.860947220444618,18.080280190540233,379.773025172728,9.418642974427108,0.5435335424358272,0.8271111519410989,0.14303297026150813,-3.2714788446743537,6.529231913606969,0.0,0.0,left
139.8425956535332,275.62191087622546,26.96820918717117,115.03011261559956,271.43432198805795,21.808889396183957,0.965960863983144,0.1630246748878934,0.2008545857844293,182.05934003289903,54.70459549718835,-5.0,7.0,left
84.91525404375083,356.6828261752709,21.74390308352082,65.92390478195571,342.0288517530638,17.689115724068902,0.7806374870766146,0.6023501337869375,0.16667162355232107,74.81377497888897,27.729492814222333,-2.0,3.0,left
-31.145390363713556,428.738570286587,2.1437267660092596,-36.34381415895467,405.6164278681098,0.03412390856928556,0.21848530185394055,0.9718038514742677,0.08866480211206593,-81.68375887535434,-12.836234373012434,2.0,-3.0,left
126.80892287447688,300.8013161057528,28.456216622343447,103.50164067296711,292.97423423367513,23.163103672635316,0.9267403097231381,0.31121913810644725,0.21046388386262885,151.38184731273284,49.526237397640216,-4.0,6.0,left
-141.11833802094716,432.3884976367393,-21.853855998810122,-129.9594539931149,411.6110075645098,-20.319424988386437,-0.47214822241745347,0.8791250970465686,-0.06492395406088804,-207.24133469904544,-46.19885241364522,5.0,-8.0,left
-99.770670075719,438.5383197059952,-10.313496403044145,-95.12787725326231,416.0353087170637,-10.965184665778423,-0.20198168234041683,0.9789788584329364,0.028351274050372785,-159.5853645037466,-30.912707572491428,4.0,-6.0,left
7.133118126768967,412.8114092519113,12.300511577301588,-2.961303972066329,391.0938884006565,9.121017287188433,0.41783278851459527,0.8989412378496295,0.13160703528114764,-34.454380163457536,2.335256828622134,1.0,-1.0,left
63.733155071621354,374.2910331736331,21.621364511503586,46.684648579431354,357.28478700634946,17.51927692692368,0.6979295032867969,0.6961994556967538,0.16793071883782482,43.613111494823116,22.842471851485726,-1.0,2.0,left
111.20744037084208,324.1094881659716,29.720944962744817,89.1432789220483,313.08692037486895,24.209849341243377,0.873052165460896,0.43614966747298567,0.2180673839601972,120.68289240521614,44.865339430082685,-3.0,5.0,left
-179.89166381295763,411.6157082334655,-32.69855050491755,-159.4419293343854,395.0886417123202,-28.053795401413204,-0.7658972812387981,0.6189828688808336,-0.1739585083376781,-258.07656427432534,-61.39219710007442,6.0,-10.0,left
-58.38987538498762,434.91572361522884,0.8567057270419387,-59.80110687452029,411.6848454242163,-0.9581131200739915,0.060452797962606365,0.9951390655549033,0.07774123375021909,-112.7446281061303,-16.13683208946411,3.0,-4.0,left
41.514318359901154,390.27311992339446,21.703739262650043,27.158431501202294,371.63199575744454,17.47109570376798,0.6005132125115809,0.7797666189420243,0.17705338625043257,12.430301579476069,18.51468181952879,0.0,1.0,left
150.45570071590433,233.12632997050616,30.702744231447223,124.62828679709352,234.16047892923206,26.367616544095995,0.9854360385483856,-0.039457595574969785,0.1654052964131036,228.05063459806397,71.18124841021002,-6.0,9.0,left
-18.56844715848841,423.328636799263,11.412526336899798,-25.539646356278872,400.5651248304605,8.488734683674693,0.2906373184885247,0.9490370150506001,0.12189623934169169,-65.76895489300571,-1.3799244227279281,2.0,-2.0,left
93.13243002621708,345.17180388779,30.48542135201142,73.0892684979429,331.6173918488728,25.260814395615732,0.8097028265069108,0.5475705878071419,0.21106345992440423,89.7625490702624,40.05630623499043,-2.0,4.0,left
143.17078038171837,260.84786923126114,33.97979174493401,118.02544053995433,258.3692841635127,28.522866921706992,0.9727498611431603,0.09588429886635655,0.21110165531532366,196.24758595492284,66.68870979702518,-5.0,8.0,left
-127.6033978164878,435.9125450722622,-12.27347697814289,-119.19888915299975,414.45808975621003,-12.371694207259644,-0.364745538756485,0.9310974830660333,0.004262509277311132,-190.54517748484102,-34.74738541967947,5.0,-7.0,left
-168.0188297012557,420.8695373979498,-23.90354868713592,-151.0336627625852,402.1596937495205,-21.359586624623063,-0.6687768739360416,0.7366845902786323,-0.10016639822984313,-240.6717048905064,-51.184403845915945,6.0,-9.0,left
132.00368793431443,286.63598004172945,36.19259361406501,108.05753359702018,280.9743180763145,30.122581199244326,0.9448455178507416,0.2233926941361556,0.23950501373448183,166.028163257152,61.695166886659706,-4.0,7.0,left
-86.35499477677382,437.68674599414396,-0.680375106835984,-83.72474688481545,414.62123859404164,-2.273862987732543,-0.11303357419437299,0.9912285264105377,0.06847933655372958,-143.69736472994356,-19.625890680589272,4.0,-5.0,left
18.18260830463581,405.0061253852711,21.459424914996415,6.762933276265297,383.9892241410385,17.269225870667157,0.4702693710312927,0.8654891583690154,0.17255502141498508,-18.949138836709142,14.161358380123373,1.0,0.0,left
73.05208375956974,363.8752686408924,30.335947229756272,55.22533269264224,348.3661020008474,25.38164070720503,0.738389365686281,0.6423943249486022,0.2052088592513521,58.882423119855716,34.88995604992334,-1.0,3.0,left
-45.36970047437201,431.0836023300531,10.296681232904753,-48.78748795211172,407.7462663353065,7.599257530793286,0.14396732912424806,0.9830376973177989,0.11362347379371036,-96.8749599742796,-4.710045479020941,3.0,-3.0,left
117.32614079636676,310.84804629682566,37.5653400319118,95.00345335576961,301.628406463672,31.414758511419503,0.8956821139780559,0.3699315558599459,0.24678775228694141,135.25381864755286,56.7852469084516,-3.0,6.0,left
-155.30684006208128,428.0959709983716,-14.55183157204836,-141.55456541727872,408.155434964417,-13.729842014434059,-0.5674114099781311,0.8227357261965424,-0.033914844338096585,-223.4227511324518,-39.119019971643574,6.0,-8.0,left
51.30346602547644,380.56716296970774,30.383070189501343,35.63203695555339,362.6483760110302,25.179573989449533,0.6431402606763639,0.7353696503483376,0.21354644095302164,27.728260029864018,30.37808858210784,0.0,2.0,left
-189.457960816027,403.85673110212525,-25.338566949609515,-168.23247747953582,390.6918865643113,-21.749903629162567,-0.8411739319353727,0.5217277678738379,-0.1422200845934486,-271.9787291263937,-51.925387875210205,7.0,-10.0,left
-114.05271658143795,437.48692553718155,-2.6206825549353407,-107.70476061123297,415.3278576800544,-3.9303596446021256,-0.2749511874148598,0.9597832826693065,0.056726491586281846,-174.34810052522576,-23.554868524175028,5.0,-6.0,left
150.38932717293423,217.78424285192034,36.27286396970385,124.16239627904712,220.90362697817,31.411175727933554,0.9765939974343889,-0.11615433867245094,0.18103130608457288,242.5165868470839,79.03423224019323,-6.0,10.0,left
-6.777792282472019,417.0060728269821,20.607510248037844,-14.893279227555995,394.8526657205847,16.934153922078714,0.33988214618739526,0.9277998478263263,0.15384267638238622,-50.26715063587321,10.109972470546094,2.0,-1.0,left
100.49793981414354,332.95804390045316,38.793729171321615,79.75887529898054,320.7852926934072,32.452879224697455,0.8339162830327741,0.4894654449548928,0.2549651173943429,104.5562910972955,52.15446869397333,-2.0,5.0,left
145.55832683476407,245.84605267119008,40.418686820244695,120.52656904182041,245.04877583184867,34.98588787291257,0.9767752849023511,0.031110891945162467,0.21199564902683105,210.30039018006482,77.941132503373,-5.0,9.0,left
-73.12517691069907,435.7199055177307,8.685303246528413,-72.3471445413067,412.60298985454835,6.318191100730441,-0.033462586508375275,0.994241140365653,0.10180771143963141,-127.8553733960333,-8.17051207507734,4.0,-4.0,left
136.09351153910097,271.9008408605404,43.484451471440025,111.59536474505205,268.15158873199834,36.79421450125844,0.9543301509692996,0.14605285779096994,0.26061950364852704,180.09826715289293,73.47526767220178,-4.0,8.0,left
28.608073492176782,396.15218835403516,30.366862871277796,15.970465712743652,376.6924179019912,25.25533891070247,0.531894388495271,0.8190270568210782,0.21513493366314085,-3.555268901942176,26.03343555990568,1.0,1.0,left
81.48933149441527,352.81456905165305,39.15894727622259,62.826869523131656,338.33478550720184,33.1515915545667,0.7657043469076107,0.5940927418540908,0.24647650436315086,73.69222060764255,47.18054874435944,-1.0,4.0,left
-180.565361042517,413.8214863995396,-17.099935443841275,-160.61994847893058,397.0047367091668,-14.855791257106178,-0.7617088775235739,0.6422262507437181,-0.08570314321799505,-257.20831190457494,-44.273505202888934,7.0,-9.0,left
-32.81732666504204,426.17729306885326,19.714503981640426,-37.80500084816854,403.1290434803849,16.126796009027604,0.20909962675749172,0.9662580612555651,0.15040846102701244,-81.17287396056656,6.792894654178376,3.0,-2.0,left
-141.98412909990995,432.8568503213974,-5.117685853063637,-130.95916935510382,411.95493236796733,-5.657297199964508,-0.46641831183856575,0.8842696492039216,0.022828619722535286,-206.00585516648093,-27.648963064128232,6.0,-7.0,left
122.92866560032346,297.1041808981641,45.23083818621913,99.92195726760156,289.5390644997592,38.35934203296773,0.9138882147945139,0.30050673134399625,0.2729542732338945,149.69289813477278,68.53616325586101,-3.0,7.0,left
60.527870828922474,370.36477327716733,38.93889880791092,44.05565083852929,353.8222273889081,32.889604701535276,0.683039748816217,0.6859558939163736,0.2508410116756589,42.77729768581029,42.217377028481366,0.0,3.0,left
-100.7699208912891,437.183808104799,6.912681884534097,-96.1568911211709,414.8280806933974,4.885087589436295,-0.2012965882489686,0.9755262549766256,0.0884771688663526,-158.19543409215274,-11.69372606485161,5.0,-5.0,left
4.58028158270511,409.564213331823,29.820120997092744,-4.912594007271224,388.23742668197644,25.152160093055844,0.3987560132700177,0.8958491386248378,0.19608152056259087,-34.7531754703686,21.87903184232193,2.0,0.0,left
107.09727521996673,320.0478339960446,46.63905467899758,86.04370031963626,309.58850932048307,39.60463017802621,0.8579844415451353,0.4262429484391284,0.2866699268713077,119.17447317648121,64.07342581481309,-2.0,6.0,left
-60.08932657765784,432.5887135909994,18.21686791268326,-61.28520842996174,409.16475831864597,14.772090710453224,0.05044620504491423,0.9880989901766318,0.14531196099594482,-112.10586133465515,3.3098131558158386,4.0,-3.0,left
146.77733387595094,230.50929272546185,46.427644599799805,121.40515702714393,231.46406536621876,40.662950170888976,0.974491168756763,-0.03667077965491693,0.2214096112064209,224.40278442567796,88.48126775673057,-5.0,10.0,left
-169.0277402241115,422.08623351117933,-7.9162258160385,-152.44913525835773,403.5099044548329,-7.3155341388815405,-0.6656566152727196,0.7458683254340762,-0.02411869933958671,-239.5661831132315,-33.521419868139056,7.0,-8.0,left
38.41463337106652,386.2773202444232,38.92480975116866,24.62271351666736,368.0369801355226,32.85887128264113,0.5829593552399448,0.7709859846561045,0.25639618094286254,11.75165220528947,37.83255703045072,1.0,2.0,left
-128.55629445886805,435.3243591393214,4.692161538994485,-120.18614890897037,413.64455067425524,2.694412805356772,-0.35884577951037866,0.9294590783283898,0.08564769839598069,-188.9768245576116,-15.82163839786827,6.0,-6.0,left
89.12320025522692,340.9117894260589,47.46910424071283,69.81895133399604,327.7661659961582,40.39530454443439,0.7910646822383045,0.5386916871944137,0.28987572278969137,88.50381304874996,59.22908165477854,-1.0,5.0,left
-20.768045518675212,420.22339999077826,28.963161651576087,-27.12311954518205,397.88012854995645,24.47918357136436,0.26861930237287673,0.9444160622091718,0.18953092579848477,-65.61913474897031,18.28196742938833,3.0,-1.0,left
139.04310228188382,257.36554142418214,50.16421581325323,114.67736277905385,254.9163406353263,43.42643299010362,0.9593364270487372,0.0964307910142855,0.26528234445911064,193.51085630371296,85.04597544592917,-4.0,9.0,left
-87.74501977386055,435.567584648646,16.29962087850942,-84.99171843068721,413.3325404715923,13.392509927821425,-0.12186696951165624,0.9841703152231893,0.12867490965815143,-142.59103690915586,-0.5562999422155528,5.0,-4.0,left
127.79757730638919,282.5394980756746,52.68431263532929,104.15943334602287,277.13314637300766,45.21569984386368,0.9316392594097483,0.21307804474100528,0.2943569893442414,164.01974817922397,80.6226019181684,-3.0,8.0,left
15.256229206909836,401.10590801966134,38.816570224004266,4.38384777172941,380.6518039574547,32.9253462256339,0.45488126764992093,0.8557636466242637,0.24647842391889702,-19.414675702838505,33.6299767374316,2.0,1.0,left
69.19104452887939,359.6587579784155,47.71079535229183,51.766527141453544,344.22955464288736,40.738210302187206,0.7171791476346228,0.6350536230541809,0.2869860032193808,57.555497162738504,54.34535303450045,0.0,4.0,left
-192.02410451482993,404.8319769266384,-10.405542784730343,-169.62018759323846,391.0347569845166,-8.435692067253413,-0.8491090468932043,0.5229150025788765,-0.0746573945570548,-273.6209121762785,-36.745006146162424,8.0,-9.0,left
-156.29663528218936,428.0672934057327,1.5728812323260466,-142.70114672045236,408.06827093893446,0.6278949218893553,-0.5617724880291437,0.8263697592261138,0.039047313993670535,-221.98306807406607,-21.32225579546016,7.0,-7.0,left
113.1153106064728,306.38899837844315,54.20814464923488,91.2842267884128,297.71438046292417,46.38452164685812,0.881710124805707,0.35034900276489045,0.3159791639914748,133.8317387383035,75.8771752493455,-2.0,7.0,left
-47.44037579095635,428.07649220962446,27.764543670733378,-50.50337080352831,405.1445634836906,23.41922470024044,0.1301180899817906,0.9741637688503973,0.18459207490756513,-96.44768930419906,14.986192550127988,4.0,-2.0,left
146.6514031917879,215.59878170474005,51.6562000475946,121.82588113227447,218.14542342424852,45.85642363594943,0.9689567652989897,-0.09939713320005607,0.22636916064899187,236.17668090189034,94.80496810405181,-5.0,11.0,left
-115.30484466143602,435.8179125386408,14.27196489990871,-108.79500541114415,413.5557876318232,11.392290771825188,-0.2785258458551567,0.9524931310594995,0.12320790751871677,-172.83113986614464,-4.599034016951116,6.0,-5.0,left
47.76347028155554,376.2139475142619,47.38758280722172,32.905936072420424,359.1374445360887,40.523562284740464,0.6281438212276198,0.7219569332924294,0.2901956690313529,26.770415358915784,49.532322750520464,1.0,3.0,left
-9.337838133237842,413.2192963063965,38.00138159956426,-17.171121072043164,391.4642531426223,32.536384370611415,0.3296921462813517,0.9156399595342658,0.23001424561205705,-50.35306166064387,29.729347777141143,3.0,0.0,left
96.2051139895122,328.24981199532067,55.33660794270382,76.16634836037142,316.5230123948122,47.456911953810604,0.8172898112938161,0.4782826452464928,0.32137684361405994,103.34467622519688,71.13986742518394,-1.0,6.0,left
141.30876461457945,242.32041674072502,56.442781342039865,117.01627005904936,241.46644957765585,49.50604130009668,0.9610166003535983,0.03378313486868801,0.27441901108206085,207.06727492009304,96.10798794521857,-4.0,10.0,left
-74.88637091819871,433.0396413941727,25.77038877654143,-73.81036818709197,410.2693696484358,21.810468453869774,-0.04650557365247679,0.9841467118481028,0.17115046356297559,-126.96970721862118,11.170711471556857,5.0,-3.0,left
-182.00163195513736,414.2115513090811,-1.7347123205755897,-162.34269889654362,397.63802470892017,-1.2284044477173666,-0.7644058126606522,0.6444347733261563,-0.019686962657390592,-256.31160015298485,-27.435533041267533,8.0,-8.0,left
25.2404066702341,391.7253186363331,47.409374628369676,13.178001301309436,372.7356252026958,40.545432072156885,0.5128418952621403,0.8073605614384811,0.29182548603176633,-4.316474367533608,45.29311281244398,2.0,2.0,left
131.4402877629181,267.74972906677885,59.579100943280146,107.59207381923292,264.06331836550385,51.70978417274888,0.9395666820196495,0.14523639712968237,0.3100336094480337,177.60298272151834,92.1077628332837,-3.0,9.0,left
-143.0256038995655,431.81808640481444,11.305994143518557,-132.37361707630436,410.76730615849567,9.307440261558252,-0.44988990363715575,0.8890861069995056,0.08440953113134932,-204.220201974061,-9.321266737994492,7.0,-6.0,left
77.26424267271469,348.05915526080855,56.02122385126589,59.36446436778742,334.0455602494073,48.25455786338712,0.7451103678993104,0.5833410200205027,0.32330139809532815,72.5183377696111,66.33712719118651,0.0,5.0,left
-35.38341154660519,422.6660114133102,37.015638357453724,-39.69449582912904,400.00855212963677,31.88843230908332,0.18246447115233416,0.9589655536566605,0.21700641388464412,-81.16350791755106,26.381411567615782,4.0,-1.0,left
118.45189526869729,292.3279233618893,61.68167137005127,96.25636656824939,285.446796404269,53.23825594568174,0.8977273444981677,0.2783162282002588,0.34150503958309253,147.96273936543852,87.65173345558203,-2.0,8.0,left
-102.36440341193727,434.72330997781387,23.840059862723926,-97.62990760608984,412.5358742011332,19.97647555197534,-0.20572614162323338,0.9641017210770967,0.1678827747834697,-156.83131029372802,7.525802066823481,6.0,-4.0,left
56.64290416214924,365.77496593743683,55.90600679268367,40.691578886248664,349.6743799445631,48.12773024991948,0.6656938478948937,0.6719229191038877,0.3246094448068327,41.58442016139801,61.34135144889057,1.0,4.0,left
1.4855464516300219,405.2670936010313,46.93889653046447,-7.593179875805744,384.34455561171643,40.406131330848716,0.38267269509947904,0.881895071172803,0.2753592051601287,-35.23517341039982,41.27404351024705,3.0,1.0,left
-170.23755469771493,421.6931330217771,7.777917320237323,-154.01167722424464,403.136440890086,6.618045890068279,-0.657519110785353,0.751970408349048,0.04700131827304976,-237.9626862916086,-16.18966803876677,8.0,-7.0,left
102.56608807036594,315.03719794533424,62.933694625306195,81.9395789515172,305.15268590989456,54.20534807777505,0.8425368871233784,0.40375547568845,0.3565292550241017,117.93969587482997,82.99391591590654,-1.0,7.0,left
-62.327458478857025,429.1677514978768,35.31821153786787,-63.08795029525653,406.2167235560511,30.291167701095375,0.032351127302831566,0.9763308567764994,0.21384915868037066,-111.57242033975729,22.839390737947056,5.0,-2.0,left
142.24187551362309,226.99524139433458,61.93575577785088,117.438681962439,227.66330144876525,54.781321256380224,0.9605054341818474,-0.02587067311781087,0.2770559856411197,220.54907424608385,106.12720499173372,-4.0,11.0,left
-129.9313895382886,433.22669037602884,21.2632908096791,-121.43063941363032,411.8112374240813,17.920530204956105,-0.3651188043339893,0.9198228934414415,0.14357612413884274,-187.20968503781293,2.9125649147127035,7.0,-5.0,left
34.704567767288395,381.5392807782518,55.870945350166124,21.444058412412332,363.85053471266406,48.18687369691939,0.5665757617754423,0.7557790209074815,0.3283138402880784,10.763683272556333,57.00461142185867,2.0,3.0,left
134.24851589395723,253.1219844479392,66.03432034350583,110.9954957684188,250.7888782451681,57.83316749337382,0.9388703575742298,0.09420213989530762,0.33113201069601095,190.6515262454847,103.5061145396505,-3.0,10.0,left
-193.46085721018642,404.30018909674897,4.034606613263001,-171.3776453262289,390.750310315212,4.1912488294591626,-0.8523275058867654,0.5229734898900823,-0.006045790356430851,-272.5504676609457,-21.356340472125552,9.0,-8.0,left
84.53283933888966,335.7955333389973,63.77872049891842,65.97030406684925,323.1420282609929,55.25403835993358,0.772534780071724,0.5266130202212441,0.3547798479522086,87.31485809223503,78.10330733091291,0.0,6.0,left
-23.63563370432589,415.9971583370327,46.16349519627674,-29.563349656806146,394.14289565759566,40.04924158300734,0.2527286280027877,0.9317581792487301,0.26068167559481437,-65.79651173894023,37.91222909669846,4.0,0.0,left
-89.74575122953438,432.4468285410287,33.35065439582941,-86.71776807689267,410.1683064879744,28.588155272200186,-0.13175326891795702,0.9693805940068977,0.20722533651140904,-141.48907141684765,18.9986380732918,6.0,-3.0,left
122.88553911413382,277.7152930822328,68.55184144462402,99.92849605549338,272.6683807289478,59.565380562766535,0.9122777966724152,0.2005565816944675,0.35710821782416885,161.94357279559858,99.29479131658036,-2.0,9.0,left
11.961814382758055,396.2322306701351,55.80785524893075,1.3980018019500298,376.33422189702355,47.99113103953245,0.4430036507597501,0.8344421544691678,0.32780185517837884,-19.96586232736584,52.999950908230765,3.0,2.0,left
64.84214316525892,354.5455693947654,64.18909688563085,48.21806114645754,339.8839246885527,55.62802636306556,0.6996182623073711,0.617029823380777,0.3602894448977121,56.43609726816989,73.18361680805319,1.0,5.0,left
-157.38097943264648,426.6608154764756,17.59910420908939,-144.250379975349,406.7501265487005,15.442429259065673,-0.5482997667360511,0.8314187124629633,0.0900571505413105,-219.8866075709617,-3.4177764787845746,8.0,-6.0,left
141.72339425411818,212.9084000659364,66.41600497678783,118.37946798770956,215.0732061219602,59.5124036551385,0.955175341559122,-0.08857847391967028,0.28247817762701044,230.91316857456286,111.45446881202147,-4.0,12.0,left
108.23099329130653,301.1496143599372,70.325974290548,87.27238030020665,293.0969042427723,61.0414129436645,0.8626238928015528,0.33143701598102027,0.38213809546483596,132.21499830057274,94.85476531677018,-1.0,8.0,left
-50.12846898383565,423.9827845628351,44.91399406920502,-52.47122007052427,401.71836008332116,38.923314100104314,0.10108951700562183,0.9607080879529036,0.25849734871647323,-96.21285745168585,34.71576918555016,5.0,-1.0,left
-117.11237125704578,432.7539869422376,31.11057471432182,-110.38722004988506,411.13882124110756,26.45605575022605,-0.29099644073086833,0.9352854814832213,0.201400445899867,-171.25220441143074,14.722374390291918,7.0,-4.0,left
43.66241738530913,371.0710050445624,63.96608841919124,29.308478374717524,354.49556805036366,55.59420956721784,0.6115710476016751,0.7062212929508529,0.3566964243137505,25.650824343268,68.46019571587188,2.0,4.0,left
-183.14787851802836,413.2732310346652,13.126363269489847,-164.03055734184176,396.5850441415221,12.374683830980224,-0.7530166888013643,0.65733494356031,0.029608079322936395,-254.28751615895126,-11.005413287746535,9.0,-7.0,left
136.1527117872037,237.62541164699252,71.94563144855334,112.8375136451198,236.7295379628449,63.315340276052865,0.9372055269152042,0.03601160766828467,0.3469134826332643,203.90282047968003,114.43011979117155,-3.0,11.0,left
91.34850484111308,322.9438412085244,71.3667531668992,72.07958289164463,311.7972320204977,61.92221315100043,0.7968506156103272,0.46095896888989435,0.3905712808200417,102.07021770357439,89.90235951288165,0.0,7.0,left
-12.353354225190193,408.49508551239876,55.22483179060899,-19.885697423882117,387.42483535001213,47.91340707546782,0.31997569593720543,0.8950691413598222,0.31059102722855947,-50.5601612450639,49.4296532165414,4.0,1.0,left
-77.16934382894861,429.1110825686087,42.8286708175046,-75.90379032223179,406.5656600870819,37.20373488749371,-0.054383380702212096,0.9688221694283755,0.24171481528341324,-126.09165300897794,30.970160793722023,6.0,-2.0,left
126.39001425110872,262.9463100278508,75.07214635438112,103.83713578951902,259.4842508984438,65.78902361436246,0.9155480551542278,0.1405444324171693,0.37685411132140606,175.2353271822529,110.50414455988562,-2.0,10.0,left
-144.54930612745324,429.15595703865114,27.81452198177199,-133.76100587347688,408.46448168580287,24.269657084875632,-0.4570777632452571,0.8766546211984008,0.15018852645325775,-202.17507989471432,9.496680649423368,8.0,-5.0,left
21.517566355074123,386.3481264117173,64.14227987511386,9.842981479797654,367.9717723426306,55.55083722893824,0.49880494123575664,0.7851427960380649,0.3670754969053678,-5.060048277975925,64.48661064193536,3.0,3.0,left
72.36690564104231,342.5729469407895,72.03099094100098,55.33838427911243,329.3081323138971,62.83573204932634,0.7257828559850243,0.5653676463971511,0.3919166625260621,71.25369711954252,84.98078909613398,1.0,6.0,left
-38.32358952224786,417.8138408139082,53.95618604546353,-42.28271586610113,396.12384593000286,47.23399567448061,0.1717599606612698,0.9409835262738447,0.2916307926040726,-81.12206958243358,46.07241895386254,5.0,0.0,left
113.32244947241011,286.7840917196918,77.25328006888302,91.72795547836205,280.7258754871259,67.42869745060995,0.8819248250999729,0.2474191473435824,0.4012385430141987,146.3700039438608,106.32365582402292,-1.0,9.0,left
-104.50673012414893,430.9574381782468,40.64961586937394,-99.58981814986049,409.0886421608222,35.03645947646928,-0.21278997893868815,0.9464193518810513,0.24292145901159803,-155.52018365499293,27.090960261337877,7.0,-3.0,left
-171.5564282805865,419.7457321676984,23.05548189803291,-155.5501988591962,401.3649056589643,20.872040543100837,-0.6540942271648732,0.7511320869745328,0.08922628484292128,-235.7325352093029,0.9686851243015298,9.0,-6.0,left
136.84400185653496,220.96535617877234,77.07914227433045,113.33540265501904,221.71246132423673,67.83546062229868,0.9302347421932181,-0.029562933819445823,0.3657722752761666,217.64972252669057,124.41320337989592,-3.0,12.0,left
52.05050088294982,360.11306286134834,72.1699343651047,37.027237367278836,344.7676020416013,62.93820381534769,0.6426971456116969,0.656480787723642,0.39493462037699817,40.49922943730097,80.10807112125185,2.0,5.0,left
-1.8312899954148052,399.83836217320925,63.83329403673259,-10.689001649819525,379.54559081743287,55.403101176022346,0.37386500811270745,0.856514348577146,0.35582035690830305,-35.57088105052523,60.79849552491019,4.0,2.0,left
97.56664507239908,309.4601070865324,78.7562773704849,77.88425111190118,300.17114513538166,68.56540708681659,0.8190089722973976,0.3865252975115803,0.4240548286247252,116.51182026826737,101.769885924034,0.0,8.0,left
-195.12342635453575,402.58506511059227,17.36813725005856,-172.48696906691603,389.4108253388462,17.08774955005925,-0.8642334624182689,0.5029770651828785,0.010704874429375807,-270.84541262145655,-7.0022403179584245,10.0,-7.0,left
-64.9528962743882,424.43098516969724,52.44669388691207,-65.26492348116787,401.98741243959574,45.63648056013929,0.013302583370443415,0.9568316188004709,0.2903382416068243,-110.90024514267975,42.936987275846185,6.0,-1.0,left
-131.84425975113646,429.52108512270286,37.76044349699836,-123.1546184659361,408.79371031841214,32.8251982255848,-0.37763542767568514,0.900772631678554,0.21447645507862756,-185.44062333230949,22.089535100337997,8.0,-4.0,left
129.0766084294097,247.72682627867877,80.892428402179,106.63813960793402,245.68610611494398,71.29462299613033,0.916224349393183,0.0833282127754603,0.39190477227852955,188.41381720552135,121.54363459756512,-2.0,11.0,left
30.466234535278694,375.95805850697866,72.22668002546948,17.867715668267362,358.7258272273509,62.962228076566404,0.5414012332111406,0.740527625846485,0.39812503065698407,9.668825727609388,75.8605790634324,3.0,4.0,left
79.46324248760598,329.8334812771707,79.49060189723434,61.78143562345441,318.1047972947404,69.39195281214143,0.7524574850528534,0.4991195820768639,0.4297526916441031,86.26196436817817,96.73417793353477,1.0,7.0,left
-26.786879448774478,410.711964519768,63.22376527399064,-32.44147475795356,389.53899575950487,55.18471806322697,0.24223951257813026,0.9070374362586746,0.3443880192039214,-65.8549092798782,57.760862334557196,5.0,1.0,left
117.3327308318871,272.2806567847217,83.78620734192998,95.36294427540284,267.43958774013754,73.32303589851941,0.8854859455132791,0.19511789926668574,0.4217151238504609,159.87613721340537,117.80791069821767,-1.0,10.0,left
-92.1242212760339,428.09144663606133,50.222339635374595,-88.89844434252336,405.94315874917277,43.73998887126346,-0.13843475904388713,0.950497495658918,0.27819117210038563,-140.41584712570656,38.855194980757176,7.0,-2.0,left
-159.2085831509521,423.34639724289343,33.64231812307369,-145.84567843110193,403.64168078896796,29.706161268481317,-0.5537502071686993,0.8165508208969736,0.16311181733124425,-217.66880584544668,15.026627197276014,9.0,-5.0,left
59.85206142364571,348.4526964372254,80.03750393892687,44.1668172906668,334.5532251283814,69.9614118391082,0.6745172979760913,0.5977231690532251,0.43330523641885826,55.381897395513974,91.79397244009579,2.0,6.0,left
8.209701474486337,390.34097565985473,72.2645106485538,-2.0278471547615746,371.34585154602723,62.79565708875464,0.43444964030631467,0.8060938353200688,0.4018286185635557,-20.532693878415035,72.1581942915682,4.0,3.0,left
102.8631445715211,295.1599754767008,85.51038812935829,82.7623756866708,287.7609600204574,74.83786333067052,0.8399495505196554,0.3091821881223493,0.4459721147445266,130.8846707681357,113.35195248895653,0.0,9.0,left
-184.75108801502725,410.6589806073712,27.996560240740507,-165.74064228625124,394.37797842822545,25.692958503225604,-0.7563297758609916,0.6477389801705841,0.0916486972827972,-251.68108914090084,5.897694451142243,10.0,-6.0,left
-53.02660702757031,418.7522208223771,61.73729307357253,-55.04187946845471,397.0651066624014,53.9795247278667,0.08716243552087523,0.9379881604361083,0.3355308044215237,-95.88282322686057,54.58838754921789,6.0,0.0,left
-119.43096627248838,428.30734682790956,47.70738862762264,-112.4907919702878,407.1484747300367,41.356123007962,-0.2997132725246775,0.9137515173608514,0.27428109448755333,-169.7735000299122,34.32512592813296,8.0,-3.0,left
130.60963722100695,231.72321802092864,85.77437963986685,107.91465206258079,231.21707869933402,75.89894055574078,0.9167593541481678,0.02044539594694542,0.3989163726477105,201.77185138531948,131.7400822926453,-2.0,12.0,left
39.06285060193271,364.9508122254893,80.37013365492382,25.38235741877084,349.09473528043196,70.13965819499438,0.5869598605140409,0.6803030115482817,0.4389372786898783,24.689462070315532,87.42051593623454,3.0,5.0,left
86.1171807640534,316.63979213218454,86.90506441655234,67.72892765877864,306.6726204493617,75.93509153317461,0.7785675275689733,0.42201486837946683,0.4644739560855885,100.93493017563782,108.62126790275101,1.0,8.0,left
-15.984148536262314,402.7346566690733,71.90586522162491,-23.161938135316525,382.2048217736815,62.754027775595304,0.30420073206754444,0.8700715893409449,0.38786253238910867,-51.03691061711285,68.96163157894009,5.0,2.0,left
120.70615184299876,257.12789040346775,89.73779411416848,98.83055607429156,254.05612669608348,78.97341522133644,0.8902164492576927,0.12500389061211248,0.4380510253416383,173.20241234877477,128.77268027377556,-1.0,11.0,left
-79.9847837448533,423.9408013169858,59.97130846061356,-78.3686986740835,401.90299077968587,52.19479630263949,-0.0689884789217848,0.9407642303202548,0.33196875263493897,-125.24266699138789,51.39452140772044,7.0,-1.0,left
-146.82050641171836,424.81599894874853,43.79087805701963,-135.60906249144026,404.6316955743155,38.62444595613554,-0.47385688726850517,0.8530989618021286,0.21836165359406215,-200.3241190615633,28.295962784922793,9.0,-4.0,left
67.1618387547015,335.94014831317645,87.41941475334832,50.80602057414609,323.64766045553074,76.61558228498208,0.7068985408464592,0.5312813846434852,0.46694169152095244,70.47113349672692,103.49392566258433,2.0,7.0,left
17.208977203147846,380.1973125383263,80.31309687350199,5.93665868760127,362.44943763111473,70.09117543022191,0.48217236170335265,0.759163675815536,0.43724172597277905,-5.989015436453659,83.37912859573825,4.0,4.0,left
130.4930546117919,215.93108148698033,89.65422893097318,107.53061469190123,217.77421076610418,79.05763814025897,0.9055794504998546,-0.07268826856432381,0.4179022307256831,213.65591204531574,139.46017842514817,-2.0,13.0,left
107.5440897524943,280.6182879240152,92.05953475629569,86.89688952674575,274.8068759671522,80.71819856242402,0.8509659819944823,0.23951498646674665,0.4674285707420981,144.85753312502763,124.75769509962976,0.0,10.0,left
-196.49451783367334,399.05173197042365,31.379702939745904,-174.53799270354415,386.894235286164,29.16027275561713,-0.871441921932274,0.4825240885625565,0.08808791435752568,-267.7506483418009,8.913615146717433,11.0,-6.0,left
-173.37001058233983,415.7859471604284,38.711311673954505,-157.3346923418728,397.3254318302611,34.59435813665654,-0.6466740739544594,0.7444776883648772,0.16602895410750249,-232.95708660443307,19.294021600155403,10.0,-5.0,left
-41.51850444019849,412.0183214216818,70.64784770027208,-45.23463620125693,390.98163446552417,62.02857324878288,0.16132051044224419,0.9132208694382932,0.3741701972806248,-80.98526161381703,65.9049505118341,6.0,1.0,left
-107.21222163939194,426.0666773043526,57.09844689448197,-101.85958250678766,404.730488636751,50.10318629078496,-0.23188826985061678,0.9243312976582558,0.303050296939456,-154.53672765176344,46.762284700822924,8.0,-2.0,left
91.79068788748089,303.0257494108761,93.48267793926664,73.13122263788507,294.2932666461924,82.00370363193625,0.7911961936216219,0.3702735867220944,0.4867299602188186,115.24567729190805,120.0238847170034,1.0,9.0,left
47.02251519972286,353.4397092368026,87.91879051546174,32.70359178684461,339.19196933596197,77.06308721187474,0.6244083608822226,0.6213042462227882,0.47338697963284637,39.6759167714991,98.77115190663766,3.0,6.0,left
-5.865997752306567,393.58481124831087,79.96651740044396,-14.542707006078063,373.9767185392501,69.79605441541807,0.3656144693079732,0.8262351774491752,0.4285574539990866,-36.25875695775236,79.87828077855018,5.0,3.0,left
123.01090933056972,241.57042394525024,94.91003034461431,101.04577161492486,239.8574668560844,83.82044644998902,0.8905254488779037,0.06944786326795975,0.4496014003407049,186.22404800854707,139.5124201294348,-1.0,12.0,left
-68.01706887780182,418.69841548553876,69.09608279243056,-68.06548089636696,397.100164424935,60.452596252065284,0.0020810170596377553,0.9284126183454713,0.3715449898261362,-110.4597586669376,62.97199262635432,7.0,0.0,left
-134.2893742575638,424.548879278321,53.86034633496081,-125.21378679414883,404.0062207339953,47.371852198804035,-0.38823305750419734,0.8787683627179036,0.2775630698544701,-183.69684802337952,41.44970125382118,9.0,-3.0,left
73.97923926610471,323.11281149287447,94.57940242726548,57.2188053653682,312.28145875996637,83.11159513644623,0.7282047112499641,0.47059891981479374,0.4982514979229921,85.18421576848125,115.15131979497065,2.0,8.0,left
25.821105304121026,369.46255028711164,88.18483888186415,13.802065975426547,352.99365229577774,77.19864843451154,0.518960330373156,0.7110971608238178,0.47436378800166673,8.817744841409556,94.56331669189868,4.0,5.0,left
111.39380436319561,265.86028068195617,97.93180125747529,90.38493088960738,261.6230350697049,86.33293109192815,0.8621055371978203,0.1738766673701658,0.47596317848873787,158.38145919945168,135.9113136325513,0.0,11.0,left
-161.50627300783924,418.41200238951126,49.14595047920689,-147.88149369081384,399.18377061163073,43.44100193803428,-0.5619213718212367,0.793022340172644,0.23528693095376738,-215.35967873212826,33.57589255906639,10.0,-4.0,left
-30.540618115035212,404.42943090843266,79.50512255926994,-35.710378302469294,383.9070333247164,69.74272508446239,0.22181487460938254,0.8805385320929767,0.41886758635823057,-66.22599382266682,77.2613972530282,6.0,2.0,left
-95.20703973959962,422.49534728470803,66.86872046898836,-91.42842015908337,401.281631666728,58.559003820995486,-0.1636163041770965,0.9185655431351027,0.3598152970238221,-139.69441969108448,59.03014313826226,8.0,-1.0,left
-186.46540908130703,405.7836412241561,42.91742897242756,-167.21701282187507,389.8068869677274,38.4820891326213,-0.7576525448415886,0.6288746531161199,0.17458319496201333,-248.46343581935088,23.78657808793818,11.0,-5.0,left
54.53610600096563,341.2278408636735,95.32642771779203,39.480921205412855,328.52623617610914,83.52625314337303,0.6556689295386932,0.5531680721301441,0.5139098547541232,54.77541124577172,110.36535184555471,3.0,7.0,left
96.82062936933487,288.78985298166515,100.00027275787224,77.77496165149672,281.6072886858683,87.88458377827277,0.8040251642659173,0.30321659095048453,0.5114716357722404,129.34135070396084,131.53625823630026,1.0,10.0,left
124.22952931600881,224.88548240222656,99.30875979052934,101.46757464902645,224.95615371304248,87.51040845214008,0.8878171960858677,-0.002756494595049882,0.4601880355591347,199.94956280766195,149.515986254461,-1.0,13.0,left
3.644776887080882,383.7692169564241,88.04116510019101,-6.0914349137258945,365.5364857169824,77.13643920347013,0.4166182364088241,0.7801893066113084,0.4666196426865967,-21.53056625370059,90.92431294717359,5.0,4.0,left
-56.38414097425532,412.4237884957578,78.17429877184861,-58.26783251450513,391.3634116720758,68.57798036316814,0.08112301272472677,0.906985661160062,0.41327480839812775,-95.67026594029065,74.52959517211414,7.0,1.0,left
-122.31227554616339,422.84210793884733,63.58203685608481,-114.97817002209209,401.8180150772405,55.88698245745759,-0.31131110949975116,0.8924106223303084,0.32663232273316967,-168.66323283482967,53.69483753089701,9.0,-2.0,left
80.21800398841773,309.66771135146166,101.36295438857064,62.7046856591451,300.3426798969643,89.11943824602821,0.751169970461876,0.399963243431879,0.5251410090440051,99.90512693804442,126.76138319605235,2.0,9.0,left
33.901188894397734,358.1498170193232,95.67158621547998,21.011500688199895,343.4391408250985,84.04217917263492,0.5664545825266063,0.6464803344332933,0.5110698417297048,23.750027289890916,105.70336068358917,4.0,6.0,left
114.43368728961555,250.66874751618877,103.35766123466318,93.46946876846022,248.13339616031067,91.42427160603457,0.8643056445536221,0.10452660019741883,0.49198571386160883,171.37900505412932,146.63529481595475,0.0,12.0,left
-149.3524517985195,419.2062252035598,59.34967798463312,-137.9725778184512,399.4278087093178,52.38338457104693,-0.4769783854624866,0.8289966288687826,0.29198665915721816,-198.26192397854973,47.41389716128168,10.0,-3.0,left
-20.175268537406787,395.8854746631049,87.88870172065221,-26.793303001330102,376.56987544179856,77.15184108389215,0.28688209969962736,0.8373029321276528,0.4654271809019842,-51.60577723827449,88.24885290857574,6.0,3.0,left
-197.18029264032145,393.45253101605715,45.85154897082251,-175.47319617986003,381.5941592234348,41.401955654106665,-0.8637230740963932,0.47184336040325486,0.17704884782692318,-261.686389861148,26.30045728575061,12.0,-5.0,left
-83.3381931979362,417.71575913119204,76.17838941416784,-81.15103991869977,396.67588408531674,66.8546620021279,-0.09461266970937349,0.9101505447011211,0.40332918157593994,-124.9464554351492,71.31672083775118,8.0,0.0,left
61.36670712163341,328.7657608116342,102.11274244210693,45.895083358241166,317.3087279223954,89.91651913697439,0.678878718489767,0.5027226569421304,0.5351575616383804,69.3755594202193,121.71903773747832,3.0,8.0,left
-175.61910744080558,409.8807392012491,53.69021129121761,-159.2254327877007,391.96546900690174,47.564187431230295,-0.6545762665951057,0.7153314267242377,0.24460347738958998,-230.23789311519852,37.78883651348504,11.0,-4.0,left
101.36412599631501,274.1330194329323,106.00870506545505,81.6251473868,268.70546926573945,93.4479339626041,0.8218451756993327,0.22597957113258946,0.5229758508865051,143.27008861178237,142.71706407772461,1.0,11.0,left
12.463064023954896,373.3368146007051,95.92118112820128,1.8867288776052784,356.5294738161882,84.21789791512464,0.4588388953513683,0.7291619991848928,0.5077298957688295,-6.800122977721525,101.94217370978511,5.0,5.0,left
-45.29059319543566,405.2518972367908,86.69346368509882,-48.559794644070465,384.85830674707495,76.27125174426655,0.14131234236768306,0.8815198716470959,0.45050364902611634,-81.17245206158579,85.51212171721663,7.0,2.0,left
-110.35452651951873,419.866561039354,73.05858316580384,-104.55767599258809,399.43931581066937,64.5138877536649,-0.25326374506123017,0.8924640378195342,0.3733167778662152,-153.6699025526094,66.61423431677233,9.0,-1.0,left
116.43826661521793,234.77322766012452,107.69762044348346,95.0696613699563,233.84016884433055,95.3799581971127,0.8657484144044452,0.037802850539290236,0.49904972442362194,184.79141009079459,156.9169816568997,0.0,13.0,left
85.53225424082834,296.13044168889246,107.65022861834748,67.8723152680574,288.0635685122202,95.01067980304195,0.7622912596438113,0.34820657787740567,0.5455861202354378,113.8999245477515,138.06028659702196,2.0,10.0,left
41.597110587447155,346.1659839798957,103.08593311054453,27.9919747776068,333.1289053764676,90.5278957082935,0.6008164477781737,0.5757304715952268,0.5545755315157301,38.873590347781956,117.1514463477364,4.0,7.0,left
-10.310042956538652,386.3050975946502,95.73528530576402,-18.3306186232631,368.0233486994356,84.06839442148703,0.3468672637472958,0.7906340491377724,0.5045601071076414,-36.807170500681664,98.99251529589435,6.0,4.0,left
-137.50119312290644,418.1677107361397,69.470036980198,-128.10164131449687,398.3055214348159,61.38267616851389,-0.4014324369371687,0.8482667276756994,0.34539188944306,-182.33201753976573,61.115106354475834,10.0,-2.0,left
68.03285241081741,315.70595702709966,108.8470618307065,52.01755353857942,305.74600974698717,95.90496538922724,0.7001741522091013,0.4354397441179688,0.5658165655234425,84.32419330215174,133.18611740796456,3.0,9.0,left
-71.58291385606572,412.0252698197576,85.19048584478014,-71.12420786679262,391.4066561065612,75.17836468448972,-0.02000851731837598,0.899373235163445,0.43672353166088845,-110.35593188053114,82.87474780305432,8.0,1.0,left
105.14593337828487,259.2213662549867,111.4734076231793,85.056886831533,255.61352995067145,98.63777952334269,0.8331906023224438,0.14963454320629538,0.5323560121582235,156.70018064553594,153.69710304115137,1.0,12.0,left
-189.0508496496131,398.70486905928226,57.37219344847716,-168.6739582074821,383.3637246944493,50.650033023958514,-0.7725195815179089,0.5816065938410473,0.25484753514995967,-245.34500908675614,42.269294763677905,12.0,-4.0,left
20.66733791266664,362.243673504105,103.22084704144174,9.247221841797057,346.8251734145481,90.7219787813048,0.49871361547506177,0.6733220465665533,0.5458224540518837,8.050443614154997,112.76819719847343,5.0,6.0,left
-164.4576375258752,411.78595536438866,64.08067866136818,-150.43586420601372,393.44275339931914,56.564785754679335,-0.5774768502802927,0.755451842873484,0.3095367514357693,-213.34235562573897,52.489720311209794,11.0,-3.0,left
117.13785062219847,218.88465770508776,110.61844255610532,95.78779016081083,219.98785283092116,98.08572936983037,0.8615404317627078,-0.04451730742158486,0.5057334216541943,196.702076586614,165.05602043696234,0.0,14.0,left
-34.77264254450324,397.300643030257,95.04166806226732,-39.39302851319655,377.872487634924,83.87452840721495,0.20193767092327017,0.8491230986874563,0.4880687864814727,-66.7666638409272,96.36506706715664,7.0,3.0,left
-98.65821946365928,415.6472794986437,82.64652863562257,-94.48661900237161,395.4560227096272,72.76756162320217,-0.1824666428675466,0.8831696313580261,0.4321080032672104,-139.23299046040873,78.9624932589126,9.0,0.0,left
90.62268160934214,281.7329337496496,113.64560339275485,72.57407047740061,275.43590060410645,100.64644486198833,0.7807597659838199,0.2724015764518133,0.5623269235662275,128.1821929931077,149.3522238108612,2.0,11.0,left
48.58291765284609,333.9229371950323,109.89212124202976,34.52532267136387,321.9790711015943,96.68916637486237,0.6196984136776212,0.5265192859113839,0.5820234682972899,53.50019342462994,128.42903854120405,4.0,8.0,left
-1.1557844665156347,376.3257377572778,103.40612809588926,-10.143455888178401,359.2240139701572,91.0737895044626,0.39212951061958684,0.746143273910906,0.5380563740898885,-22.123509204558573,109.56868549352407,6.0,5.0,left
107.93609390822802,243.44878405249847,116.05937240273087,87.65055818886127,241.627891895181,102.992938417643,0.8383094768705408,0.07524924029396712,0.5399766409986834,170.39875404046995,164.12615157908328,1.0,13.0,left
-125.54589166435039,416.04328026284475,78.89848905739659,-117.9599423783236,395.9393190507167,69.81450859503353,-0.3251747888951133,0.8617644406285325,0.3893885020583052,-167.6556090110768,73.2962586876435,10.0,-1.0,left
73.88187601792369,302.4096411156826,115.11212138135278,57.317673568711385,293.8659249530964,101.74247537297256,0.7221543879955192,0.3724828971100418,0.5828803747419595,98.74257607525823,144.47623220191053,3.0,10.0,left
-60.25485745578847,405.27126978001763,93.86875218294719,-61.551965073683675,385.2415005807387,82.88728822820323,0.05669326684251262,0.8754501433360641,0.47997179086649283,-95.87167344073424,94.10965798346501,8.0,2.0,left
28.48135625130007,350.60739113770137,110.50433426491428,16.227644150838586,336.6884375255459,97.12125652927892,0.5358186997480042,0.6086348010442526,0.5852025290087024,23.025052712283525,123.8619393709103,5.0,7.0,left
-178.5964736225704,401.8226247612246,67.32695285634223,-161.470152657614,384.88131677993016,59.43481315072698,-0.6756038958551038,0.6683054519685522,0.31133133278633446,-228.3171482898498,56.01812714197773,12.0,-3.0,left
-152.76503555766334,411.8913790793845,74.29058970213134,-140.89775079026285,393.16735445648897,65.63021309280592,-0.4986325985394318,0.7867350649980079,0.36388661582475673,-196.82635378465793,66.90918915262097,11.0,-2.0,left
-24.846052417266826,388.4180064545615,103.08208063645131,-30.80037130195697,369.977565814189,90.95847411859906,0.2604923220750381,0.806741005230443,0.5303891973067786,-52.37734287229304,107.02811863539048,7.0,4.0,left
94.99838090620639,267.09501140137075,119.3108877949042,76.36245127945179,262.5392435466997,105.58445038005497,0.7900070608274206,0.19312633417083194,0.5818857816552631,141.8379133164423,160.41810905732785,2.0,12.0,left
55.252318779267284,321.20833881374676,116.4046146291666,40.653321354760756,310.4456899245928,102.40904279384071,0.637248765165302,0.4697914873940675,0.6109091337239666,68.31919918989946,139.72159885137194,4.0,9.0,left
-86.9032207994984,410.5719665385087,91.60065747500518,-84.28716016918096,390.8844655778789,81.17201728672791,-0.11662142678245094,0.8776495564366653,0.46489858991155264,-124.74793794967155,90.92944359225575,9.0,1.0,left
109.67563341288947,227.05787171165593,120.0004248692378,89.28919536385109,227.34758664139164,106.06741320871706,0.8255448274475992,-0.011731949500071732,0.5642145861597706,183.94887946914042,174.6629054519629,1.0,14.0,left
7.309315860858293,365.54635917690126,110.7987693244145,-2.882126585657879,349.6709115703824,97.28385038276909,0.43916052787302734,0.6840905973503955,0.5823728061775062,-7.29907417031729,120.23961587223076,6.0,6.0,left
-113.95482979204526,412.50054667922814,88.45091801647223,-107.92199414224449,392.78460023173943,78.04059721564164,-0.2611914713124962,0.8536014172884051,0.4507145834304005,-153.01545446443885,86.62436441979324,10.0,0.0,left
79.20068582137642,288.7589454712296,121.2807053622313,62.41727329770699,281.6215868075658,107.38625019474517,0.7320137677359508,0.3112981224588934,0.6060109923083781,112.72151130093862,155.86233404119707,3.0,11.0,left
-49.48715931247292,397.6387616014693,102.2114539056905,-52.260191397575966,378.517910806101,90.2672478224309,0.12208057959388893,0.8417805765633948,0.5258343779239036,-81.49676341776093,104.93750474060553,8.0,3.0,left
35.803203884753216,338.2385511173195,117.36480905751571,22.91486786690476,326.0065007110476,103.20866576895024,0.5673066369861276,0.5384188750058173,0.6231117834457635,38.073340666314415,135.13963183525902,5.0,8.0,left
-191.73135908917146,388.5455935394282,68.5641952665673,-170.90459846176307,375.3152363248216,61.04910952237656,-0.807461518058987,0.5129460366923244,0.29136276408544876,-243.6440950791331,58.303872824500104,13.0,-3.0,left
-15.25390858040436,378.6833419810338,110.7940384657973,-22.394975843122204,361.35333413203136,97.57511273709639,0.3113463851474172,0.7555782770080959,0.576337484265177,-37.53535109461119,117.50301246105013,7.0,5.0,left
98.64300339939433,251.7072194205743,124.13068377495082,79.35899905074675,249.07563615845768,110.01196162223418,0.8020142325183645,0.10944652324882105,0.5871921571229679,155.9699107543326,171.23346246366253,2.0,13.0,left
-140.81413030430838,410.4209253621028,84.20349815837395,-131.01602505711466,391.70835175750494,74.35724757789399,-0.4204336128229957,0.8029506447739596,0.42249951392360896,-181.14639692900272,80.80823071089308,11.0,-1.0,left
61.594340547288695,307.95378477844713,122.6566242486222,46.56453633211003,298.74019843994677,108.17471024014608,0.6587768942723158,0.40384410244394886,0.6347621164610909,83.29299120746072,151.05412118575413,4.0,10.0,left
-167.71149773674398,403.3561439359149,77.82610457619367,-153.17579111341567,385.7959806832491,68.65420710812462,-0.5915622532823875,0.7146491058839873,0.373270352359629,-211.7723227550922,71.34222088849995,12.0,-2.0,left
-75.46199218519226,404.3104520507351,100.49610206297483,-74.59942589933121,384.94702026131,88.81432358397356,-0.038114804449788785,0.8556251597452882,0.5161907086461401,-110.37805860302026,102.52318392289445,9.0,2.0,left
15.168258825268595,354.1760812645641,117.70454958832133,4.326898514550024,339.7482018540003,103.47202930535028,0.4716919932759296,0.6277362805832736,0.6192364859396272,7.499639792072017,130.8485390863665,6.0,7.0,left
84.08238039870861,274.29600254399116,126.92521670434562,66.90940477689418,268.7106895088576,112.31779708701225,0.739360869037549,0.2404686287597938,0.6289040816519039,126.7799925506479,167.09716703001698,3.0,12.0,left
42.68256861975748,325.81747321446073,123.764768847776,29.14467425727691,314.6820131255853,108.82876052409947,0.5878503817606919,0.4835304729861217,0.6485601054317374,52.973016717597154,146.20138525211823,5.0,9.0,left
-39.44514244622282,389.28732067762076,110.14191229046577,-43.50501741360756,370.8929105393647,97.2680218960756,0.17793911958875494,0.8062034352413014,0.5642461260169214,-67.3499588184839,115.41686780322244,8.0,4.0,left
-102.5037495924608,407.9639385555576,97.74274861399104,-97.79937770731676,388.91650702332606,86.47896257060324,-0.20794469235716262,0.8419428537679757,0.49788677016920413,-138.99218371343116,98.7448174855937,10.0,1.0,left
100.89589933786189,235.85364076545778,128.04180794569388,81.32087433951486,235.01065795550414,113.4398434727257,0.8010789172111052,0.034497823460366464,0.5975637778316057,169.54597026389632,181.7968122104129,2.0,14.0,left
-6.430262645061127,368.16790914420085,118.20844335092772,-14.868598835557762,351.9715763716573,103.83122083741635,0.36305044775279977,0.6968300068024674,0.6185647209517893,-22.624771224228844,127.97591885515745,7.0,6.0,left
-182.5596833968693,392.36014846754597,79.68190541999388,-164.27097389020597,376.7496365300751,70.22949312518983,-0.70786945518509,0.6042090928456042,0.3658581781765385,-227.82165353262462,73.22288915462323,13.0,-2.0,left
67.36517048609382,294.563088723919,128.44748748362656,51.97905312907022,286.877026361942,113.79492509482967,0.6809711658926358,0.34017593433795906,0.6485048996885996,97.75112221208428,162.2013565821298,4.0,11.0,left
-129.07225667792255,407.91974886681675,93.48723538129188,-121.09776739967131,389.0390557252696,82.74206951944649,-0.3445960621401466,0.8158782688187904,0.46432338345894003,-166.9010856251434,93.05019657890304,11.0,0.0,left
-64.63897989300224,397.24516304639496,108.8426956323093,-65.2454137552108,378.58826326771145,96.10666481552218,0.026836137580448765,0.8256120914191364,0.5635995885575883,-96.30825822557011,113.39068692255015,9.0,3.0,left
-156.21845959980067,403.1351841149509,88.04270805015582,-143.83541811329889,385.94303039645035,77.56730156331824,-0.5239137009124673,0.7273822744706155,0.4432036335389819,-195.6345239286875,86.2254773367212,12.0,-1.0,left
22.697143844910432,342.1039306721914,124.41749248277091,11.315597041087354,329.50392140672994,109.74245911866322,0.5071472684014882,0.5614404079650913,0.653900846043879,22.538222319991768,141.75144897917642,6.0,8.0,left
101.8841609535728,220.60021853041013,130.17081907528777,82.54381775719641,221.8939571675261,115.82008507366912,0.8019130147477002,-0.05364257708620367,0.5950277226329925,180.5427578315573,189.68956784129077,2.0,15.0,left
88.42152169163808,259.3207053137477,131.65807287721591,70.62662215594601,255.64460183433306,116.83121463665259,0.7587716083813028,0.1567484516592442,0.6322148125573147,141.31978294755103,177.7369453667077,3.0,13.0,left
48.99408674248106,313.0387681547355,129.96641214734032,35.43508486089726,303.24499924136745,114.57820180577701,0.5965772954470884,0.43091226194950677,0.6770599331363488,67.65809298632635,157.3900480211161,5.0,10.0,left
-29.635012790332127,379.98707372283906,118.04573978954775,-34.939789150807535,362.7012037361211,104.14949872987783,0.23261921511544034,0.7580009477605043,0.6093626702984469,-52.62074711757227,125.90186276171168,8.0,5.0,left
-90.81952645337122,402.48381049383505,106.30116430780289,-87.82031524293569,383.85217847784725,94.38427091030178,-0.13437826209460588,0.8347815991028803,0.5339308611380985,-124.68037310312607,110.3946618511547,10.0,2.0,left
1.8280041470779724,356.8504811258307,125.15533780046627,-7.758440046991778,342.2733657652899,109.85668953931714,0.4131317290340883,0.6282067418652488,0.6593014969953832,-7.540640107948644,138.47111548117726,7.0,7.0,left
72.66446768281213,280.55555117677613,134.18495191489967,56.95974361286525,274.3884284329861,118.86501011739196,0.6891137032604808,0.2706095804999063,0.6722296920847,111.94629364168648,173.56198736801286,4.0,12.0,left
91.64983731973321,243.62862300769308,136.03741658928763,73.11418739784997,241.91349931667986,120.43002679277087,0.7630342992570597,0.07060438717966941,0.6424902167879845,155.53679240780065,188.9238102014014,3.0,14.0,left
29.722362017703198,329.79566007120076,130.94929420215442,17.795518193055372,318.55180521319136,115.52483524300345,0.5299051800120269,0.4995602374074439,0.6853029033922443,37.50605682167148,152.7441343167548,6.0,9.0,left
-117.84563785323752,404.07304396519277,103.03546991341334,-111.25348759052156,385.73252100880336,91.19005305152365,-0.28904458036513103,0.8041729254245679,0.5193834196194925,-152.64741974136635,106.53545905344845,11.0,1.0,left
-54.24850794892865,389.28980162549124,116.93561226805443,-56.24316236330641,371.1283033392276,103.44111384471405,0.08781655899667364,0.799577247180025,0.5941081364179396,-82.09700550692452,123.9381934575701,9.0,4.0,left
-171.33143364311587,393.2324988223355,90.17299466276188,-156.02116824497497,377.61899639604326,79.2667921837626,-0.626538745143481,0.6389480497608954,0.44631221195569,-210.98040355459756,90.02710369420052,13.0,-1.0,left
-144.58469582137008,401.4652949733412,97.70001328683671,-134.22225367605174,384.2590661185428,86.35645486839394,-0.449222051899322,0.7459069322856421,0.49175440664582293,-180.56218196786196,100.06863963473636,12.0,0.0,left
54.88458342716412,299.7759516252938,135.8131799617158,41.0050180237253,291.40853896622457,119.9295122665097,0.6116383010376087,0.36873129050609194,0.6999541585743595,82.25175716874348,168.66660473981244,5.0,11.0,left
-20.40158020689598,369.6700828717497,125.4243557377614,-27.068018893516037,353.61982684365546,110.32271292368154,0.28954107223341957,0.6971050899069294,0.6559043078954229,-37.52857660483542,136.20162387445708,8.0,6.0,left
-79.8600476617583,395.91201585096536,114.80828545981899,-78.36260527347278,377.6177951456729,101.61182556464951,-0.06623858305260821,0.8092353115218515,0.5837385208304441,-110.74749572132026,121.5746928830145,10.0,3.0,left
9.571062665230915,345.21010112434385,131.52514216613042,-0.6861131800455462,332.1481411199692,115.82606736139802,0.448821709886389,0.57155023098593,0.6869420690237191,7.396643722984152,148.77054201768334,7.0,8.0,left
-185.15767798161946,379.9936757311852,89.73240887795328,-166.5153995758217,366.54991436111123,78.73994522937883,-0.7317150824836154,0.5276717118833714,0.4314575327237527,-227.5984010592774,90.45497126784905,14.0,-1.0,left
77.4837744324978,266.1705333473366,139.08510951006662,61.36858615029004,261.64761864137796,123.65725576077044,0.7079413380906127,0.19869195649058757,0.6777466844245094,126.5377854847603,184.3350380148017,4.0,13.0,left
92.92170462820197,226.87657608285184,139.04562174857188,74.75413661863129,227.51033081363383,123.51927573417298,0.7599367258640057,-0.02650951931802727,0.649456248001836,169.64139234875915,199.79762990195644,3.0,15.0,left
36.316408122029785,317.21220504131685,136.7504164120916,23.902070870024595,307.2279882990901,121.07303904988078,0.5554190790607719,0.44669516829946065,0.7014079221346167,52.48743741515542,163.54468375412932,6.0,10.0,left
-44.198328763228474,380.34496839886765,124.91093247950819,-47.64257940766612,363.317771801022,110.27456922248281,0.1516230028470207,0.7495722421947778,0.6443228373562014,-67.37363606399755,134.46719203980768,9.0,5.0,left
-106.38710104537682,399.3198000718836,111.96033818380809,-101.20151417737186,381.3990015322028,99.16625325570956,-0.22923229512924467,0.7922007449429374,0.565570981028583,-138.81144395663011,118.26467546559698,11.0,2.0,left
60.599979203033215,286.15802983569614,141.27126732200773,46.397061439246976,279.32085623159446,125.10113314216358,0.628950883627151,0.30277203961403604,0.7160655542704052,96.78429607319039,179.81558390785946,5.0,12.0,left
-160.20043536456916,393.31308600446664,100.1286118348892,-146.89710007400956,377.19956194541794,88.2069638786329,-0.5529871071575931,0.6697997803491277,0.49555374437263305,-195.52698231026426,104.60617420556542,13.0,0.0,left
-11.980908927946793,358.85371460820943,132.37184696417006,-19.90073479347792,344.2248003521258,116.30963915738417,0.3424925122362549,0.6326267369918804,0.6946094519261201,-22.699613969742128,146.3445440612161,8.0,7.0,left
-133.1742542242813,398.7204898427683,107.04424931171135,-124.5524594663416,381.4003249133807,94.77319607003673,-0.37632102363374953,0.7559843836145861,0.5356025568480057,-166.71128876564927,112.51686385870562,12.0,1.0,left
81.57895583771582,251.0866932850982,143.42489375478732,64.59328164453478,248.3725474388938,127.36254613637406,0.721731145211584,0.11532563073879976,0.6824984636805225,141.19513429842425,195.2114371835545,4.0,14.0,left
16.602025657002166,333.20296631744293,137.77441155940744,6.020779878607234,321.54092185670413,121.66617562542334,0.4697252359043765,0.5177043138562093,0.7150807270296476,22.16418485335482,159.2944030507871,7.0,9.0,left
-69.22064268073416,388.4290591345557,122.97048673407625,-69.04012129790812,370.72818338927857,108.90407788898462,-0.00798409723989185,0.7828740893134073,0.6221289371769868,-96.60022367477809,132.26481407464772,10.0,4.0,left
42.516358565710405,304.21125586254846,142.75692892477667,29.88049606787346,295.76711923348796,126.30922493762006,0.5642497833933555,0.3770698094179883,0.734466160395449,67.26778749174619,174.8242948248427,6.0,11.0,left
-175.20741694261528,382.22400632691455,100.80057831510182,-158.5980811004968,368.0099645566909,88.11974307297166,-0.6572029796862912,0.5624252946398922,0.5017589375792831,-210.99078195475562,107.88958690986927,14.0,0.0,left
-34.83261231927797,370.4617600875267,132.15550624588226,-39.580026677631196,354.68490716570886,116.57337182781889,0.20934857657195097,0.6957180167254847,0.6871314391663769,-52.52001088940739,144.50975895627138,9.0,6.0,left
85.05308251717966,235.04157501003323,146.8356776914428,67.17090508417343,234.4241061866397,129.82715934013947,0.7243588487724196,0.02501199911150869,0.6889692722506141,156.36916152210665,205.68369865316112,4.0,15.0,left
-95.15566390584652,393.3721615750994,120.42469802628733,-91.54149815887874,376.11343874800065,106.93116239655612,-0.1627736388431879,0.7772928285621041,0.607717534026846,-124.75743432965339,129.9036606452159,11.0,3.0,left
65.91349685160132,271.97648968387296,146.20728719112918,51.30393160413505,266.9365509354077,130.05364258482615,0.6535030058501055,0.2254423773488863,0.7225714883941653,111.88027358278094,190.84060921124603,5.0,13.0,left
-3.844473025738983,347.51247604187733,138.6289506289147,-12.778398399021734,334.4005492029637,122.13257277662265,0.3903294602401316,0.5728692721171306,0.7207383086340261,-7.601508352772406,156.26869927733205,8.0,8.0,left
-121.94648437145784,394.85024212612177,116.17025035891399,-114.90471761356159,377.765518221589,102.78662629796798,-0.308625184891317,0.7487859588562669,0.5865748742236592,-152.7687746211417,125.50938997416972,12.0,2.0,left
-148.8369843036232,391.656648142261,109.89785042165988,-137.6327996319418,375.3465417345456,96.91584976464235,-0.4734270073339276,0.6891750798627128,0.5485476989497493,-180.81942586166605,118.67126080333603,13.0,1.0,left
23.407526934318987,320.78784671250037,143.8970515869309,12.649556564787341,310.5540438873584,127.4208160880136,0.4850407822459043,0.46140782667663355,0.7428581675123639,37.2317347601412,170.07477181224857,7.0,10.0,left
48.29567467230297,290.8409466466994,148.15767426365716,35.18457201316657,283.7229604953997,130.9299953939061,0.5753142237198112,0.3123367106144747,0.7559492861218938,81.83257701148433,185.97756624000218,6.0,12.0,left
-59.14771715479495,380.01946084468364,130.91027671348633,-60.5062321422018,363.1790910609187,116.0361938720584,0.0603527014043622,0.7481417713606875,0.6607884997323189,-82.25368179438622,142.6447264197932,10.0,5.0,left
-26.100793533739942,359.86206380355407,139.09495830273363,-31.977182546637657,345.3904153660951,122.59723305155569,0.25865964354071397,0.6369951713652519,0.7261765215570828,-37.629757132798765,154.47696296757718,9.0,7.0,left
70.45416981803889,257.4734118810702,150.48161549046353,55.57166187238789,254.16654342356514,134.0286720900529,0.6634966062906557,0.14742783991896924,0.7335102490474209,126.71936237807799,201.70040008455896,5.0,14.0,left
-84.55047663144282,386.31649195665017,128.5716371915748,-82.23525648410426,369.4648150211892,114.0876088993972,-0.10363037041345817,0.7542891871069969,0.6483120919290611,-110.957336284252,140.79213307760259,11.0,4.0,left
-164.29681516109872,382.1523828636048,110.90051997371792,-149.80327118402147,366.8445520362458,97.03793737217325,-0.574451884639654,0.6067261590698062,0.5494437188050746,-195.8097270375894,122.93643449647391,14.0,1.0,left
3.3811324212480747,335.9712906510365,144.55399703321882,-5.920488759654194,324.0536512673233,128.0365453182621,0.4154097283107241,0.5322409117948259,0.737668197387296,7.020956448586752,166.17914753682888,8.0,9.0,left
-178.63564991162588,370.18559653634907,109.49406906534746,-160.5193598666452,357.249735365936,94.65444495333124,-0.677155343477435,0.4835199421227215,0.5546792824413015,-211.9145620577974,122.5502720524473,15.0,1.0,left
29.890817709834714,307.88568865671584,149.4050461353931,18.500929526302023,299.264002520727,132.66120780585265,0.5174981605236835,0.39172524296045647,0.7607542230459028,52.42724743339491,180.9660764077429,7.0,11.0,left
-110.81251078478178,389.5585564871427,125.15239381325844,-105.1270615736774,373.3373787606973,110.92176972163699,-0.25478089373635565,0.7269163798927399,0.637714099601489,-139.03872147454416,137.49547836320562,12.0,3.0,left
-137.51838043490307,388.6674341990397,119.26412101824917,-128.19647163688472,372.5466856512653,105.33417855106023,-0.40084692116722215,0.6932005624920956,0.5989947628747695,-167.1846398852398,131.29629604688574,13.0,2.0,left
53.585147609533905,277.26370635727943,153.11057238441964,40.526148122238794,271.57565276188154,136.00478619538296,0.5866625472394276,0.25553014335876134,0.7684604098465952,96.62898475924912,197.00964080625067,6.0,13.0,left
-49.5312960461881,370.67667753981345,138.310642868066,-52.05693889835678,355.01899827189766,122.63622145459108,0.11326444227830308,0.702180954892425,0.7029317695920045,-67.48877614227084,152.69269866693455,10.0,6.0,left
74.4315538417242,241.8712479616949,153.63202354052774,58.617727309835686,240.52442019916083,136.73906835241203,0.6822499434617655,0.05810568131556938,0.7288063833730267,142.35533996870822,212.06937708880014,5.0,15.0,left
77.25778202796725,226.0020802473324,154.30296620321133,60.26113472168812,227.10041703822782,136.88886988328358,0.6977668121527724,-0.04509024323697494,0.7149044312514701,156.57744947618352,222.13509870654113,5.0,16.0,left
-17.79632167518986,349.09321231769457,145.4669269376521,-24.867926751959466,335.813110596534,128.35552098983305,0.3103585104448272,0.5828369293803911,0.7509851588046896,-22.826992672469125,164.03629119578932,9.0,8.0,left
10.263291766812948,323.79283255476895,150.61118439509988,0.7889301583038801,313.3178485037387,133.43565148713958,0.426061398030667,0.47105932130800493,0.7723825482990895,21.99437882240543,176.61521728454798,8.0,10.0,left
-74.19945967262876,378.58497930434083,136.29303821869652,-73.47906616730953,362.3059637256225,121.17703448096111,-0.03241141664364507,0.7324135386762196,0.6800881622517259,-96.79957718975929,150.91821464991742,11.0,5.0,left
35.95017521718168,294.80537922167093,154.8138479173367,24.145340306368745,287.6340315855032,137.42522447220375,0.5315840055747109,0.32293324985942257,0.7830278163337351,67.17557666244517,192.02244164617792,7.0,12.0,left
58.69648207237334,263.130463495674,157.65543370292278,45.29040046086716,259.13329164061844,140.24395649057942,0.6002228730619278,0.178963103797947,0.7795541739560441,111.90513529620483,208.166384509391,6.0,14.0,left
-40.525569119177774,360.4991562694855,145.39395711920338,-44.38282325511976,345.97840031444935,128.50992240429574,0.17066804656537551,0.6424852929461845,0.7470509127425079,-52.67506362145665,162.582704858409,10.0,7.0,left
-153.32996382412358,380.6675076827381,120.98985564348108,-141.0412356248213,365.4550580293785,106.42210815779069,-0.503936667549763,0.6238327562666615,0.5973947834619749,-181.42070246189942,137.26762710928415,14.0,2.0,left
-99.86598544937155,383.3303831408855,133.46467589549718,-95.61195711361475,367.49129916107665,118.57862824610501,-0.19206617165955098,0.7151226984139969,0.6720938267214834,-125.02672313770347,148.9326360147932,12.0,4.0,left
-10.192672091994178,337.825500857758,151.23334764285207,-18.038268813995405,325.706751490991,133.95509351354136,0.3484504616141241,0.5382361547075172,0.7673878534134935,-8.043867390557374,173.52198777080076,9.0,9.0,left
-126.48469453951952,384.44544714611294,128.56958239428485,-118.67784373311176,368.81497795490736,113.6121951939599,-0.3394340969953055,0.6795972315975488,0.6503322970619935,-153.26202473434182,144.63794159843764,13.0,3.0,left
16.95202470026821,311.23367081984753,156.21360032769817,7.008411255262509,302.20938925630605,138.73961021814438,0.45121237260599184,0.409495755026077,0.7929190509900078,37.18619661132597,187.23289064056743,8.0,11.0,left
-168.4628379684287,371.0768266182449,120.78640341699813,-152.30983464712108,357.0276328602892,105.74984837758682,-0.6174462012697699,0.5370283868703185,0.5747701281668997,-197.15347082689988,139.8709405604818,15.0,2.0,left
41.323421585749884,281.54830206591004,159.71246017393932,29.303923891914465,275.55547568451686,141.7528347829384,0.5359599755634721,0.2672254001575247,0.8008354950329394,82.00677864383645,203.00577617846952,7.0,13.0,left
63.34213930341079,248.0678392399912,160.77711380058787,48.98087997886145,246.08585691162324,142.88781238215714,0.6236949110661185,0.08607548015743849,0.7769141970809215,128.03678091776482,218.58431977026453,6.0,15.0,left
-64.42924693666002,369.81179946320486,143.93795420405348,-64.98486529559132,354.54070553279996,128.00536746493177,0.025168109986313466,0.6917420302508014,0.7217059857200965,-82.22736820732985,160.98053754527163,11.0,6.0,left
66.7332503498076,232.21344250371473,162.5256375985307,51.51557247655548,232.45352179924404,143.62607104059637,0.6271245477450168,-0.009893731546019826,0.7788561585374435,144.24872043829896,229.27745924346584,6.0,16.0,left
-31.95992442664066,349.95051674831177,151.8893781898874,-37.085640445947774,336.7535933846259,134.47778875983374,0.2284092834378139,0.5880738998667161,0.7758854860963542,-37.86336555506327,172.02963353633,10.0,8.0,left
-142.09438351818227,377.6718776655114,130.49523372575464,-131.93650354535808,362.8256877409788,114.73005839982173,-0.424673065104205,0.6206784286916013,0.6590986845169124,-167.87580784656086,149.9678559919612,14.0,3.0,left
-89.40482013113404,376.0297700944095,141.55071204008118,-86.59645240999859,360.73062932438813,125.64959276853972,-0.12625273093684372,0.6877868196054665,0.7148493118888668,-110.94755625493514,159.5890917480057,12.0,5.0,left
-3.026849013981895,325.9940924974345,157.09877265641967,-11.357013101434646,315.36708341776716,139.41851430067305,0.3744446187318624,0.4776888331755385,0.794735557378769,6.96733928394363,183.4421453944822,9.0,10.0,left
23.06243076437037,298.29294019305445,161.311127117738,12.620602356071169,290.77700886592345,143.6085408742525,0.47714784976221747,0.3434466006787388,0.8089340899909653,52.03424300396917,198.019781260223,8.0,12.0,left
-115.53537290236028,379.0509236210837,137.3779017417421,-109.03289666529287,364.07476508500827,121.87446826279267,-0.28880676338279465,0.6651644261390203,0.6885832844496754,-139.57018621121142,156.28314244821476,13.0,4.0,left
46.56655188386026,267.92409630197733,164.27059508353335,34.20840115672512,263.4964256469133,146.13696517762145,0.5520351371701366,0.19778281001587125,0.8100241770415091,97.26398477954442,214.1516278246795,7.0,14.0,left
-55.051144613192704,359.9865587815084,151.26430181684282,-56.89028030278379,346.0329837560661,134.18243294259122,0.08309428769781842,0.6304387349663099,0.7717786864160419,-67.25385892790358,171.00511571738656,11.0,7.0,left
-24.001279966029156,338.98785060818085,157.8181648342695,-29.96653628976309,326.9046475972582,139.96070589910946,0.26664723440405463,0.5401197351379698,0.7982292428238635,-22.997671292121144,181.2479811873748,10.0,9.0,left
51.24642689144538,253.43715610795232,167.50047361350957,38.14708658297498,250.9112433062682,148.7101485976255,0.5684365806028542,0.10961019426007666,0.8153928250523199,113.25089787318475,224.90167094251413,7.0,15.0,left
-157.3228717319651,368.75369298058644,130.76915056161818,-144.61883504684994,355.0100473923169,114.67770707360748,-0.5147027426055216,0.5568223906318547,0.6519431816081679,-182.47939319665005,155.78591583309296,15.0,3.0,left
3.670251851094423,313.7499000590608,162.4607807891643,-4.80295304679821,304.5654953469465,144.49806681991586,0.38722839676460347,0.41973047445056144,0.8209022460418911,21.951021279357718,193.55472065483215,9.0,11.0,left
-79.26731282254875,367.99039138683634,149.0237046850355,-77.99261366498457,353.111447917772,132.33018887268798,-0.056910676470586785,0.6642906547535248,0.7453047034004238,-96.4577499826262,169.36013804824603,12.0,6.0,left
-171.16696583575683,357.7283421789254,128.47689206534696,-156.0311647416625,345.27315005140656,112.03999155744683,-0.5916775608544875,0.48688917436023754,0.6425391784724807,-198.4724777930344,155.68421258328829,16.0,3.0,left
28.93844447814173,285.17622659364133,166.14268866358066,17.989088987386353,278.9758474537548,147.90917546431234,0.49424114105704875,0.27987788538523656,0.8230395274583808,67.48230805969447,208.89902444049443,8.0,13.0,left
-131.1379879237591,373.6086317387205,139.6347280421803,-122.61548681796395,359.10879075768526,123.0441028163263,-0.36074510703446905,0.6137572317977772,0.7022570954904045,-153.94399490837043,162.83956578447362,14.0,4.0,left
55.117481329155105,238.69173967303402,169.49852578125146,41.576478547234586,237.94085114497813,150.346600391153,0.577013350863431,0.03199709155048196,0.8161077006484287,129.37461549656638,235.54018513129486,7.0,16.0,left
58.28918852175414,225.03034488006384,169.20177101339814,44.39938965400589,226.41437089932072,150.61065581307966,0.5974609373062955,-0.05953300624399676,0.7996850939967776,141.46371473157552,243.838219648229,7.0,17.0,left
-104.71413684899434,372.50860908968815,145.5560062498622,-99.7561031433379,358.20178674476574,129.48413399028112,-0.22453804861725085,0.6479233829285215,0.7278584715297457,-125.26808299180254,167.51107991845174,13.0,5.0,left
-46.34091514062533,349.69539771925963,157.60436619269603,-49.256145440320736,336.9044180624718,140.17011040356732,0.13361080033984005,0.5862360271339792,0.7990466034736121,-52.59105479928513,180.23749392487449,11.0,8.0,left
-16.654791011595965,327.43916322681275,163.47681144661698,-23.24980787597154,316.66200986911406,145.24165977252505,0.29727737272440763,0.48579160622480616,0.8219687822463798,-8.04218185501756,190.7033348395999,10.0,10.0,left
9.99498136813278,301.18656454823895,167.70634084992514,1.039500466266222,293.37726541626796,149.30319354828336,0.4088188416518463,0.3564954981456918,0.8401060138531908,36.76444960744573,204.0308859674725,9.0,12.0,left
34.16774666755241,271.76868125825695,170.68704933595296,23.08401093558355,267.0498181027808,152.02442799525517,0.49897875569441374,0.21243852456895707,0.8401726457369457,82.80264021677681,220.1031355076164,8.0,14.0,left
-146.50853953770363,365.9060478981613,140.48228714680693,-135.8678174393647,352.80820924794654,123.50611412414806,-0.44453464757906624,0.547184959311137,0.7092091140174558,-169.131917089885,168.34410632102708,15.0,4.0,left
-69.85653121390354,358.6322388894909,156.48940122288502,-69.66534021569538,345.1495882094147,139.15410245403956,-0.00870552265168125,0.6139071504418859,0.7893302379306677,-81.7977995479664,179.3866467635392,12.0,7.0,left
-38.14079239856703,339.0412553531537,163.80799238806054,-42.03389536121749,327.3299434810863,145.4250859004461,0.17582899232021462,0.5289323670523906,0.8302497916555072,-37.76940222391351,189.32304794629596,11.0,9.0,left
-94.37610817013024,364.8173966008505,153.64446177303967,-90.86989254326394,351.01154113209634,136.23035490661724,-0.15584776662143213,0.6136564233576923,0.7740395776127706,-110.63623990135079,178.07170339690853,13.0,6.0,left
-120.14024565329277,367.83178758656027,148.42452927181859,-113.09979609243535,353.9053907436072,131.31025720803936,-0.3039846458126078,0.6012983652758884,0.7389408711302464,-139.7284278643924,174.47327081506938,14.0,5.0,left
-9.801760975743976,315.53160433077085,168.70494219789947,-16.69945255825835,306.0421475114741,150.10386816222012,0.31365202841437617,0.43150485119807075,0.8458285691935914,6.842769449332749,200.3331384224178,10.0,11.0,left
39.02018269100402,257.60082773261576,174.24129030377463,27.47350875897473,254.74838533104844,155.07553591040352,0.5119038150056602,0.1264585937077376,0.8496838872546144,98.91739242183766,231.17852128197745,8.0,15.0,left
-162.19373915158417,356.12243648166407,139.40815286938758,-148.59791762226422,344.27150816163856,122.38822989962955,-0.5482504150087146,0.47788773599895135,0.6863270315415012,-185.71433596532023,171.95888877071076,16.0,4.0,left
16.075936886443543,288.324900684931,172.49523960325678,6.640356815244385,281.87473431865186,153.8232075492557,0.43099688672865577,0.29462964669588987,0.8528980331306089,52.38546566083653,214.68502572434102,9.0,13.0,left
-60.89971945308835,348.6966024640766,163.08474133082586,-61.79193964734414,336.1242553740517,144.93057249900397,0.04037097028665251,0.5688706152052961,0.8214355774581852,-67.12445175698733,188.72906029451923,12.0,8.0,left
42.961127165050044,243.1378334521186,176.447839170296,30.80288721884911,241.99398061724946,156.72940195640092,0.5242042961981026,0.049317382524938586,0.850163308799163,115.23904765935941,242.34285648815927,8.0,16.0,left
46.10533384119175,228.80538438959238,177.0020827907848,33.49930124290731,230.1547722235922,156.92866891560044,0.5309628024595143,-0.05683586333441875,0.8454869526156924,129.91769525230103,253.24586568515898,8.0,17.0,left
-30.379379399658987,327.76208094118863,169.57243232342853,-35.177859931818574,317.2918844749425,150.85222078025282,0.21831655992306317,0.47636272751547915,0.8517138201869057,-22.603664037644897,198.41966525866746,11.0,10.0,left
-3.0106520042658156,303.3645055617946,173.86198627454698,-10.70157188594419,295.25041683679854,154.7913853584672,0.3479105177540245,0.36705320726854596,0.8626877851633233,21.912336475987722,210.24085962651355,10.0,12.0,left
21.572910784237852,275.07358880705385,176.90648535782552,11.839104045050906,269.92655373654134,157.6292927478146,0.4384557068689008,0.23184628178770386,0.8683339764948215,68.1161181667486,225.78131941545504,9.0,14.0,left
-135.56248132836353,361.4780388128856,149.97903174161465,-126.49652200560664,348.9280085605538,132.2315514411511,-0.3849437174668548,0.5328785545648135,0.7535640520006998,-154.59516782478164,181.5899643188567,15.0,5.0,left
-84.72688999955342,356.26481828458407,160.95802676057147,-82.36169832094961,343.3975740437205,143.05076112026555,-0.10664947351168874,0.5802002587141177,0.8074611752819763,-96.23955782792657,187.77015160375333,13.0,7.0,left
-109.61834756818627,360.88202104369384,156.693998527857,-103.98898140659546,347.656023498265,138.87068610681257,-0.2458526275324403,0.5776220901150986,0.7784016999894464,-124.97944996616206,185.76672939177809,14.0,6.0,left
-52.546292043213725,338.2096945024156,169.28573107948665,-54.41240120686655,326.7744458860875,150.43666546055425,0.08434228673568916,0.5168374050552966,0.8519187023442449,-52.36830842768522,197.70035708755069,12.0,9.0,left
-150.3528843244951,353.2360784438408,149.4072660605336,-139.19571497448686,342.18415340565093,131.3667456834484,-0.4664688663041424,0.46206871844595554,0.7542541323735924,-170.23422706621972,186.47752321890852,16.0,5.0,left
-163.8774902982077,342.48689082880367,146.6303988375754,-149.720394677693,333.3176110581531,128.1762232916686,-0.5662586187189343,0.3667548653165977,0.7381341649680827,-185.01148296031317,190.2153423768439,17.0,5.0,left
-23.213029933772336,316.0945509098358,174.79416192542618,-28.75856732351398,306.90116677709227,155.58884390350357,0.25203980056256337,0.41783122905238596,0.8728648251367194,-7.569576636563326,207.66069342097398,11.0,11.0,left
26.48119199869237,261.0237729107306,180.70544616702188,16.48897613228963,257.74332891193137,161.018607595947,0.44768221219449517,0.14697404919968948,0.8820313292318421,84.42633703278636,237.13614084746285,9.0,15.0,left
3.125178788556923,290.61990148446944,178.6227577935946,-4.998743839265101,283.93485040535074,159.1745313915316,0.3674059577000045,0.302332716166639,0.8795497660632087,37.60114693676706,220.6532398448104,10.0,13.0,left
-75.52607124437412,346.8269075005752,167.83608849068582,-74.40135463456522,334.7548475032839,149.2786619053692,-0.05073823861990021,0.5445950165885708,0.8371630062590227,-81.64087573318369,197.10342667602094,13.0,8.0,left
30.71940994853069,246.42396298566592,183.05803945788338,19.992126028413416,245.1609828415796,162.70576755685494,0.4655750154007623,0.05481462077563997,0.8833092676881653,101.56690059449905,248.78461896755954,9.0,16.0,left
-124.91882997346755,355.5912419006451,158.75617617004423,-117.26335480743305,343.26724656960005,140.4586960479194,-0.32783883704592626,0.5277640132666103,0.7835731256399084,-140.14486325138876,192.906829457617,15.0,6.0,left
33.97861646578898,231.97189915716007,183.98869562705096,22.555241329465815,232.85870272594434,162.8246681056828,0.4746589444941452,-0.036848062933199664,0.879398150253783,117.25838559522273,260.40889181477456,9.0,17.0,left
-99.63999855805655,352.75250349377336,164.5848655310815,-95.34707027755083,340.46570706290026,145.90397683336735,-0.1885530746369585,0.5396580359843828,0.8204979843012585,-110.29222309200694,196.14924489845893,14.0,7.0,left
-44.579810380102714,327.33593871938115,175.04311554414664,-47.39972529025431,317.015337694671,155.56263566935536,0.12687964348098849,0.46436655723571096,0.8765074195870737,-37.35358299563432,206.4243641040405,12.0,10.0,left
-16.54059846564347,304.2341837256289,179.61156338500996,-22.67049164701264,296.3594153157919,160.1666289261037,0.2804648552161241,0.36029922815590143,0.8896763069672363,7.1151576598462825,217.01542959717526,11.0,12.0,left
8.88855705658591,277.431527778808,182.8761506650086,0.42524052007173846,272.28222255214393,163.11505221771202,0.3828637617654793,0.23294442090798295,0.8939531512862577,53.820406490682075,231.547547553283,10.0,14.0,left
-139.79522177056538,348.5406202351545,159.016364897316,-130.13289102247754,337.75925698684443,140.20930260747573,-0.40710878483408364,0.45425765328339396,0.7924092514252844,-155.30863952601277,199.71394038787983,16.0,6.0,left
-66.8589770700145,336.55510992035215,174.17493143698687,-67.03901386844171,325.49874233645716,154.8598132048033,0.008089197335288262,0.49677143772233273,0.8678437091721972,-66.7324333425352,206.14493227133255,13.0,9.0,left
13.945692538711562,263.83407824294324,186.6291618534905,5.280777507050045,260.3863173532171,166.1747453027395,0.38544974179807856,0.15337006074156698,0.909893466849786,70.14624582928312,242.6837666375428,10.0,15.0,left
-37.01948301439877,315.8889381260293,180.1864554445283,-40.81308906967128,306.96734520052223,160.48933027450954,0.1728006521221587,0.4063830173808909,0.8972138974684684,-22.081376454092343,215.1886616101382,12.0,11.0,left
-154.14021308501145,339.8276515481579,157.01748581716888,-142.2062990180661,331.1578834100778,138.41386827985383,-0.5026520434237277,0.36516742505180155,0.7835774849515444,-171.19176700118373,204.56787772269993,17.0,6.0,left
-9.96399270782108,291.88497771119034,184.2728079499445,-16.982731147787227,285.0290344462088,164.20069687566684,0.3141526909362286,0.3068661190358377,0.89841041387854,23.100717824934158,226.8456029206572,11.0,13.0,left
-90.31220189292321,343.74927495479903,171.6572600173754,-87.23774691180338,332.38519557643804,152.42777281744705,-0.1363575349544567,0.5040170893950342,0.8528618858050243,-95.8103676119986,205.66962115031785,14.0,8.0,left
-114.69000357195162,348.0378320221247,166.94943152433132,-108.43966935761703,336.69618653372845,148.16350848417989,-0.2739345284125045,0.49707234873301753,0.8233340478010491,-125.1999227203473,204.2376907279063,15.0,7.0,left
18.309802321498218,249.2754788758122,188.952134413426,9.109301040219037,247.72196792007048,167.80218944054747,0.39800200288808535,0.06720291134048155,0.9149197639161786,87.81600054290448,254.49249750285983,10.0,16.0,left
21.725352453512834,234.43780808214,190.12122041046305,11.907179841829176,234.88306920085836,168.10312080801452,0.4071892755702803,-0.01846632357581318,0.9131570997118423,104.88614963934467,266.67677504095997,10.0,17.0,left
-58.78405252656706,325.8845065324428,179.91358861308095,-59.94317782020438,315.86611678276773,160.12084849616957,0.05217981420380634,0.4509932779733883,0.891000746471334,-51.86395263423075,214.6840733849704,13.0,10.0,left
-4.151584284667579,279.14966211663284,188.47185717288755,-11.481288046668917,273.6488795240987,167.79959218704568,0.3241437179280654,0.24326278100100948,0.9141958594893251,39.14050141599237,237.25335759577197,11.0,14.0,left
-30.10622666544225,304.1193475962401,184.9656540906854,-34.63727237173484,296.3990470254949,164.88500765072976,0.2060916961842259,0.35115289997345867,0.9133552723908364,-7.2244118191416575,224.20723096987948,12.0,12.0,left
-81.4298898758421,333.90693460338775,178.37915489577492,-79.4508640745943,323.5446380383423,158.58990221057877,-0.08824844754093839,0.46207410951766653,0.8824396459928971,-80.93544090452075,214.77588113654897,14.0,9.0,left
-129.54639419031471,342.27386846540054,167.60370030212198,-121.25778858518726,332.1298626566477,148.7111077414509,-0.3605337093408816,0.4412389991801137,0.8217807432834114,-140.86753837452667,210.79993174963275,16.0,7.0,left
-105.08908270466202,339.8392785606404,174.3475970547595,-100.15483515919108,328.9092526939389,154.73164667210818,-0.21461410864414732,0.4753992857518323,0.8531918327536463,-110.77764073854348,213.9008015875483,15.0,8.0,left
1.0942079771852442,265.63441791396735,191.8421551856375,-6.385160840229705,261.9254569596451,170.87928363018386,0.3314718290244561,0.16437430768849415,0.9290357977683691,55.90331616086527,248.10148133848438,11.0,15.0,left
-143.43407012019802,334.77938774533175,166.20002398704727,-132.8290064040792,326.2122535084659,146.90524026057017,-0.44888707422101437,0.36262637594532193,0.8167022138246348,-155.49937001572368,218.06357514673985,17.0,7.0,left
-155.42601975796802,326.8386515800967,162.34093667441255,-143.2270297515405,320.6003531439015,144.12389362555177,-0.5351708968381831,0.27367476873772245,0.7991834783913947,-169.10444814778748,221.4998849921334,18.0,7.0,left
-51.038038727636206,314.8668733594475,185.11188373681853,-53.061480620243046,306.1011378055597,164.98208626941278,0.0917718592757481,0.39756409741197285,0.9129735561855424,-36.7791691540866,223.01326443393987,13.0,11.0,left
-23.522632632994814,292.0230148339705,189.65979164912864,-28.658252496638553,285.4830061611769,169.0386176194223,0.23097384735471613,0.29413605465272713,0.9274346678831282,8.58559428154961,233.63199386230977,12.0,13.0,left
5.937763954310432,251.49895113883173,194.0893812975962,-2.091486048887228,249.6668172850862,172.58930527485467,0.34874239589648415,0.07957689068142237,0.9338341714532922,74.11460324007743,259.60291035227203,11.0,16.0,left
9.369837887907835,236.94134398380018,195.09781611518144,1.644326008594497,236.7778468452998,172.986472513123,0.32983044585064186,0.006980292688603138,0.9440143815133053,91.87435482370886,271.5222822329826,11.0,17.0,left
-73.15928368046133,323.55094235177177,184.18992143414613,-72.37887135424481,314.268145366197,164.2529339326348,-0.03546365967592558,0.42183079646258137,0.9059807437236922,-66.09958751356906,223.2495603940082,14.0,10.0,left
-17.351339241274484,279.57933711990154,193.54941359709272,-23.106671748033364,274.3460051793944,172.47908665598504,0.2562433604380032,0.23300244792950667,0.9381093750146073,24.985943813335275,243.423732612441,12.0,14.0,left
-44.012808988408295,303.1607392873017,190.16845241323819,-46.674939647549465,295.7047125740991,169.2426942738765,0.11898670030656162,0.3332548734808382,0.9352985376078736,-21.9566943161676,231.81710357507032,13.0,12.0,left
-119.89829553261472,334.48915946817147,175.45788668239948,-112.90673651848081,324.7971342343467,155.90633794538104,-0.3051133159950277,0.42296231095548936,0.8532342866491656,-126.268530102362,221.70474571628057,16.0,8.0,left
-96.18763782117668,330.34493165494973,181.22468384622445,-92.0377733799373,320.780811831203,161.22971296815209,-0.1840312524819926,0.42413360122344357,0.8867035504739686,-96.1930744039312,223.232129448527,15.0,9.0,left
-134.3216018449438,327.4921533280133,174.691583712843,-124.84716668743118,319.56852028596717,154.52269920015658,-0.40060668297787116,0.3350342576983031,0.852799115690216,-141.62362155033367,229.67887945714997,17.0,8.0,left
-147.25381165158524,319.4178038019046,171.8242210168158,-135.77362721648853,313.75042179961486,151.94156637574025,-0.48545855145414535,0.23965460423769722,0.8407708757370915,-155.8355016398827,236.59373776282294,18.0,8.0,left
-11.89242367889114,266.4954644875121,196.69977617255915,-18.026420291629357,262.82932528541164,175.13777835692133,0.2700377441470319,0.16139493096692004,0.9492266815646119,41.84442623009311,253.70580832671544,12.0,15.0,left
-65.27147067617011,312.9057593794557,189.47999183466715,-65.53432040194322,304.4777616357692,168.9007614708616,0.011818933671798799,0.37896157595646024,0.9253369314771013,-51.19683130334526,231.28682593434394,14.0,11.0,left
-37.178099055509804,291.24471725794865,194.612551397497,-40.61983448140009,285.13409689590424,173.25065787251305,0.1530770731361902,0.2717802981111495,0.9501067725464714,-5.97883333578077,240.7386979503644,13.0,13.0,left
-7.223911811515109,252.52956222169414,198.60994416945,-13.58365501903034,250.65353069048615,176.75221747290453,0.2784314708578985,0.08213322481209377,0.9569378503423684,60.09091679538299,264.97312411611904,12.0,16.0,left
-3.1116970769737478,238.20865563674607,199.6466929100339,-9.909287761230189,238.03933008675966,176.98290991276193,0.2872806542669617,0.007156058233525452,0.9578197202576824,79.20970074887549,276.44672945831763,12.0,17.0,left
-110.73660469953774,325.8064768079694,182.68780316166624,-104.91844416994456,317.03046299511635,162.46728789412458,-0.25520735915578596,0.38495041477474135,0.8869511722735836,-111.71482331633985,231.18152681219433,16.0,9.0,left
-87.68535840080497,320.2428413530861,187.51878678264433,-84.65918304721347,311.8338836821291,167.13202810549245,-0.13594943783653293,0.3777682832559742,0.9158650962438545,-81.32559038121873,231.84984373685867,15.0,10.0,left
-30.841526707084952,279.0018072954979,198.43833999043227,-35.06227503070569,274.23887581173506,176.51271742344022,0.18487297887568307,0.20862114110339755,0.960364098228556,10.538093049588696,250.05122662485002,13.0,14.0,left
-57.91636376580924,301.4679199484476,194.28604938912946,-58.893368793312575,294.30581961407324,172.9764171648947,0.043418129988150624,0.31828393360542967,0.9470006354786604,-36.28451463758549,239.5327858005273,14.0,12.0,left
-125.16903251212094,319.34069522253293,182.16558160469913,-117.04223862824227,311.9798399498022,161.22622207657923,-0.3438240301479051,0.3114191108287144,0.8858911748648959,-127.07386485792306,240.13671590476181,17.0,9.0,left
-139.1136920087936,311.83717514243506,179.7764970638522,-128.75415086203822,306.10643294998016,158.6028621337722,-0.4270444418383543,0.2362345557807739,0.8728266032552106,-142.43729402624078,248.6256805587849,18.0,9.0,left
-25.339051277426073,266.17162550157315,201.1072556546132,-29.924565182533726,262.93277554582505,178.6865155399908,0.1983962047311639,0.14013163021888914,0.9700526130888296,27.413320337837675,259.7432251432315,13.0,15.0,left
-79.53765377570261,309.78583612555144,193.03458556251888,-77.85248721992566,302.1643065972694,171.8738690928581,-0.07471546482410547,0.33791681862194095,0.9382056400430261,-66.34509900218308,239.8582397665091,15.0,11.0,left
-20.565962139895866,252.8024149370695,202.5587184949495,-25.24457283999931,251.29395548885637,179.7859868275955,0.2008223895795953,0.06474837305172257,0.9774855579652807,45.597471354761694,270.24884770857057,13.0,16.0,left
-50.86960993335913,289.4897543115822,198.7325609647732,-52.762271106394195,283.76545554640643,176.6565748243048,0.08270505046027954,0.25013902380867775,0.964671106334384,-20.065555436618347,248.14354185342802,14.0,13.0,left
-102.15919287409395,316.1526583403388,189.16650460658866,-97.01236126457579,308.55395542297936,168.459076164856,-0.22723202000515202,0.33548185453307994,0.9142305695848415,-97.11428325779335,239.92025350655743,16.0,10.0,left
-15.998020835678652,239.20278944052734,203.3211934156831,-21.133231413804452,239.0457793286388,180.41735685620975,0.21877114351743182,0.0066889723798230615,0.9757532702546157,65.19279445448944,280.83443573977456,13.0,17.0,left
-71.87341748169725,298.63895082677135,197.62471081561407,-71.05274140154224,292.2548761875768,176.003471556037,-0.03637911894632049,0.28299473602006103,0.958431290750477,-51.445993143459994,247.6205176835365,15.0,12.0,left
-44.61961819613546,277.17368968956646,202.24081875352795,-47.29678021127964,273.0531080799846,179.85815960864022,0.11682648608017224,0.17981469456494675,0.9767385769839719,-3.6050473237922063,257.1213493866064,14.0,14.0,left
-116.4734549648144,310.53162756061397,188.91146364986895,-109.62212759781872,304.1623673851852,167.6797905993581,-0.2953015423259856,0.27452378970242647,0.9151140300461533,-112.69941782523249,248.86419655707206,17.0,10.0,left
-130.20954569612354,303.14585692411055,186.8184308941564,-121.74993898658342,298.5364184182294,164.77648197895368,-0.35167271469115097,0.19161809859754875,0.9163017003321648,-127.76304692962086,258.7372812308027,18.0,10.0,left
-93.93455839806417,305.788282381945,194.96044724388884,-89.8953523276996,299.26271654997237,173.479657683845,-0.1770759991150255,0.28607629057735423,0.9417029502485998,-82.29227208676758,248.09682618508253,16.0,11.0,left
-33.751312712434455,251.5671821235093,206.31439489900086,-37.348099343055544,251.05766909430903,182.42259606745915,0.14883423840823592,0.02108353690332744,0.9886373723206534,32.06455788380269,276.17177355227955,14.0,16.0,left
-38.92563756191923,264.37129468422154,204.71561273577515,-41.88475691216243,262.0303223994573,181.99378791155152,0.12847318076106523,0.10163569626633737,0.9864911692810998,13.603776412051772,266.41126805263985,14.0,15.0,left
-64.90717990850231,286.7575325926968,201.86277561589327,-64.89216491598789,281.8946356655397,179.33603950621657,-0.0006515327042536258,0.21101151948053418,0.9774833574806536,-35.62538639234327,255.831768979705,15.0,13.0,left
-29.894072707462172,239.37978583558632,205.63093878105045,-32.81456187481578,240.08148004193023,183.05268011781084,0.12822002841751196,-0.03080691141866058,0.9912671479078964,50.35826010844745,284.89056142005586,14.0,17.0,left
-85.88511813357516,294.8509867059325,199.84369744813137,-83.01776151215628,289.6017823032339,177.32641346776137,-0.12307226903674524,0.22530559737564357,0.9664836286173457,-67.15932466125227,255.74166206066684,16.0,12.0,left
-122.47675077855888,294.50423260950805,192.66607186878517,-114.5935033515753,289.6932402494193,169.93099668711662,-0.3212505204931572,0.19605293555507303,0.9264779271753396,-115.25330129665608,266.1341577556121,18.0,11.0,left
-108.2722817737136,300.72410872144184,194.9359827421764,-102.29252145337082,295.4483811124054,173.13533263102136,-0.25760016321276485,0.2272713654643557,0.9391431639280159,-98.32626784384017,257.02274746209935,17.0,11.0,left
-58.65394734820954,274.18896140604534,205.0578539966342,-59.18173323625821,271.1926658388443,182.12241692440386,0.02281197871830863,0.1295059838857422,0.9913162027147248,-19.130560452883223,264.5389194480722,15.0,14.0,left
-46.635019522687166,247.50459919560657,208.06633147929182,-48.041930964347465,248.25590548050374,184.38420456759752,0.05927387941609459,-0.03165290779282845,0.9977397960626935,19.61618920057937,283.1138566855658,15.0,16.0,left
-99.94405519733952,290.3609986580275,199.97985473607727,-95.11613409049802,286.16436182915436,177.09440526087351,-0.2031725204089832,0.176606299666965,0.9630841821297883,-83.37447459132636,264.2555818317925,17.0,12.0,left
-52.64273714136785,261.3956122790988,207.19857858189556,-53.67203024392422,260.13837842397936,184.09959963486526,0.044450277783998626,0.054293955687366925,0.9975351318027569,-1.4997733520976055,273.3786216591197,15.0,15.0,left
-78.89854276708259,283.2262202430122,203.56303324666743,-77.03774817821085,279.3259298168408,180.77286545105784,-0.08021958840177297,0.16814305808173866,0.9824931193935005,-51.78138130486812,263.4848693670408,16.0,13.0,left
-114.02363837814531,284.2635168572444,198.25424550847396,-107.72054270113367,281.4001216394756,175.29033672287534,-0.2627957610155269,0.11938389704065577,0.957437137946746,-100.50785352856033,273.45970554999917,18.0,12.0,left
-72.71839486103629,270.8189980767886,206.5127265661078,-71.46145658008658,268.70509355347485,182.82279879083148,-0.05277429340169158,0.08875520717869374,0.9946544058891105,-35.73835809401937,271.7250333861389,16.0,14.0,left
-92.10081186186054,278.8655106381958,204.66345204251508,-88.58508463613268,275.9513336115577,180.86594903628162,-0.14508810058150942,0.12026314398315198,0.9820825928958,-66.92937568048026,271.7957623121549,17.0,13.0,left
-66.97005598957826,257.58645687532845,209.01158891303223,-65.70969906506352,257.8108796675389,185.04573810749721,-0.052514832195156895,-0.00935094261352937,0.9985763627643873,-17.97856678697537,280.55641045720347,16.0,15.0,left
-59.714421260456426,246.4263305943716,208.68707378140172,-59.46171696315422,247.62903197948918,185.9998011617949,-0.011122286627942153,-0.05293455503490547,0.9985360422255285,2.562436781729076,287.56659624199176,16.0,16.0,left
-105.03462226914934,274.3028636183273,202.35587072858627,-100.07190075057085,272.8781145534724,179.5968213145349,-0.21265127514545695,0.06105011217523923,0.9752191133188489,-84.18906012151047,278.7909429634272,18.0,13.0,left
-87.8966091422761,266.0515270675232,206.2613376902292,-84.51486330077225,264.68381843597075,182.70181260667437,-0.14185020094303438,0.057369699944972576,0.9882242852817595,-54.1831491051217,280.13971495558127,17.0,14.0,left
-79.28739046444251,254.79369740794098,208.15952554001458,-77.61902694958471,255.6419825095868,184.69724641865434,-0.07088315292110267,-0.036040780108871115,0.9968333064264594,-33.52209499987448,286.24214187735646,17.0,15.0,left
54.846491903210314,-277.58282661405127,-250.08065849041503,44.04915531487402,-277.643752546576,-225.6461653172608,0.40418472256031973,0.002280685698068125,-0.9146745369373654,97.79046336292912,-295.3881340372223,-18.0,-12.0,right
69.49093066994219,-273.56134174099077,-244.4500566910346,56.028191347254655,-272.53697938165493,-219.79745669253265,0.4789690208529326,-0.036444131056066684,-0.8770749696432747,117.58492254928808,-285.85714191097367,-18.0,-11.0,right
23.144737819152454,-292.0678330040285,-253.4647762301282,14.863965697484005,-290.0019765171428,-229.83631582652615,0.329614962095995,-0.08223112502260227,-0.9405275215749792,44.22516825093867,-305.2907865483883,-17.0,-14.0,right
82.39370972488493,-268.81519908425645,-237.28915049549911,67.01406227752545,-267.95443201002314,-214.1650497034933,0.5535261567703996,-0.030979714723998256,-0.8322554001306395,134.1939137422577,-275.343706676424,-18.0,-10.0,right
37.5317613697589,-289.78305891508785,-250.47807307835683,26.789653246728125,-288.52717311813643,-226.14140467575638,0.4033590610114246,-0.04715768171331573,-0.9138258154349808,64.7776798655217,-298.3778193419,-17.0,-13.0,right
51.72027567837919,-291.9141464215869,-244.84299883273056,39.535180596435495,-288.50944903591443,-221.44322657836904,0.45806755653865167,-0.1279909103474761,-0.8796547280127206,81.56341696591036,-287.03581616713257,-17.0,-12.0,right
94.85479336272562,-263.8939308724507,-228.62260084998223,77.65821170096194,-263.39115402410573,-207.34771693511541,0.6285189942818408,-0.01837602410091835,-0.7775771315857906,149.75438181931855,-262.5349125689571,-18.0,-9.0,right
65.29140130487465,-288.639079824072,-238.130403980469,51.595800566599394,-285.379989795872,-215.47529027942502,0.5134643810266136,-0.1221871662309025,-0.8493671913992313,99.81013918051607,-276.747463357326,-17.0,-11.0,right
78.28224121012983,-284.4047484999588,-230.97305806715508,62.90582151378665,-281.11957352359235,-209.382356122075,0.5756960068888107,-0.12299756075694293,-0.8083598874883146,117.1445979158906,-265.9379091609292,-17.0,-10.0,right
32.157316864075945,-305.73991188482717,-243.19560326385567,22.150066932919728,-300.7256267641991,-220.0164051256727,0.38877743270112086,-0.19480285887133614,-0.9005020566316769,47.0400834741817,-288.64648635710336,-16.0,-13.0,right
17.287858757992126,-305.3458241922716,-248.4029497151358,9.041255364357355,-300.54778834313635,-223.5423584619394,0.3096909595089891,-0.1801842837530104,-0.9336086618529289,25.91873965892784,-299.5888237168905,-16.0,-14.0,right
2.4550232856502134,-303.79086583289796,-250.74431306819534,-3.624426584532465,-299.7177709805419,-226.42361824671366,0.23936956769409368,-0.16037223347582483,-0.9575922706412778,3.8589804740193827,-309.5663084114187,-16.0,-15.0,right
106.09941182277498,-258.5396659206854,-219.02019742614013,87.11612468742864,-258.38769474054146,-198.95918827162853,0.6873166408016281,-0.005502330565327555,-0.7263370840288381,164.03901367580022,-248.10552700209658,-18.0,-8.0,right
46.244587893813424,-304.93678852198195,-237.47134289616582,34.50781751300235,-299.66741002959407,-215.2062024374897,0.45641956450591464,-0.20491560784426888,-0.8658468541249341,66.07579819289747,-277.9996101185047,-16.0,-12.0,right
90.71674859331208,-279.6231981312062,-222.76971278236755,73.28544036257398,-276.481150652288,-202.409838914513,0.6459375043136857,-0.11643224249735977,-0.754458927595163,133.3412634281459,-253.83283024221697,-17.0,-9.0,right
60.14801704373103,-302.9091569456443,-231.01020314291162,46.31719855215748,-297.33688466064143,-209.60909791158224,0.5302515982194458,-0.21363206281948302,-0.8204843595835427,83.50085391937264,-267.3325833913958,-16.0,-11.0,right
73.18526268407129,-299.1686660623602,-223.93818634132754,57.93071509773412,-293.8166082899337,-203.63684696821375,0.5878055955058916,-0.20623158361778057,-0.7822743226071444,100.71718036249439,-256.6142480884289,-16.0,-10.0,right
116.5658682772924,-251.85976089565347,-208.44195011657874,96.35513388647514,-252.0171855598837,-189.70248870865856,0.7332815457371223,0.005711648022861664,-0.679901133811556,178.48857314641828,-232.15940635057973,-18.0,-7.0,right
102.16989507070534,-274.1950003169368,-213.86232920579766,83.14703434483184,-271.40509828654115,-194.46080165784468,0.6964427820495867,-0.10214063802989382,-0.7103060899315718,148.6061815854019,-240.67120538526711,-17.0,-8.0,right
11.29965380845475,-318.6750350159196,-240.437275795838,3.610415931658113,-311.929909582811,-217.0834849628145,0.3015919340155867,-0.26456138529511053,-0.9159964949427863,10.66128994622698,-290.8473404535495,-15.0,-14.0,right
-3.2440728301133674,-317.51877811740724,-244.58040645208658,-9.402443094117842,-311.08177986786023,-219.66540337709677,0.23274492599841926,-0.2432751875929886,-0.9416193405636837,-10.46968451082904,-301.8725733576772,-15.0,-15.0,right
25.717399007139804,-319.0930682306572,-235.76586369753517,16.28507997960536,-311.84169410629977,-212.95045029753123,0.3665714214597322,-0.2818126181422054,-0.8866831684569336,30.840126571230005,-280.26127568699803,-15.0,-13.0,right
85.61186065009085,-294.5782347934026,-215.97971629457476,68.59269994020933,-289.45680308870027,-196.81672257573345,0.6511718353837028,-0.19595161828438482,-0.7331972477408455,117.02927482930781,-245.13416564797907,-16.0,-9.0,right
39.78349690935349,-318.2718531822843,-229.89640509130737,28.5287040290332,-310.9116049417654,-208.1807307465736,0.44063179152280973,-0.28815806765696406,-0.8501814820046386,49.88454890786614,-269.4290722747087,-15.0,-12.0,right
-17.459626306267722,-315.93058196957355,-245.62407755094986,-21.55307346636065,-311.0481633477457,-220.46999550153382,0.15775303854467654,-0.18815837677088096,-0.969386612286795,-30.700060481091796,-309.51419224291357,-15.0,-16.0,right
112.84155916399237,-267.6440264967496,-204.03338584173582,92.44471318180234,-265.51789719314206,-185.97088580857647,0.746378664302284,-0.07780112430844241,-0.6609583001450854,163.98092609973926,-225.71072391403536,-17.0,-7.0,right
125.70849578171783,-244.80723086192972,-197.2266152825781,104.82140750077323,-245.82287600957713,-180.50370638256658,0.7800656306902514,0.037931082686132864,-0.6245469115943799,191.51814822253988,-214.27039194896975,-18.0,-6.0,right
53.61817202626602,-316.25014577628394,-223.26467234960728,40.51667546366899,-308.80501083302363,-202.69062744188534,0.5137365522170824,-0.29193901156764496,-0.8067504994984581,67.403109385843,-258.66086953097084,-15.0,-11.0,right
97.28623017430901,-289.34002311571817,-207.30959110285414,78.50869622613081,-284.4929036315126,-188.8998742666509,0.7022360141744902,-0.1812709739313913,-0.6884805112755844,132.565681087055,-232.68627546925748,-16.0,-8.0,right
66.95227221741034,-313.20327069337293,-215.9885722727388,52.02071009147184,-305.64987999549396,-196.69897383968876,0.5847230146936477,-0.2957923184976297,-0.7553846042946395,84.526886364327,-247.57632071064896,-15.0,-10.0,right
122.77377170488728,-260.0103914511857,-193.76830829634946,101.16747783103278,-258.61461886029514,-177.05339200418064,0.7899153562390372,-0.0510287516127956,-0.611089025009118,179.16349543239937,-210.06342256504024,-17.0,-6.0,right
4.197568367576059,-331.3086570916769,-232.5951900831658,-2.520565065580117,-322.6018883309525,-209.3998904548964,0.2617086572697269,-0.33917706223001953,-0.9035859113372066,-6.001009621352992,-283.1333431451308,-14.0,-14.0,right
-10.777208242235325,-329.74220396936863,-236.34590339001693,-15.46589718742224,-321.9720580887504,-212.0396570224043,0.1807151919929709,-0.29948316491985644,-0.9368307495553985,-27.309542221296425,-294.4702988958847,-14.0,-15.0,right
79.62356333474268,-308.91880820155416,-208.45377897443026,63.13196680512742,-301.86822023094726,-190.07406939317812,0.6421791481608159,-0.27454834763065006,-0.7157018558594972,100.99036218253005,-236.5173285942053,-15.0,-9.0,right
18.600118998701014,-331.68564541000273,-227.67127910436886,9.801727141415022,-322.4617998997285,-205.44906380656096,0.343436289322439,-0.3600434405190486,-0.8674216022878612,14.035901461799085,-272.31353339012065,-14.0,-13.0,right
108.23682587070417,-283.32017774282986,-198.17243354976068,88.16864147904715,-278.7664060460671,-180.6603646207543,0.7426848927347833,-0.16852632894657568,-0.6480879774809235,147.66177358755422,-219.3046850943718,-16.0,-7.0,right
-27.083786437427776,-327.0473287271169,-238.7139986586044,-29.29865440800601,-320.25168721861223,-213.80709956697126,0.08547600894085287,-0.2622568577702312,-0.9612050730453039,-51.466368030214454,-306.2477788268568,-14.0,-16.0,right
32.669515588581454,-330.9410028841938,-221.72014296857043,22.022224817099204,-321.49600284996336,-200.63411122019738,0.41852559314919535,-0.3712657357126114,-0.8288534740018211,33.00292717924555,-261.37161589154823,-14.0,-12.0,right
46.30949762402383,-329.01755764974143,-214.89773388036986,33.9307333836271,-319.6420990735773,-195.050928618829,0.49122517107817504,-0.37204531515215045,-0.7875786403734898,50.2874899156301,-250.51625303821535,-14.0,-11.0,right
91.6516691056236,-304.015064586861,-199.74300704070288,73.42455709900673,-297.17705964023537,-182.48288872951446,0.7005778023715437,-0.2628257551922459,-0.6634104048263668,116.80357210797783,-224.26168397024392,-15.0,-8.0,right
131.6254448090728,-249.99892843228974,-184.43725988265274,108.16518395597275,-250.0817487495094,-168.17271846582952,0.8218144024068503,0.002901200883024809,-0.5697479012950444,195.23701228889385,-194.24178968399298,-17.0,-5.0,right
118.5045938398229,-275.87834200665895,-188.3342565949433,97.2319742997919,-272.1254640236059,-172.38426739499164,0.7922279326107592,-0.13976345321551423,-0.5940042760254821,163.3334533043192,-204.42506072311159,-16.0,-6.0,right
59.78792024515026,-326.35100150913274,-207.59752935492372,45.44248753134383,-316.75210585018374,-188.83944981050442,0.5627625742432116,-0.37655882110291433,-0.7358680175688689,67.43971704756285,-239.29420191707064,-14.0,-10.0,right
-3.7697829931762694,-343.0563695634264,-224.1822799736887,-9.259340504777601,-332.7639751495565,-201.7675019347402,0.21725009935294884,-0.4073231229051686,-0.8870683558091308,-21.908174220437147,-275.2701347773756,-13.0,-14.0,right
-18.623292650703313,-341.3866005617655,-227.87905296041632,-21.8915437077888,-331.81186336859923,-204.49125465998617,0.12825587555678702,-0.3757411167276643,-0.9178066482573601,-42.58474764626104,-286.4703529358595,-13.0,-15.0,right
102.9104874912852,-297.98996341555903,-190.8386767163864,83.28645579538964,-291.5889651327617,-174.2664702125522,0.7413409953217113,-0.2418118005289424,-0.6260515807666054,132.30707110463166,-211.60255791943584,-15.0,-7.0,right
10.691081055440918,-343.3549036229829,-219.05519483681496,3.0339634426836968,-332.73417557746785,-197.87197202152885,0.3074775112579488,-0.42648359243453604,-0.8506287824043757,-1.9656815357416804,-264.3091275925752,-13.0,-13.0,right
72.87652287596327,-322.70331920810156,-199.91729470568893,56.88456716405853,-313.49818379217186,-182.394575873426,0.6284547776598249,-0.3617450820502335,-0.6886109845544216,84.02859470435854,-227.92439219896923,-14.0,-9.0,right
138.05332643576645,-240.61350001605842,-175.39274838467725,115.0061818203389,-242.15397613148238,-159.8445948154146,0.8277235466840737,0.05532522033064733,-0.5584020507305677,207.15999811166012,-180.2426993450211,-17.0,-4.0,right
128.05028045021174,-267.1969003025798,-178.79284769420798,105.39391898761869,-264.50562145815184,-163.61681778980773,0.8268163699319013,-0.09821494984083783,-0.5538307629956961,178.8686898860634,-189.6562895869925,-16.0,-5.0,right
-33.0168338012043,-338.892487121006,-230.7802576997086,-34.77282252914819,-329.83249191032695,-205.616381659444,0.06551523298416143,-0.33802477636518785,-0.9388540913317126,-63.21346072871343,-297.4508837709183,-13.0,-16.0,right
24.67670887376304,-343.0811455758202,-212.88406031879128,14.968753064922609,-331.82344839167854,-192.8419872600524,0.38904569829072927,-0.4511514832156107,-0.8031847756486881,16.414858601861226,-253.0346500482194,-13.0,-12.0,right
-46.60364495050003,-336.12485735977094,-230.6387433962002,-47.027504056593656,-328.5419128963958,-206.26239053685,0.016601038767391732,-0.2969966981897606,-0.9547341864499373,-80.75344641764602,-304.8472227578801,-13.0,-17.0,right
113.29096048582971,-291.07243113644313,-181.61623082294378,92.51946079966888,-285.40115893226215,-166.27263702155682,0.7856253227022788,-0.21450040309369922,-0.580329586874201,147.50017990327223,-198.32035472281856,-15.0,-6.0,right
85.087982944913,-317.69920676351563,-191.71000572508697,67.60916227700471,-309.05158578164827,-175.22736070902326,0.6845401894830909,-0.33867525835848344,-0.6455259858117784,100.24412862664322,-216.35821243689668,-14.0,-8.0,right
38.52433209584893,-341.4827202068743,-206.1421184145291,26.913137520937497,-330.12526325802037,-187.32402431850522,0.46709631676778585,-0.4568889337296149,-0.7570162039860069,33.77125960144492,-242.06354098671582,-13.0,-11.0,right
51.90644604450715,-338.8371541979511,-198.95226373594033,38.28970288663636,-327.4178109825976,-180.8889952492961,0.5373686540633539,-0.4506508658331449,-0.7128455139467291,50.87267233978641,-230.9755185542988,-13.0,-10.0,right
136.21550839550002,-257.57012091056595,-169.17856383971255,111.98569995117047,-256.2738154976869,-154.53737569419792,0.8549830103226449,-0.04574196724449381,-0.5166350012264285,194.48521446979998,-173.63371264262113,-16.0,-4.0,right
144.1260004341855,-232.8127542134369,-163.2323412602505,120.64004217527338,-235.31921218185377,-149.89464254146102,0.8658411030652202,0.09240390825173833,-0.4917120112246671,220.73980223067616,-159.1272972381704,-17.0,-3.0,right
96.66644864498059,-312.1515205637861,-182.93464413785375,77.66498764955945,-303.840265427037,-167.36376882568243,0.7326786255869254,-0.3204742515306059,-0.6003984391335073,115.83048428370446,-204.066391818919,-14.0,-7.0,right
123.2796984896932,-282.9929680674316,-172.09058288298206,100.91188223160356,-278.2170858366088,-157.82812084932,0.829835490839607,-0.1771829904840906,-0.5291306511874957,163.22278553360786,-183.7717362123767,-15.0,-5.0,right
-12.827984582966792,-354.04129965093455,-215.10816661054915,-16.866015017941045,-341.8921499084014,-193.69822720058488,0.16187214359713423,-0.4870218150594381,-0.8582582133504341,-38.36044103771102,-267.29662498940496,-12.0,-14.0,right
-27.54768902785525,-352.07335573136606,-218.99927770488364,-29.535187403034804,-340.74069401158965,-196.28608555714965,0.07806014128751557,-0.4450968041316996,-0.8920736792966827,-58.124467539156534,-278.3871906734298,-12.0,-15.0,right
1.75705548451892,-354.61824788446677,-210.15093023045176,-4.625153750375864,-342.2542455113165,-189.84899853130514,0.25930883124697357,-0.5023487771894166,-0.8248664353055144,-18.664263643589607,-256.4394519201836,-12.0,-13.0,right
65.17592456919576,-335.4854554502722,-191.25684155732807,49.83335399690036,-324.38488990272816,-174.31730997554564,0.6038488212886863,-0.43689311318053886,-0.6667015889314206,67.5873877769327,-219.5251021777035,-13.0,-9.0,right
-42.287090051300936,-349.50439223280614,-221.3650544153258,-42.27477701666308,-338.87629362571886,-197.6326840278855,-0.0004735145047113009,-0.4087179964949825,-0.912660602373709,-78.56910416148177,-288.71746378951434,-12.0,-16.0,right
15.92223648517392,-354.42209761739696,-203.82774548876327,7.451662128258153,-341.7338482967376,-184.9219378611254,0.34867724761642327,-0.5222908936023221,-0.7782264448441233,-0.253989929509693,-244.97730966323323,-12.0,-12.0,right
107.7192650027869,-305.6411145933164,-173.74034421545292,87.43630448212127,-298.01729878868457,-159.36884400947037,0.7800786289562972,-0.29321044007521296,-0.5527250405731258,131.39937372578504,-191.02236699203505,-14.0,-6.0,right
77.72703952564416,-331.0190491538351,-183.1907001406717,61.19301218402003,-320.4849194058211,-167.59993533425546,0.6600876153233461,-0.4205538336910887,-0.6224297655675428,83.86366231912953,-208.00624200025433,-13.0,-8.0,right
143.14869316118296,-247.678509775554,-158.65433467163467,118.19349238719863,-247.71654684304147,-145.47833150518903,0.8843078333569696,0.0013478744187127236,-0.46690238711967774,210.01974388349515,-156.52839912187756,-16.0,-3.0,right
-57.21597194961581,-345.80109061844814,-222.48703488892963,-55.791281162981385,-336.4300398507576,-198.21161833901547,-0.054668890747577414,-0.35959027419493683,-0.9315074594917852,-96.1797845646921,-297.6375418453377,-12.0,-17.0,right
132.24318094536994,-274.04876323546375,-162.41355485248226,108.75954532752053,-270.29691291964355,-149.0429193709014,0.8607601613489533,-0.13751888062629838,-0.49008213812157414,178.58151164729463,-168.9817664425155,-15.0,-4.0,right
29.87781077194402,-353.2243050569266,-197.20817981274809,19.478583233355792,-340.37689580795245,-179.19336732232674,0.42535088958177203,-0.5254868145345059,-0.7368447790969093,16.97102192284131,-233.90786726910392,-12.0,-11.0,right
117.89942053400392,-298.0936359754719,-164.45130985297482,96.25501319452894,-291.45597337723154,-151.1494814050666,0.8243006194334612,-0.25278721221167705,-0.506583768140927,146.76518526245297,-177.6326823507368,-14.0,-5.0,right
43.47015467707591,-351.0532037055871,-189.83322919073618,31.06398982396224,-337.9346589689667,-172.75345946693264,0.49915912872682455,-0.5278215660056994,-0.6872005228955871,34.00083161016248,-222.55593513684698,-12.0,-10.0,right
89.52555720883464,-325.80324668167833,-174.56640971763485,71.45705326297328,-315.5858067999956,-159.96756786291982,0.7120026157241968,-0.4026256929494783,-0.5752780428443747,99.5207177594485,-196.01613198862577,-13.0,-7.0,right
-37.508006207882964,-361.6845926662596,-209.9214965949657,-37.82042424956674,-349.1828334893744,-188.40206197409836,0.012552299219125786,-0.5022943652932564,-0.8646055808164542,-73.65582198293225,-270.12286882062705,-11.0,-15.0,right
148.76478777320852,-236.6396166835407,-148.2753655412681,123.27644991484678,-237.94542356164283,-136.22445658737155,0.9030784502581384,0.04626610249620545,-0.42697629962232087,223.84688640678107,-139.27241313282371,-16.0,-2.0,right
-22.607049365272566,-363.8174349969022,-205.934131285077,-25.391571192873094,-350.2473438318718,-185.32572602861967,0.11213631865944244,-0.5464852356466573,-0.8299273060080176,-54.30938446795532,-259.28684627963173,-11.0,-14.0,right
140.2355207483607,-264.1860792309597,-152.58663111944176,115.39120600357217,-261.6432933445591,-140.16433358724748,0.8907008404225437,-0.09116216523970361,-0.44535544512151576,194.42874235811485,-152.6855860063626,-15.0,-3.0,right
56.71646697843847,-347.73885866323883,-182.1337093684407,42.62732280114615,-335.1160997183811,-166.15592530572354,0.5689959516514125,-0.5097753737144309,-0.6452694594962758,50.73288244534132,-211.19366555785908,-12.0,-9.0,right
-7.939822248922863,-365.10600630839485,-200.7962126661925,-13.064419853360135,-350.90061958428373,-181.21409979018185,0.20723193816873367,-0.5744470201377311,-0.7918747027514589,-35.298793790223655,-248.30509757006882,-11.0,-13.0,right
-52.49553875959247,-358.54707986311155,-212.63135824669808,-50.79797372455019,-346.6883228833092,-189.67254266649468,-0.06555238180294402,-0.4579322436556725,-0.8865669435865758,-93.37048809119432,-280.4280511836562,-11.0,-16.0,right
101.0511661441968,-319.809780043725,-165.50834234598233,81.5660849966795,-310.23704151924574,-152.1052383057297,0.7637105101215842,-0.3751999268795518,-0.525329678963038,115.2227145335376,-183.2858433779143,-13.0,-6.0,right
6.361514255553965,-365.1333847671746,-194.67564792666775,-0.9494426067045323,-350.74947496352445,-176.4229510451325,0.3000965282523835,-0.5904235897019599,-0.7492276412775479,-17.013206759371627,-237.00047726031053,-11.0,-12.0,right
127.41305756737992,-289.62286492998953,-154.90153371137365,104.15435418890826,-283.85467509818386,-142.61963725872965,0.8637563558843445,-0.21421274213339167,-0.456111673581252,162.33418395775726,-163.16666840951328,-14.0,-4.0,right
-66.87213022102236,-353.9133631636308,-213.7944148816922,-64.07588400653026,-343.6976370206997,-190.7355476397704,-0.11019682780798132,-0.4025899467906998,-0.9087232768473138,-111.48433404883451,-290.2005969387383,-11.0,-17.0,right
69.52923084067831,-343.8580887692532,-173.92064282421626,53.60139465196369,-331.30454465435275,-159.15054832621496,0.6348608300989631,-0.5003663613213493,-0.5887148977765796,66.99064965357253,-199.43079365089145,-12.0,-8.0,right
20.48064670322567,-364.0845844872939,-187.83250015848438,11.281601051592435,-349.7015093318632,-170.9527674386445,0.3831536805592584,-0.599076077265176,-0.7030655095526039,0.24566960814427574,-225.7574492951926,-11.0,-11.0,right
147.00581715237104,-253.6952873935047,-142.26599623257124,121.24091472183169,-252.42284827343735,-131.1608642479531,0.9173866458031048,-0.04530654286366006,-0.3954099888417993,210.46277892278096,-135.95681131005335,-15.0,-2.0,right
111.84047164824412,-312.5807351463093,-156.1839190937655,90.63309122576807,-303.98866497664727,-143.75047015789164,0.8143640663691923,-0.32993576115981477,-0.47744482499502233,130.94660719413724,-170.10916525657996,-13.0,-5.0,right
152.19370116292174,-227.1869553972702,-136.6541588236811,127.0122137931616,-230.67686292983115,-125.7021379936796,0.909705467335469,0.12607626850026582,-0.3956522933346966,238.76480259287703,-118.87639948351881,-16.0,-1.0,right
81.83478093117517,-338.79726305725137,-165.64431822816965,64.42020720312706,-326.58431452640514,-151.8706933238582,0.6872254911430508,-0.48195549793433423,-0.5435439470126224,83.11610734449309,-187.72713992377416,-12.0,-7.0,right
34.253998296869,-361.97678777614306,-180.80177914582146,22.876832788222295,-347.67346272489726,-164.48124534798166,0.46432195816412447,-0.5837436302570235,-0.6660694357955368,17.49509728087884,-214.58985874714045,-11.0,-10.0,right
135.9799076548564,-280.1615793561913,-144.95341034589703,111.24115536284489,-275.2798167303148,-133.54466601020664,0.8938492513762618,-0.17638560817577578,-0.4122155177119828,177.95477170969914,-148.12194579711073,-14.0,-3.0,right
-33.24285065108929,-372.6917325828241,-196.57297602243813,-34.206789640812644,-358.29503248641316,-177.28984690313536,0.04002424175734817,-0.5977733148154548,-0.8006654258591992,-70.35826864140472,-251.06840376639366,-10.0,-14.0,right
-48.264189607395124,-370.2474623984871,-200.524769245409,-47.059493531638054,-356.37160311051207,-180.19830842707518,-0.04889083237472227,-0.5631315019244907,-0.8249197524910978,-89.09369403605672,-261.4323008931651,-10.0,-15.0,right
-63.25883530815173,-366.13130111251496,-203.60337404421023,-60.049232622458746,-353.39113436975595,-181.7623898624205,-0.12592565873140849,-0.4998481265551173,-0.8569099012453996,-107.67689149754648,-271.78634350299063,-10.0,-16.0,right
47.619608850916926,-359.147480944397,-173.01385648108874,34.654575404748144,-345.33912227528776,-157.8115743595721,0.5338197790241395,-0.5685426886120496,-0.6259358231866913,34.09769238456802,-203.09278132927392,-11.0,-9.0,right
-18.407678386158423,-374.4439248849493,-191.54317884993935,-21.87502473406667,-359.22837805617615,-172.85186334745546,0.14239877999325323,-0.6248799767737663,-0.7676246492157808,-51.71933914751037,-240.32170366223482,-10.0,-13.0,right
121.86833657513483,-304.4330909882172,-146.7098447197888,99.18455204066498,-296.72625820320894,-135.4649683451829,0.8571236920258576,-0.29120841632375283,-0.42489602825888434,146.55983147179717,-156.42758583753,-13.0,-4.0,right
93.5821737984689,-333.1651470381338,-156.82652603099552,74.77780278188135,-321.61948305179857,-144.1619213931719,0.739105381651611,-0.45380206439843657,-0.4977820016446395,98.81362896833882,-175.4058055463155,-12.0,-6.0,right
151.82322152832708,-242.55359516780868,-131.66866469528756,125.80689152005607,-242.83058073513854,-121.40587963798761,0.9301928471729328,0.009903395037596035,-0.36693758302338286,227.24012115874459,-117.44389751318337,-15.0,-1.0,right
-3.839452727206701,-375.1845848158928,-185.2160920881227,-9.789120247271377,-359.19890538629977,-167.7178671773964,0.24347750689415573,-0.6541799790325401,-0.7160776903867286,-33.766746465323294,-228.7898464016743,-10.0,-12.0,right
143.5826556089964,-269.9733760500642,-135.3264454295104,118.25780790605052,-266.4955133322824,-124.86357365283023,0.9168720407995665,-0.12591408742420052,-0.37880245958569064,193.88627717520052,-132.27443002111383,-14.0,-2.0,right
-77.26392355431868,-361.12667646302583,-204.22714847154003,-73.10248141616276,-349.53275905477466,-181.28103284249664,-0.1597884998608785,-0.44517612132324874,-0.8810708577156541,-121.76170693441539,-280.04233551467615,-10.0,-17.0,right
60.71087963995874,-355.6156933603245,-164.71287412213297,45.908056612854764,-341.7877109199277,-150.73577063948494,0.6014744200426029,-0.5618642946327334,-0.5679234424209617,50.486232786317835,-191.16211266393614,-11.0,-8.0,right
10.40770526948519,-374.51387602326315,-178.41826158068963,2.3651770743019656,-358.3952447806323,-162.3691615577863,0.33335457694342896,-0.6681007972110602,-0.6652187991907726,-16.6717789280385,-217.61924176579788,-10.0,-11.0,right
104.73539782901766,-326.64713025911067,-147.42884428415044,84.42526201703618,-315.8825243153883,-136.09670690661662,0.7924970944362312,-0.42003258925124176,-0.4421775427099718,114.45809715399753,-162.37747894487003,-12.0,-5.0,right
130.8371828726302,-295.38099596591445,-136.96878497034874,106.7222459395416,-288.53738904730835,-126.66696179999884,0.8897999739681777,-0.2525174034218062,-0.38011967496479226,162.19797762699272,-141.86933754165565,-13.0,-3.0,right
24.42559204850822,-372.50390056172307,-171.26946497847916,14.124749163748369,-356.82238494021465,-156.07755393104674,0.4266863233315337,-0.6495670616146314,-0.6292864323558482,0.7436671672508481,-206.38537747172117,-10.0,-10.0,right
73.27835241637857,-351.1386202820804,-156.1780121851088,56.67413621491212,-337.45690314208866,-143.32659114802777,0.6625548266037952,-0.5459389119812119,-0.5128077672274333,66.61778920722767,-179.11745615438906,-11.0,-7.0,right
149.89120953894695,-258.8764405117891,-125.07893135359112,123.76958420301901,-256.86923201421007,-115.64896462867395,0.9381394812956723,-0.07208745683145151,-0.3386705068379303,210.29076169320203,-115.88314716815275,-14.0,-1.0,right
154.8757117222474,-230.12288131823456,-120.28828718950669,128.85421836105266,-232.41903213826376,-111.65238117652946,0.9457864424843878,0.08345671346908878,-0.31388370806664045,245.40552576578057,-96.55105642067,-15.0,0.0,right
-44.54676009468757,-380.4044801929093,-187.46238482640285,-44.102671950903755,-364.9801712213561,-168.59556627250737,-0.018220185471457515,-0.632833310604154,-0.7740736565929446,-85.95899538598887,-242.8076336434951,-9.0,-14.0,right
-59.84075183340218,-377.07710264494295,-191.6476479887748,-57.0906671095867,-362.26239956701556,-171.43927629905951,-0.1090979947567912,-0.5877107656802444,-0.8016817844030062,-104.11859497910895,-253.15406114121373,-9.0,-15.0,right
38.003851111146304,-369.954446556721,-163.67482567709328,25.790435437804344,-354.2567900809437,-149.29256208969025,0.49760255341287046,-0.6395585112192854,-0.585966389449056,17.45716983453051,-194.95392612805057,-10.0,-9.0,right
115.06985997180533,-318.76220498727685,-138.07741949280052,93.15429844189754,-308.91602781663084,-127.55412782844591,0.8355358784721446,-0.3753877937665919,-0.40120294126144224,130.1457471988106,-149.2600279240234,-12.0,-4.0,right
-29.562668379707542,-382.70486637048646,-182.3178615908832,-31.500955394157117,-366.4011262233005,-164.49399772545803,0.07998402171098098,-0.6727789518174273,-0.7355073339283444,-67.81378839063811,-232.2364350639615,-9.0,-13.0,right
-75.68657009235892,-371.81071254500654,-194.89205087938933,-70.90299156640782,-358.30053410334665,-173.3391545320172,-0.18481474217366153,-0.5219690931945322,-0.8327014932284923,-122.64946841087998,-263.7472547404003,-9.0,-16.0,right
85.18811423885946,-345.5862781520219,-147.6038372688722,67.21680847711254,-332.58855156576976,-135.7679765900611,0.7148622385511887,-0.5170233063032209,-0.47080662764331294,82.48889606209615,-167.18548218534988,-11.0,-6.0,right
138.9511750670764,-285.3894479975437,-127.3419570741319,113.64238907298109,-279.6776658926958,-117.77144297314948,0.9151883421647823,-0.20654315053127312,-0.34607835143836047,177.8803138810457,-127.37574418561258,-13.0,-2.0,right
-14.83116545392114,-383.97112221561764,-176.08109938098832,-19.319075954431273,-366.89137062683653,-159.4513757087601,0.18501429504928726,-0.7041134620345233,-0.6855610426571606,-50.190860745779915,-220.88113001186596,-9.0,-12.0,right
51.16943838456852,-366.5326624348722,-155.4556167167824,36.98184619337925,-350.92389434385495,-142.03300618852887,0.5674637909452127,-0.6243068304721856,-0.5368666756205508,33.926785231542304,-183.15740869835793,-10.0,-8.0,right
-0.41282375350408707,-383.9217528933799,-169.07504423684236,-6.958720536854999,-366.39138596162496,-153.8333792414615,0.27122645236935305,-0.7263633065107595,-0.6315319140707707,-33.384661912188946,-209.59076168395123,-9.0,-11.0,right
154.3832663160793,-247.1128208658145,-114.7599619310086,127.75685316056692,-246.690474757681,-106.45423286068134,0.9545237907728639,-0.015140582616187526,-0.29775005559469575,227.00983012989997,-98.44008804330905,-14.0,0.0,right
124.60657527489977,-310.00174863280324,-128.35858333983174,101.35315588917517,-301.1868655933393,-119.11715645550865,0.8765035173250936,-0.3322640795633982,-0.3483420238050921,145.8534191947009,-135.39251350020226,-12.0,-3.0,right
96.63376364467422,-339.43398625535343,-138.21990912941342,76.92996920109765,-326.9931942007976,-127.64118606086029,0.7699366812772653,-0.48613084014728625,-0.4133694631699884,98.2019983379233,-154.3051789639147,-11.0,-5.0,right
146.03569784465654,-274.7397282564731,-117.39661958688075,120.2539757250088,-270.3993569704418,-108.82819801653528,0.9370811833858499,-0.15775828481017537,-0.3114340689743605,194.09455749818125,-111.31845729130934,-13.0,-1.0,right
13.69114844789707,-382.50690758546295,-161.86393554803664,5.004237812133214,-365.1467278153322,-147.5693273090888,0.3603398010463427,-0.720113742018205,-0.5929514536101755,-16.301390277448192,-198.34877713567158,-9.0,-10.0,right
63.80124851122199,-362.4515088049424,-146.77467678506494,48.208244616927836,-347.4093901637186,-134.75554640500744,0.6293507956606348,-0.6071164606545101,-0.48510532794813405,49.926692260418164,-171.0266505717262,-10.0,-7.0,right
-71.75811598488318,-382.429456488901,-182.84639866795192,-67.21211615077718,-366.9597172367247,-163.1887852049367,-0.17880452355839568,-0.6084600654416779,-0.7731786928762097,-118.65848023211552,-244.912247801749,-8.0,-15.0,right
-56.30170793695998,-386.9256761189877,-178.52206756011236,-54.12620711598651,-370.7498914155193,-160.22215307197774,-0.08872018335599124,-0.6596727387933535,-0.7462979343118641,-101.18322105800391,-234.44747541936536,-8.0,-14.0,right
-87.10433857055456,-375.15791455006894,-186.90950919671528,-80.84743591686791,-361.46015658560424,-165.34474114952224,-0.2378832706799423,-0.5207796326588457,-0.8198781151722071,-134.80513229427544,-257.07445802719405,-8.0,-16.0,right
107.23095050961501,-332.3990988978303,-128.7606760558446,86.17389008500582,-320.59731739615523,-119.33692948866295,0.812602855057502,-0.4554368534659301,-0.36366725513503295,113.6063967378258,-141.31762661619499,-11.0,-4.0,right
133.22143685096734,-300.3796701119884,-118.79685778517775,108.9211651367759,-292.64265890544027,-110.32601183720587,0.9042874621957276,-0.287917859982748,-0.3152260960303972,161.6290909016848,-121.14953350371577,-12.0,-2.0,right
-41.249614564014564,-390.05302938569776,-173.17392771944003,-41.41312895560051,-372.96165216741235,-156.1389494045982,0.006775954892961097,-0.7082581537100415,-0.7059210112601351,-83.72079846544888,-223.98465057295704,-8.0,-13.0,right
27.555538279496815,-380.23958888263354,-154.14140612936603,16.545195557294292,-362.9196147291233,-140.61142000172504,0.4479045118496731,-0.7045824788753814,-0.5504044683017469,0.5675719621746111,-186.80309882137712,-9.0,-9.0,right
157.6613734627404,-234.71286056823124,-105.43628906965245,130.8961375963721,-235.7313160510949,-97.52847625907717,0.9583807498050478,0.03646775743666833,-0.28315444737926126,244.47690798463253,-80.82648696016255,-14.0,1.0,right
76.11406073088459,-357.3709063665035,-138.07230500258078,58.71028839991932,-342.78702952801575,-126.93611281296887,0.6881619929503136,-0.5766605974418086,-0.440335811417501,66.00528287056639,-158.84817002922816,-10.0,-6.0,right
151.97485752257603,-263.27465074217446,-107.46255531839194,125.59835262472563,-260.51648968573954,-100.09976920750918,0.9583298425131008,-0.10021145944375878,-0.26750995559972596,210.37139557469243,-95.56849061824848,-13.0,0.0,right
-26.377525198786017,-391.9248031896491,-166.94208955847205,-29.08388839461271,-374.00200533791235,-151.23958590521477,0.1128514009072844,-0.7473545490366915,-0.6547715169029781,-66.52156088654706,-212.83134244118182,-8.0,-12.0,right
40.802887144938374,-377.1945322946084,-145.77644762990343,27.952367926046392,-359.89091853055083,-133.4110260519356,0.5171519657777499,-0.6963608022923822,-0.4976298597581529,16.939561475250496,-174.88382955632767,-9.0,-8.0,right
117.25646146054093,-324.10993887679376,-119.2135757835012,94.90768229263134,-313.38887000305357,-110.9785708250646,0.8556381320068405,-0.4104633758883651,-0.31528273677791385,129.29445758841626,-127.96892421697862,-11.0,-3.0,right
-11.695319625097445,-392.44416399139976,-160.01759131133866,-16.87983992194096,-374.1700167136279,-145.54386915633452,0.2170961860268419,-0.7652101736996659,-0.6060714776980731,-49.844865619934694,-201.71105409105294,-8.0,-11.0,right
141.14881256847212,-290.04913038481385,-109.0402762915052,115.70243484293461,-283.4253648857904,-101.61812279256536,0.9313580163763329,-0.2424351773227552,-0.2716568241882153,177.49648392677236,-106.53952325692565,-12.0,-1.0,right
87.61652135749628,-351.5485320192764,-128.89025605536858,69.056497614287,-337.6402060070088,-119.0123766509484,0.736248926056808,-0.5517228981739086,-0.3918409913610107,81.60482896163509,-146.35839827553505,-10.0,-5.0,right
2.6150725440732803,-391.7337840398103,-152.49370042057348,-4.7007588289035915,-372.9686564980736,-139.1111007085067,0.30253824880365954,-0.7760114381565167,-0.5534228544802514,-33.06215332135621,-190.27842795558092,-8.0,-10.0,right
53.82654713909388,-373.1502387504201,-137.3301273108359,38.987401212806475,-356.3771284915665,-126.0183835356617,0.5914437459795552,-0.6685257502354408,-0.45085210059820324,33.410254853773786,-162.91793042424672,-9.0,-7.0,right
159.46927355448574,-223.9621191416955,-95.23166550785277,132.09568708509144,-226.32062791470955,-88.1128569579473,0.9644607964848674,0.08309796205480605,-0.2508188604274269,257.0628066864615,-63.252725274363556,-14.0,2.0,right
156.42393228209494,-251.11415575371498,-97.50148834266773,129.2254836298972,-249.81479924174522,-91.10843065620395,0.9724186297868502,-0.04645553484066675,-0.22856922742603059,227.00186764509158,-78.79226849037862,-13.0,1.0,right
-83.28555412298354,-386.9112050384174,-174.01955311604107,-76.92384507391458,-371.03658823453515,-155.14118919378126,-0.24974443339462285,-0.6231968718567142,-0.7411163045679167,-132.12092908671622,-236.2014352826412,-7.0,-15.0,right
-68.34704239319379,-392.78930328658737,-169.5275805059701,-64.31020371263105,-375.5784810372612,-152.16884637442212,-0.162935561707634,-0.6946661020036815,-0.7006361462685383,-115.96988254993164,-225.49737659190447,-7.0,-14.0,right
126.57139271424151,-314.68948044594924,-109.67956995109282,102.8885489702529,-304.9171645665315,-102.349469513466,0.8887351872730004,-0.36672120447485373,-0.2750733085767092,145.24826364509656,-114.32455062090588,-11.0,-2.0,right
-97.87183791829243,-380.08270801067096,-177.4134813867899,-89.04201893502463,-365.11570046901903,-156.5247696033682,-0.3249607188601667,-0.5508255083300426,-0.7687599043725121,-146.67960888786342,-246.2263478550114,-7.0,-16.0,right
98.52776915806032,-344.8137652695366,-119.28487628685363,78.51938248289306,-331.52848388491077,-110.8409069048381,0.785921884697398,-0.5218408437447443,-0.33167593363622794,97.16792646062197,-133.3407091817672,-10.0,-4.0,right
-53.27340437418396,-396.3600885455079,-164.25310201019715,-51.75482772471133,-378.6315553234557,-148.040147370034,-0.06308446359245039,-0.7364758367531171,-0.6735159183954369,-99.08606663060567,-215.54052232316485,-7.0,-13.0,right
147.70198235888756,-278.622827078029,-99.19614573827363,121.52498117268662,-273.50816903735955,-92.75093070568425,0.9539835499794443,-0.18639643249666188,-0.2348866882586882,193.8392812664923,-90.80212606545723,-12.0,0.0,right
16.510753247303633,-390.0356925659946,-144.5783503273205,7.01127886259871,-371.1801293803999,-132.1522358884087,0.3877560659613539,-0.7696593207413615,-0.5072176685665832,-16.547139910607605,-178.68980836574133,-8.0,-9.0,right
66.19284075424976,-368.46787700756636,-128.34764658656036,50.02560859412483,-352.23445903361574,-118.33072188606923,0.6465641054576284,-0.6492110255418061,-0.4005994281682552,49.353477673750085,-150.55110043659715,-9.0,-6.0,right
-38.170747510678964,-398.818274270686,-158.08137514548218,-39.393024632135635,-380.19135054363113,-142.98741956323894,0.05091567412406838,-0.7759307294325593,-0.6287599679136295,-82.18469035061187,-204.75661626659786,-7.0,-12.0,right
159.3448169917337,-238.62324384584673,-87.81740437681971,131.95816078399812,-238.6561343123311,-81.98063587898237,0.9780338101367154,0.0011745861929572477,-0.20844300558362366,244.0756967033402,-61.31129498754578,-13.0,2.0,right
30.253250708570164,-387.10087672136126,-136.1398036861193,18.67406913188873,-368.46328563545296,-124.76069148890599,0.46847366281019676,-0.7540447055046942,-0.46037920169522956,0.32843688454625664,-166.6914818960496,-8.0,-8.0,right
-23.441351904199195,-400.01257049790377,-151.08312156875388,-27.037966780921824,-380.8848008819316,-137.2832166150394,0.1507455435287053,-0.8017055275818316,-0.5783978113296872,-65.96243918765106,-193.75408819870393,-7.0,-11.0,right
108.97841989588466,-336.9261028531582,-109.9498961528875,87.41432005477486,-324.45268342971315,-102.5013537974238,0.8293409921701959,-0.47971944651609183,-0.2864660038127553,112.91807274804026,-120.40884640872844,-10.0,-3.0,right
135.0055977773431,-304.3239840585326,-99.73214725172525,110.05093597363302,-295.9391608417485,-93.50828168377211,0.9224914250788454,-0.3099592204104867,-0.23007575347811968,161.51543560021693,-99.59658268974003,-11.0,-1.0,right
77.99681837970104,-362.9247122736109,-119.26391380107322,60.21025117347243,-347.09542801736984,-110.25750677017503,0.6986988544133512,-0.6218121039199686,-0.3537931857174371,65.13269303249258,-138.13732398982137,-9.0,-5.0,right
153.38189637334122,-266.5202588784664,-89.32193452789141,126.34197501462575,-263.0776384019228,-84.01357981617971,0.9737005194866891,-0.12396786595407658,-0.1911524694115766,210.24469775268875,-75.2700755275774,-12.0,1.0,right
-8.890826622960162,-399.8309992773858,-143.55912272791772,-15.023224576227339,-380.17894625984627,-130.70380513234562,0.2526663244479578,-0.8097015297503107,-0.5296632526520655,-49.313542967863185,-182.45833337332218,-7.0,-10.0,right
43.173784600820724,-383.34603450186125,-127.68100420807548,29.749414084780053,-365.14434032575343,-117.29859969306372,0.5394360701575562,-0.7314049001282449,-0.4171997103083417,16.562800152261538,-154.81656098576974,-8.0,-7.0,right
-94.89266745481345,-390.8745795586659,-164.7357357453344,-86.75666952851887,-374.1372081826946,-146.16427423589192,-0.30945572408232946,-0.6366121802522346,-0.7063724844493714,-145.2818739606186,-226.18887762738933,-6.0,-15.0,right
-80.2100508556552,-397.1987031992305,-160.35150251763508,-74.46482641199147,-379.5674976879824,-143.56837446548576,-0.22970969131151023,-0.7049435257321096,-0.6710350834687805,-129.96859332504891,-216.37608744504467,-6.0,-14.0,right
-108.76555567042801,-383.5823168918495,-166.94925378913217,-98.39373402636653,-368.21582964723905,-147.58710833608376,-0.3869123161042042,-0.5732342277214236,-0.7222889863589943,-157.4746460790377,-233.74560354855396,-6.0,-16.0,right
118.9265550149805,-328.23028243498396,-100.41052995690968,95.91695080705048,-316.5706822181404,-93.68264861227267,0.8631385005337114,-0.43737605206266383,-0.25237693630459623,128.7705440052422,-107.00067581980359,-10.0,-2.0,right
-65.50079194086936,-401.79175571993574,-155.13547414304213,-62.115074204951085,-383.5485588069224,-139.74893573504693,-0.14046047420959118,-0.7568404366130101,-0.6383286055725883,-114.05391290603598,-206.58691912554917,-6.0,-13.0,right
142.44228953502267,-293.3574666941391,-90.18875044422037,116.34721734509935,-286.2665737947739,-84.75537383708911,0.9460978511787853,-0.2570860308874293,-0.1969914432594285,177.33341256121915,-85.3550016898333,-11.0,0.0,right
89.30067240219432,-356.5059856920524,-109.8030069296264,70.156652220421,-341.47186504687363,-102.08523463901835,0.749690378200957,-0.5887444478946863,-0.30223221520229615,80.87123078217624,-125.32071734529302,-9.0,-4.0,right
160.392187625294,-225.2614606537601,-78.4425539693309,133.8487455843974,-227.22884981757878,-73.37053282390517,0.9796360066373386,0.07261022368445577,-0.1871925477046069,258.85394024528074,-45.09945772601725,-13.0,3.0,right
5.120041360465475,-398.7236711774926,-135.42330468508771,-3.0525422668966025,-378.5947051221983,-123.55696436437735,0.3301477540186492,-0.8131495787480922,-0.4793643949004155,-33.063553230606594,-170.8021235991389,-7.0,-9.0,right
55.878300446950156,-378.90540114638384,-118.93887192481958,40.434082028534235,-360.74080803155437,-109.60384915732027,0.6031706176355459,-0.7094142643764711,-0.3645772997874995,32.760422425362286,-142.6490334098143,-8.0,-6.0,right
-50.4806903560929,-404.7967361422525,-148.86833080600337,-49.75307263896748,-385.4481351641655,-134.60868315048236,-0.030258747717665506,-0.8046319130307744,-0.5930024390497858,-97.81065739250141,-196.06744140108208,-6.0,-12.0,right
157.73323590312629,-254.0392822977912,-79.70395479047025,129.69754183669082,-251.97741935109528,-74.96755176669109,0.9834452970367071,-0.0723267065640428,-0.16614510300933258,226.56367928229037,-59.15957328122316,-12.0,2.0,right
127.92014032610338,-318.1388528339411,-90.6365813470492,103.92607727147706,-307.8012510069185,-85.15547747980685,0.8988220201879429,-0.3872484679609721,-0.20532316013334923,144.95753584022177,-93.08119088369236,-10.0,-1.0,right
-35.57031507626195,-406.6244735796751,-141.9150752316135,-37.62099520979295,-386.61058354927195,-128.92739613272943,0.08563545206396707,-0.8357707729683757,-0.5423594605071842,-81.84523768114664,-185.40691237419566,-6.0,-11.0,right
18.938947212139716,-396.38416774994903,-126.80809050681128,8.705530586968163,-376.30669571254356,-116.14506406192933,0.41047845306073416,-0.8053390148323201,-0.4277107793378311,-16.460646997658962,-158.7715345181803,-7.0,-8.0,right
99.99614519433254,-348.91306856216664,-100.33279421809783,79.3484057657258,-334.6827467273914,-93.71749294773733,0.7961523945628571,-0.5487043675328334,-0.2550781873901058,96.68933614410312,-112.37717736852096,-9.0,-3.0,right
148.82308097700422,-281.5923405817199,-80.72707343607763,122.20415055194218,-275.841568302772,-76.10739688799666,0.9636824566236105,-0.20819462948975995,-0.16724568469023215,193.45831321313,-70.24053437320924,-11.0,1.0,right
67.90148152479205,-373.4770684108978,-109.67530843119957,51.218270827268185,-356.1900790543561,-101.65422585954246,0.658686614612108,-0.682525006879283,-0.31668842529412894,48.76049698300421,-130.09416501560457,-8.0,-5.0,right
-20.902044353906426,-407.1848647797447,-134.413018702237,-25.32057894923112,-386.4519126087257,-122.34041976658514,0.18112302049662335,-0.8498779040907424,-0.494875741559946,-65.56225763277843,-174.29460995031403,-6.0,-10.0,right
160.29769047254698,-240.49355426439047,-70.32650593951128,132.3870325104337,-239.93892422578065,-66.0940124742051,0.9885058114720794,-0.01964321361133812,-0.14990131702205037,243.77123577237307,-42.243230005082395,-12.0,3.0,right
32.216857423226955,-392.9344413854888,-118.18495764535211,20.01530172843683,-373.11692648124483,-108.63470391793146,0.4850375721310244,-0.7877880128784863,-0.3796427272926576,0.0015356188533388604,-146.79806175849583,-7.0,-7.0,right
-108.0277781196792,-392.7916685153909,-155.790841896771,-97.48063530440177,-376.5423726766623,-137.72351746342946,-0.3981584881626537,-0.6134168445585513,-0.6820480870993335,-159.54940738793803,-216.42765136303981,-5.0,-15.0,right
-92.61991779799158,-400.36940438352593,-151.19822863567697,-84.95988302560195,-382.37151905767456,-134.96281479120293,-0.3013360360770716,-0.7080139428883898,-0.6386805539837531,-144.03483541974114,-206.89513016780575,-5.0,-14.0,right
135.9812252304701,-307.3816691608064,-80.76627468123012,110.76481519268503,-298.3445546410676,-76.45805750619007,0.9294276400305043,-0.33309039661793205,-0.15879247346217673,160.98597479807628,-78.54144745892681,-10.0,0.0,right
110.35095012254098,-340.7422789043609,-90.84149097644666,88.43907927707984,-327.56032329788223,-85.14972182506679,0.8364221735229229,-0.5031829567367787,-0.21726679380158995,112.49565751702012,-99.20680735933614,-9.0,-2.0,right
-77.75758365276988,-405.83677952079313,-145.81015198411944,-72.73353863808615,-387.1774366813996,-131.3252098132375,-0.2080344278861535,-0.7726415071878454,-0.5997889447001966,-128.5335264641654,-197.42714236876444,-5.0,-13.0,right
154.13522861924258,-268.80084627638473,-70.91092978335622,126.48187443153546,-264.88032466298716,-67.4539173252355,0.9826009021699691,-0.13930708181555054,-0.12283730708053764,209.83845316139397,-54.90745309331864,-11.0,2.0,right
79.56588141883515,-367.29729674588907,-100.32643683509343,61.18278970741496,-350.51909528135184,-93.29640284677849,0.7108017889930164,-0.6487470010101457,-0.27182373966353507,64.72802114488599,-117.35494351527123,-8.0,-4.0,right
-6.5966612862900025,-406.5368014973981,-126.3219713503799,-13.17930688327689,-385.83153529113133,-115.36075996907238,0.270502250486376,-0.8508465210823987,-0.45043171518420555,-49.30719663954852,-162.84035081227196,-6.0,-9.0,right
-62.99869116674589,-409.628011375038,-139.8132098314229,-60.4424853752695,-390.15175305382286,-126.32840205640638,-0.10728445534546459,-0.8174223582179984,-0.5659600108899507,-112.99885655466969,-187.34342761079614,-5.0,-12.0,right
45.10522769743474,-388.5948583479261,-109.35810240329786,30.85951868212084,-369.0453036019012,-100.87954329395168,0.5557732706328768,-0.7626942238490846,-0.33077725519944334,16.38448520568955,-134.56573728465457,-7.0,-6.0,right
160.62217638172794,-226.40515891335485,-61.38026357610073,132.6532192352496,-228.0442716665733,-57.799110057931756,0.9902306337673215,0.05803218375054715,-0.12678942226349849,258.8296804436004,-26.773622192223,-12.0,4.0,right
-48.20178221523231,-412.2800275345828,-132.63073362390793,-48.22211829319539,-391.7801381823773,-120.728232362577,0.0008578902374896985,-0.8648007239549661,-0.5021145007578521,-97.67099970862806,-176.67249826828944,-5.0,-11.0,right
143.07385814759263,-295.7881959706891,-71.29766779166633,116.92023371941735,-288.19443961007875,-67.89233236173214,0.9529180068207928,-0.27668161999145213,-0.12407478968587113,176.78422985933796,-64.45332761833077,-10.0,1.0,right
119.87324994298865,-331.3804463096994,-81.25219452326039,96.48533886238747,-319.1174052020821,-76.48619969491858,0.8715607451670542,-0.45698759538358813,-0.17760688373307829,128.39515093627557,-85.77489443974929,-9.0,-1.0,right
7.261755769836939,-404.7900630563213,-117.60992921334508,-1.3129141250503729,-383.85108505738356,-107.90691328589057,0.3482893149670292,-0.8505076455139222,-0.394120917996193,-33.018842673077955,-150.89105294242594,-6.0,-8.0,right
90.62548632316194,-360.0464861037481,-90.81214491362034,71.0523954874624,-344.52889459723025,-84.9271699636482,0.7627288228652299,-0.6046931679222888,-0.22932709268363233,80.67824195210916,-104.41873087250065,-8.0,-3.0,right
158.04815429663398,-255.53724554406512,-61.53482567837865,129.9106894880692,-253.1159549221163,-58.488210039672886,0.9905707141530489,-0.08524078472861785,-0.10725515783013978,226.03740058132573,-39.227480654414364,-11.0,3.0,right
57.2373661622247,-383.53382630680306,-100.04963869345886,41.60234420911663,-364.7912506605205,-92.75493616812628,0.6137515896156664,-0.7357383718998272,-0.286352989085908,32.3229797139051,-122.05904320708353,-7.0,-5.0,right
-33.51482231150588,-413.48947656482517,-125.27064051541467,-35.987964682104064,-392.1582483574804,-114.26911560651182,0.10249996791801867,-0.884077776070747,-0.4559607904574769,-81.79307913372635,-166.00074444611678,-5.0,-10.0,right
-119.73856230738426,-393.05596346403996,-147.160382877164,-107.36069579356658,-377.18310182284694,-129.77611556773581,-0.4653951381603931,-0.5968033851599057,-0.65363069453503,-172.6917857996081,-206.86704390426019,-4.0,-15.0,right
-105.47586850278498,-402.05194398633444,-142.4314483332726,-95.63257693937977,-384.51470350008475,-126.8629806580069,-0.38703285253239333,-0.689554725390225,-0.6121436528729595,-158.2713845218559,-197.6507368014897,-4.0,-14.0,right
20.792100606475998,-401.69723043106734,-108.7633785180854,10.190136382375158,-380.86300320389955,-100.17618154097241,0.4257141985105313,-0.8365833121222636,-0.34481267822555384,-16.48204750183978,-138.8367392758063,-6.0,-7.0,right
128.35284582629654,-320.6204000856521,-71.33194658996834,104.10524457870423,-310.03968524807505,-67.91979683589953,0.9090106714979136,-0.3966570796519043,-0.12791700537823347,144.49285644148398,-71.72596755109379,-9.0,0.0,right
149.23925598239816,-282.8848056540918,-61.849829675064875,122.1686533532809,-277.30246328036105,-59.35995422871753,0.9754430789007302,-0.2011502036771424,-0.0897184227754144,193.30149584232737,-49.28356488025509,-10.0,2.0,right
-90.55576923211623,-408.9236351829949,-136.77154035676637,-83.4403375547235,-390.08344704976264,-123.0219509978925,-0.29179419833722076,-0.7726105515601436,-0.5638520031308475,-143.12669560870162,-188.0744599477831,-4.0,-13.0,right
100.96275747750315,-352.12177040410637,-81.257024548277,80.1147902664284,-337.1941827141777,-76.49479602709664,0.7993952173336129,-0.5723839684148235,-0.18260306461241088,96.33110420636393,-91.3943300495176,-8.0,-2.0,right
-19.025452235205414,-413.44186872140983,-117.09037014028318,-23.925310760449953,-391.53202947204045,-107.12860405832743,0.19949028654048184,-0.8920257773553694,-0.4055781528997161,-65.74695580850707,-154.67569163440774,-5.0,-9.0,right
69.0425853434336,-377.56626276307924,-90.66904364019643,51.91752191317116,-359.3372772981364,-84.4026077292807,0.6641654120278534,-0.7069790831126836,-0.2430326758010555,48.33443388975357,-109.37324653428472,-7.0,-4.0,right
-75.71135585213666,-413.57020958625935,-130.78778075695132,-71.43155151505374,-393.95662194610327,-118.34660970396774,-0.1812122963926154,-0.8304639597596722,-0.5267748239773808,-127.96278191763842,-178.47441250402287,-4.0,-12.0,right
160.1547074472743,-241.50566178448722,-52.80652229978901,132.06328266758237,-240.96208776847936,-50.42653687647289,0.9962450608598997,-0.019277517352950087,-0.08440471572703358,243.03403291102043,-23.4420533451504,-11.0,4.0,right
33.806904708254535,-397.7968924742738,-99.86999610623226,21.229683567106868,-377.1634941267768,-92.38344383499951,0.49716916112258897,-0.8156244716070273,-0.2959384168106916,-0.19249913423645282,-126.6858506213768,-6.0,-6.0,right
-61.02121917077852,-416.9027375345072,-123.80470129307369,-59.16907314506861,-396.17036236352527,-112.53109545688912,-0.07824258773085614,-0.8758244008124669,-0.4762454371504915,-113.05537929783779,-168.15693237378133,-4.0,-11.0,right
136.1566724936884,-309.1259678736636,-61.672726925222804,110.36395205383755,-299.923102671478,-59.33957065214537,0.9384441648996531,-0.3348376984695891,-0.08488972287256728,160.5289812043241,-57.45058760078672,-9.0,1.0,right
110.94649864154334,-343.226770884585,-71.6186623541478,88.71352807280431,-329.439029725109,-67.83237674036309,0.8410829652459572,-0.521596256451732,-0.1432368347479341,112.24142599173857,-78.05070627731902,-8.0,-1.0,right
-4.8490047876514915,-412.2270933252769,-108.4751177025312,-11.726848523679855,-390.6464724717497,-99.64567627446894,0.2829198067598162,-0.8877179121784563,-0.36319869402368554,-49.426289432378184,-142.98496718001434,-5.0,-8.0,right
153.81670306898403,-269.99917437532014,-52.35962473740864,126.21393556074798,-265.7207141744136,-50.86803075604176,0.9867935786914872,-0.1529541214185103,-0.05332419520573517,208.8645890984976,-34.677133878401364,-10.0,3.0,right
80.52534218849159,-370.49559237111094,-81.14061517070601,61.85491317238727,-353.4187077865064,-76.01869209749688,0.7232261063810883,-0.661497855062131,-0.19840510778972026,64.60252122414761,-96.36458157749715,-7.0,-3.0,right
46.51718859640562,-392.8186989509061,-90.57768778697613,31.902120237526354,-372.86223005198025,-84.26925289456648,0.5725207660739692,-0.7817611646819904,-0.24712234583123696,16.308282117919916,-114.06728178067901,-6.0,-5.0,right
-46.45997947424247,-418.8703223859322,-116.2660923145132,-46.87365371360123,-397.1261767613738,-106.20349698640601,0.0172628984314057,-0.9073975164039937,-0.4199187297104181,-97.77873924602306,-157.53310258672116,-4.0,-10.0,right
160.00421390854996,-227.10621467009247,-44.73355509641354,131.5964983389275,-228.6672708623844,-42.72180121486247,0.9960066604444453,0.05473239694477423,-0.07053436804128291,257.7636246756549,-9.435437999726076,-11.0,5.0,right
-130.2744736876444,-394.9885375791591,-136.39732649540716,-116.77566243842583,-378.79224043725605,-120.47837600395981,-0.5109555011449844,-0.6130604369561211,-0.6025623424085244,-183.72687493335013,-193.05591624702635,-3.0,-15.0,right
-117.83231584718496,-403.16441747114436,-133.43225956583058,-106.1625969485378,-385.46317539154825,-118.35312517401711,-0.44853798438467396,-0.6803659550366411,-0.5795824736749838,-172.4104815180898,-187.7603759243271,-3.0,-14.0,right
8.852927943433095,-409.76281945246365,-99.63145910166276,-0.1442225190691618,-388.10005134458225,-91.91021269063509,0.364331195554075,-0.877213539625534,-0.31266465397255927,-33.043721724254,-131.08177481109715,-5.0,-7.0,right
-103.52575119899605,-410.71724102504254,-128.10978473051767,-94.40561487410746,-391.84461027898186,-114.6285264464028,-0.3659497657388466,-0.7572731979399471,-0.5409418384979008,-157.67346789932108,-178.89450693750211,-3.0,-13.0,right
142.6886734803453,-296.964285422191,-52.34040679509198,116.1738733598823,-289.09943900613115,-50.75957123453546,0.957150957623434,-0.2839110702133194,-0.05706617676759736,176.12193441087,-43.59019033619367,-9.0,2.0,right
119.89269030216684,-333.09763341802557,-61.791268545007355,96.25582899216658,-320.75302707407207,-59.07362586763772,0.8818275115294694,-0.4605439508372399,-0.10138791474810753,128.06093662726278,-64.36021611365581,-8.0,0.0,right
91.18591440064134,-362.8793469933773,-71.59390695726223,71.21881482909475,-346.8311316596389,-67.60775477432693,0.7701790029896848,-0.6190182225121756,-0.15375546673754925,80.33728884464485,-83.41006282462334,-7.0,-2.0,right
157.50669402546868,-256.1578906832375,-43.478645519754494,129.63851479509285,-253.6936610760556,-42.56559101148662,0.995583270995613,-0.08803394554489868,-0.032618628810446484,224.9701020750051,-19.747219532030144,-10.0,4.0,right
-31.74772920182903,-419.4289748064577,-108.01811971561756,-34.75001997072373,-397.02975863156206,-99.02269513865286,0.12342922578596024,-0.9208694705135326,-0.3698170419247938,-81.89318732555503,-146.42988945201859,-4.0,-9.0,right
-88.65398065126232,-416.66737900419696,-121.75975282559997,-82.46076587068589,-396.6842822618273,-109.98931108508984,-0.2580005964732201,-0.832467637822432,-0.4903400087671847,-142.88474336612913,-169.12700353524326,-3.0,-12.0,right
58.1660639871303,-387.0214676603941,-81.11385515757357,42.19561193485097,-367.55836373878765,-75.59560493137099,0.6196249903377575,-0.755133639291504,-0.21409824417613174,32.121578797862696,-101.49225561669708,-6.0,-4.0,right
22.079730274090345,-406.1901990538028,-90.48550846142717,10.881837949980422,-384.5538861735966,-83.78974345377203,0.4432051333542479,-0.8563508790595776,-0.2650139273742647,-16.68786396479541,-118.85367403975428,-5.0,-6.0,right
-74.09947912378088,-420.6927427319432,-115.01449948322428,-70.62226622121486,-399.7229438497411,-104.27267500419487,-0.14600214639352976,-0.8804855302310656,-0.4510306024009918,-128.33106325879618,-159.53935433716583,-3.0,-11.0,right
128.3709958174192,-321.7073049104532,-52.02062734701509,103.87710793091287,-311.4222299046076,-50.55118372086211,0.9206065207709324,-0.3865661164480057,-0.05522926333336255,144.19745537404035,-50.40658757715473,-8.0,1.0,right
148.23775092649302,-283.7336461203836,-43.08557750006011,120.89709182820295,-277.76776426154277,-42.5246963894678,0.9768147619538959,-0.2131463417483276,-0.02003890786092759,192.05704658289443,-28.8202985508838,-9.0,3.0,right
-17.54638017801698,-418.8006801980838,-99.40273869345633,-22.739762997624076,-396.47728644824895,-91.33272059723797,0.21373025754868627,-0.9187046018444486,-0.3321162922200678,-65.89209015055977,-134.97851925116407,-4.0,-8.0,right
101.11285963480911,-354.2503542260004,-61.893002458365004,80.07722923335653,-339.0744024571221,-58.975796930533775,0.805899355435594,-0.5814082827684658,-0.11176152127059602,96.02859820816568,-70.21445879332735,-7.0,-1.0,right
159.198078599739,-241.75056897007408,-35.331467744663215,130.78347512241342,-241.3879613082094,-34.974032746417606,0.9998394940610957,-0.012759265195122623,-0.012577251978575017,241.49260810315576,-4.936633283188485,-10.0,5.0,right
69.43690950405792,-380.40095579665353,-71.44808230795906,52.338841126739084,-361.96855632573033,-67.249843485521,0.6707846188219533,-0.7231325656340619,-0.16470363587785788,47.96641719141246,-88.58134896682223,-6.0,-3.0,right
-59.54461521332653,-423.34722942787306,-107.42573736605709,-58.395004719825664,-401.48660619880974,-97.86039705076308,-0.0481221685281459,-0.9150756722441954,-0.4004007629400608,-113.37166889078854,-148.9596810676905,-3.0,-10.0,right
34.81939880684495,-401.58308784203894,-80.98394167398015,21.87328263254058,-380.523931944467,-75.51851489310886,0.511356457202818,-0.8318120435871069,-0.2158779697431473,-0.31581996152291936,-106.2479871881977,-5.0,-5.0,right
-131.0864142632883,-402.56034821570546,-124.7917208590818,-117.49800341505403,-385.2390102071154,-110.12085448344584,-0.5136274156344197,-0.65472807497857,-0.5545430783478981,-187.79677961672465,-177.41728400349805,-2.0,-14.0,right
-3.6189167144507763,-416.8674654645704,-90.34044106652725,-10.941254609071809,-394.39207295558657,-83.47973245209344,0.29749156513880093,-0.913129084020852,-0.2787365146271768,-49.56741926879738,-123.08681629196792,-4.0,-7.0,right
-116.82705115957296,-411.3193707367976,-119.59040381993889,-105.68746130561895,-392.54607457546103,-106.27617934245117,-0.4356604905947645,-0.7342086668321672,-0.5207087194231154,-172.77308640601768,-169.79747687657965,-2.0,-13.0,right
152.80655646779525,-270.4640843832734,-34.3209169349803,125.22586797520447,-266.0428680997022,-34.557908410918955,0.9873586627807724,-0.15827473628093536,0.008484037185514383,207.48023518824672,-15.226344796403197,-9.0,4.0,right
135.26819428863993,-310.2360498019532,-42.786684075667225,109.50681630324908,-300.79949914185505,-42.10436141156765,0.9386954287671206,-0.34384988927947985,-0.024862535152339015,159.3666875469481,-36.85710155859528,-8.0,2.0,right
110.43186014281193,-344.62484806252513,-52.26230334421169,88.23921856478208,-330.73289670336806,-50.35915507306431,0.845397695299662,-0.5291944909286005,-0.07249777619237173,111.71226153129493,-56.90422501607613,-7.0,0.0,right
158.6646172247329,-226.8412460077071,-27.46851103818247,130.48253758062748,-229.1342705292612,-27.875162580474402,0.9966031803523663,0.08108825039406731,0.014380422788568097,256.2036723694041,8.554858158753262,-10.0,6.0,right
-45.032062377376015,-424.6938303323511,-99.20016661372068,-46.0460917416318,-401.8019002459092,-90.83551018453106,0.04156988654741796,-0.9384490923921349,-0.34290705084732914,-98.05773479496676,-138.05931204322408,-3.0,-9.0,right
80.52958237675324,-372.9787084008891,-61.76663039467008,61.79268425981404,-355.48866324660526,-58.656748521977015,0.7256890650564248,-0.6773978508391589,-0.1204472188803906,63.98987182968695,-75.44555598392122,-6.0,-2.0,right
-102.06810718014879,-418.3264911214986,-113.25000036612914,-93.84376472789862,-398.2414152105813,-101.63368782823537,-0.33409416197241393,-0.8159079760564075,-0.47188480113634435,-157.98696018202074,-160.17320511967367,-2.0,-12.0,right
47.12965590032852,-395.86160791746784,-71.46605600804635,32.09682414390886,-375.2422824367187,-67.06482578726948,0.5805465557426116,-0.7962889882322317,-0.1699692437927511,16.118441909934003,-93.48200610613245,-5.0,-4.0,right
9.990490092123384,-413.8030194811795,-81.26810033697723,0.45329610592683434,-391.26387357348017,-75.55998540901592,0.3795032150032148,-0.8968757841958993,-0.2271368255594288,-33.06646047887759,-111.0447704672406,-4.0,-6.0,right
-87.32995496044494,-423.53678600726266,-106.02869259717997,-81.97345238220257,-402.3409844389331,-96.111824247074,-0.2231298177277485,-0.8829297235373988,-0.41309585780415947,-143.5523221904074,-150.34189183619046,-2.0,-11.0,right
156.13171500698,-256.20737370123027,-25.582435723041122,127.90229102344946,-253.81705428155902,-26.831176507464104,0.9954677063906509,-0.08429097921478641,0.04403494471836337,223.08567858074673,-0.6045238496864016,-9.0,5.0,right
141.44568732046102,-297.13387129419743,-33.626258293794095,115.0233366228614,-289.6761336283934,-33.79767392819595,0.9623806577969215,-0.2716330035368643,0.006243467618773182,175.00277243222448,-23.109296268205306,-8.0,3.0,right
-30.732119039014343,-424.5528968360401,-90.25285483099408,-33.90045352803517,-401.2479868840941,-83.12714740099659,0.128924865922395,-0.9483160320666428,-0.28995703521775495,-82.27261243185268,-126.59376083490186,-3.0,-8.0,right
119.30016297813673,-333.8235037278812,-42.55181286837783,95.30030099985879,-321.4780669009965,-41.923990717290884,0.8890073526595097,-0.4573019678541281,-0.023255904929118783,127.57804672785697,-43.251218683787684,-7.0,1.0,right
90.82568053872032,-364.60397360495097,-52.18617983981292,70.6889526004934,-348.29834056681415,-50.09224262577334,0.7746350494261407,-0.6272575610679777,-0.08055117803988229,79.78688390027008,-62.41199860791118,-6.0,-1.0,right
58.41804133934198,-389.3926034183344,-61.851425336531875,42.15755448995081,-369.7751309775092,-58.548473601708096,0.6328627741579271,-0.7635176084123305,-0.12855182118292977,31.903899148912842,-80.74713004831862,-5.0,-3.0,right
-72.79578503649356,-426.97925002785735,-98.2965901400172,-70.00022934522161,-404.698716663,-89.61679970594128,-0.11612157804748913,-0.9254870872881084,-0.3605404698154342,-128.88026113339595,-140.03018860102404,-2.0,-10.0,right
-142.9853679349629,-401.4106224166732,-115.07596622516988,-127.42574904696455,-384.95923342981337,-101.3395695192186,-0.5874949598058672,-0.6211661211728606,-0.5186543377913323,-201.7216867699258,-165.53887996777647,-1.0,-14.0,right
22.880833079745273,-409.47834465050124,-71.68412705800611,11.294100617086475,-387.49598499901265,-67.16720450701476,0.4587666028668806,-0.8703724274994835,-0.17884362315340785,-16.664004684323583,-98.53667681645531,-4.0,-5.0,right
-129.8981847182228,-410.91395447820423,-110.71105949022655,-116.84523947460099,-392.4950995067141,-98.12862445664587,-0.5050520362466043,-0.7126728899155951,-0.48684678561382383,-188.08182209543165,-159.8458015177041,-1.0,-13.0,right
-16.73830685152071,-423.189756936995,-81.26838742845199,-22.233756399015476,-399.994434045587,-75.24585938107141,0.22351531954341156,-0.9434187254706317,-0.24495307787569315,-66.17381272861141,-115.0306954567852,-3.0,-7.0,right
146.7035849473711,-283.7546390777066,-24.877119135239273,119.81726440306073,-278.0471683444193,-25.99923077953399,0.9773880848395493,-0.2074814915671296,0.04079169364903892,190.52213433502618,-9.09833498814723,-8.0,4.0,right
157.50080058806344,-241.48603478446523,-17.942456941168366,129.38364311365973,-241.30575623734154,-19.357970617866812,0.99871469773445,-0.006403450806239857,0.050278706695362656,239.04113591739818,13.394176983005892,-9.0,6.0,right
126.93708445540624,-322.205833240037,-33.03468462133736,102.10036968190093,-311.53954739476524,-33.27758829188275,0.9188132596039049,-0.39459022478350064,0.008986015877657173,143.04142688631782,-29.704157822112236,-7.0,2.0,right
-115.59485514972879,-418.82027659490484,-104.87412622708187,-105.12745635420133,-399.09887723041913,-93.65925921014009,-0.418939586549937,-0.7893150014953167,-0.4488557131593803,-173.4648738186688,-151.36571851052426,-1.0,-12.0,right
-58.416076860661015,-428.7887599550489,-90.18096602080453,-57.85467713911851,-405.9045723426675,-82.54405744438817,-0.023264300713122084,-0.9483165056212681,-0.316472080093326,-113.8250150003522,-129.3586535881915,-2.0,-9.0,right
100.27642340209911,-355.06072511139985,-42.488430766799766,78.99611935269743,-339.73129635902256,-41.3326663718455,0.8106100110560935,-0.5839290821033887,-0.04402541367816875,95.49302575321859,-49.142881431086195,-6.0,0.0,right
69.3822776314768,-382.16756699567145,-52.08642431641837,52.18922425411854,-363.71589051961234,-49.86180309833769,0.6790771579481032,-0.7287892235151873,-0.08786626907555146,47.705770756198476,-67.70911046851296,-5.0,-2.0,right
35.29683523219042,-404.155629657777,-61.969297772190544,21.841879829921353,-382.75785084312486,-58.568678940850056,0.527558112204083,-0.8389899081281749,-0.1333355627983052,-0.29648550520983363,-85.77268492983467,-4.0,-4.0,right
-2.7635953038536263,-420.52208200481437,-72.10157816415844,-10.530626553100209,-397.314705844386,-67.26469053473538,0.31135336170028205,-0.9303032718573462,-0.1938940600674757,-49.52404047768003,-103.14437934101137,-3.0,-6.0,right
-100.87832739268326,-425.0398035789441,-97.60671851858828,-93.29999394673358,-403.72803622191896,-88.03313145990987,-0.3085429571731534,-0.8676836100999501,-0.38977736766359783,-158.82336106114226,-141.57872497747718,-1.0,-11.0,right
150.84007986763487,-269.99601238596875,-16.473771795896347,123.64413798002431,-266.0388779598093,-18.369325493181364,0.9872338607211302,-0.14364706003102518,0.06881007477175917,205.59487631038192,4.020438891028988,-8.0,5.0,right
156.79633440745204,-226.3688448011205,-11.105701822932552,129.3522747374617,-228.58740271584222,-12.579432669809606,0.9953236978112684,0.08046124713479937,0.053448332853472384,255.31245047419665,26.47215080782479,-9.0,7.0,right
133.50590241270345,-310.0939058595926,-24.13274082745432,108.14511662872346,-300.83911974208445,-25.104577482499913,0.9387959210496969,-0.3425901520288192,0.03597507961522646,158.04861701794547,-16.488546030481288,-7.0,3.0,right
-44.042835574862195,-429.36543461105816,-81.50955179970862,-45.41933987340816,-405.76213874844024,-74.91371001057757,0.0560781233229104,-0.9615869253798973,-0.2687114233206622,-98.20026972405697,-118.29927438977172,-2.0,-8.0,right
109.24696315556696,-344.6851374419719,-32.98024657590564,87.05626145265558,-331.0351023400423,-33.136824019099365,0.8517419681578455,-0.5239269996412899,0.006009885645817594,111.09281635725876,-35.87389008400348,-6.0,1.0,right
80.18862369454159,-373.724326786662,-42.268238065006365,61.15642420508888,-356.5003454117923,-41.133325783698865,0.7407273814482235,-0.6703520856320684,-0.0441704387752037,63.98393742302068,-54.32844400994726,-5.0,-1.0,right
-86.21253998609188,-429.4329349264034,-89.73555897000892,-81.50931026913867,-407.30479476932965,-81.87344066172408,-0.19637952962625116,-0.9239424857106392,-0.3282763522439858,-144.14202640310756,-131.42149238868524,-1.0,-10.0,right
46.86447650154336,-397.8300539277759,-52.33837928259993,31.753014291055123,-377.0258129868438,-49.99412424886632,0.5852637141045567,-0.8057438223129182,-0.09079249835260697,15.6751423977755,-73.0388587702004,-4.0,-3.0,right
10.242118291824301,-416.5637431303586,-62.39560690716336,0.487431110811258,-393.8106575074611,-58.8344455350503,0.3900194413883288,-0.909731453180409,-0.14238510607994592,-33.16812120412143,-90.72662130935085,-3.0,-5.0,right
-143.9169033138804,-408.6235844940412,-102.05065928413089,-128.2161927797139,-391.1128065296992,-90.08253550444725,-0.5949733599909305,-0.6635652812545028,-0.4535281892173135,-205.2112040876818,-149.57268208083752,0.0,-13.0,right
153.8718349975793,-255.55963758286003,-8.468173959167004,126.67926609437399,-253.572011239479,-10.846917067624215,0.9935650759119533,-0.07262411013007293,0.08691477754610878,220.61814337137645,17.68075498138544,-8.0,6.0,right
-29.95195587785946,-428.45558613932087,-72.2556450951495,-33.473754220604306,-404.87517815967016,-67.10559250961563,0.14438429724398028,-0.9667335558499582,-0.21113835914645518,-82.22746488779246,-106.74313354931246,-2.0,-7.0,right
139.46099576040947,-296.721502055724,-15.489819832581738,113.54179037387055,-289.3667807352388,-17.302045399337203,0.9598512245471278,-0.2723632210321101,0.06711112101874984,173.42801611566077,-3.3917938045305576,-7.0,4.0,right
-129.02460173003965,-418.1766298319915,-96.22454654992106,-116.6611556090869,-398.8433928936362,-85.72600766416046,-0.4899159605768692,-0.7661020441268883,-0.41601683806866124,-189.17953625407085,-141.83869899188232,0.0,-12.0,right
117.475891248312,-333.4982542300917,-23.45770001212887,93.77753614190247,-321.30088880811184,-24.696215666891494,0.8881822584493008,-0.4571407390505094,0.046417889614387794,126.48936610276171,-22.457033975533072,-6.0,2.0,right
-71.92451799796774,-432.0211176425955,-81.32192562724732,-69.61879822828064,-408.7827857133549,-74.71969354226277,-0.09501150608693586,-0.9575790365213845,-0.2720573515379968,-129.3695088609731,-120.81160062008266,-1.0,-9.0,right
89.73159946140993,-364.68242554320864,-32.66130587857684,69.56469893837951,-348.34756193742953,-32.54825394330851,0.7770626461892814,-0.6294081891340796,-0.004356070278430061,79.39261931814491,-41.28255817015369,-5.0,0.0,right
57.94023540427762,-390.81414375830155,-42.540869596169244,41.75040960685956,-371.0913945304731,-40.995963118542306,0.6333221619269228,-0.7715249278409709,-0.060434468080665694,31.466416380082187,-60.08043859980966,-4.0,-2.0,right
22.914316651532182,-411.5459783766353,-52.719824258075064,11.022275552336051,-389.10083099223493,-50.1000890087665,0.465703883104769,-0.8789737780573824,-0.10259137755518752,-16.693891711754,-78.16472288816536,-3.0,-4.0,right
-114.56978767757259,-425.29800749330775,-89.3755146041596,-104.98743427829812,-404.76679810643736,-80.33169651107286,-0.39279108999961665,-0.8415966076444005,-0.3707159419533371,-174.46991816651877,-133.09973169547658,0.0,-11.0,right
155.0316307642171,-240.74474506771173,-1.6224234264064363,128.49501539158564,-240.67956070947295,-3.8321578597373693,0.9965478991337381,-0.002447913358469753,0.08298368786889694,236.2080616864159,30.524583966789507,-8.0,7.0,right
144.1153041040419,-283.172849439596,-7.344137651246244,118.09457077346087,-277.34138487079906,-9.835035124099141,0.9715662333472216,-0.2177361411772831,0.09300552158188397,188.3119632668935,9.84910765553149,-7.0,5.0,right
-16.111702138499023,-426.327196517782,-62.90962973020261,-22.105864411936683,-402.61253000668114,-58.884897851103545,0.24180354083920372,-0.956645828161147,-0.16235703587925185,-65.96226234442044,-94.96463581245659,-2.0,-6.0,right
-57.70618755119112,-433.07622383671446,-72.68831112713744,-57.4957746429756,-409.45434982477116,-67.0708989929051,-0.008665555233786204,-0.9728331579655978,-0.23134509918122878,-113.98580428833867,-109.84778364702089,-1.0,-8.0,right
124.72526207789298,-321.5204343778638,-14.421021858148311,100.41225589221678,-310.84211651895157,-16.23725043946342,0.9134501395992319,-0.4011890123507189,0.06823649196140158,141.54284051087288,-9.43293364362669,-6.0,3.0,right
98.90232280379516,-354.7261505185795,-23.29123830699022,77.5950614713341,-339.64104322097194,-24.248747461654673,0.8156122257749829,-0.5774368534313674,0.036652114068082095,94.80169491536395,-28.297395183031266,-5.0,1.0,right
-99.80394684197591,-430.6727235976715,-81.35917905139704,-93.26233250957708,-408.8952014534244,-74.00677998178621,-0.27373144411065436,-0.9112723989508743,-0.30765843303152673,-159.404039681787,-122.81068925121943,0.0,-10.0,right
68.69633273925328,-382.5416277894536,-32.68551919339215,50.92494009687195,-363.96644148189625,-32.38650445320941,0.6912535450021712,-0.7225186929668934,-0.011630771055403707,47.58610069534694,-46.78322811358608,-4.0,-1.0,right
-155.17363989751038,-405.8602548153323,-92.7480701513392,-138.81556549149465,-388.79834169438914,-82.02494078624059,-0.6302386539425263,-0.657355926628692,-0.4131372953424154,-219.6876594227671,-138.10038845430364,1.0,-13.0,right
154.5720753261191,-225.5631568654085,4.518683492636086,128.16245108737914,-227.43981407089632,2.5034757361874185,0.9946079063728989,0.07067643512291442,0.07589436144296563,252.02962965672373,42.04870739697908,-8.0,8.0,right
34.61640594445191,-405.4036305323454,-42.81432147405799,21.061807506888073,-383.84016175239924,-41.32614064558377,0.5312771992384933,-0.8451876573139926,-0.05832976507228089,-0.6479563988282457,-65.32651576156621,-3.0,-3.0,right
148.0623306419625,-268.9877032500203,0.4721846767511154,122.19156203323539,-265.1293673963206,-2.19793595470626,0.9839476203037503,-0.14674478516652031,0.10155318077253285,203.12735108357677,22.314590599023717,-7.0,6.0,right
-2.8237437058159434,-422.9225579682985,-53.2887166846375,-10.674593363955328,-399.6111178168459,-50.30162787133006,0.31683920751689343,-0.9407871179912759,-0.12055088221052558,-49.59231603130192,-82.84847984781103,-2.0,-5.0,right
-43.47946185119883,-432.72321710234405,-63.47461235363835,-45.27065612338109,-408.91593719889875,-59.056581583414925,0.07377269496989959,-0.9805341752461674,-0.18196241549066253,-98.06419650693731,-98.45765391108074,-1.0,-7.0,right
-142.33730373698285,-416.08629324268105,-87.94329221602206,-127.73922996412236,-397.1665153955172,-77.89540154828433,-0.5631237630839775,-0.7298344058114801,-0.38759949373540725,-205.41423051227022,-132.72659061511706,1.0,-12.0,right
131.0049002776589,-308.735761445332,-6.141576025870792,105.89264530193901,-299.6623075120094,-8.46400402771463,0.9369549190991053,-0.3385365951510698,0.08665133189691625,156.6133347997751,3.1768715327049506,-6.0,4.0,right
-85.49402001293639,-434.0854904489005,-72.84911178496556,-81.29715800349982,-411.3831748194025,-66.9326893035811,-0.17609442763120192,-0.9525572362613938,-0.2482447667188466,-144.5930271780192,-112.37391261026781,0.0,-9.0,right
107.38740779987882,-344.05154426626984,-14.14198666208333,85.18021119282804,-330.2772541639272,-16.00796717334525,0.8476445809533223,-0.5257621017333952,0.07122413047099746,109.98291070479567,-15.419165076009563,-5.0,2.0,right
-128.2254339038733,-424.55273678795487,-81.29594639797327,-116.54635449796812,-404.6070592371145,-72.84526008352907,-0.4745691751665388,-0.8104751594251562,-0.3433862459920588,-190.19794930410646,-124.30905799792262,1.0,-11.0,right
78.7265611591063,-373.4422895780555,-23.038246447204845,59.50707553036605,-356.05034930600834,-23.878925614552905,0.7410907875339228,-0.6706218346281108,0.03241603850530171,63.42418215468635,-33.59384629580795,-4.0,0.0,right
45.8822023133213,-398.3157624014814,-33.046837599334474,30.898241457724883,-377.7547488449877,-32.5946532980155,0.5888624241706103,-0.8080379015245172,-0.01777062463074521,15.328204781536012,-52.406706930456515,-3.0,-2.0,right
151.0286318629106,-254.3485616688959,7.781926917966507,124.84853959768846,-252.44935332721207,4.733164374208375,0.9907188081648195,-0.07187069494133187,0.11537264128522622,217.92260252075886,35.08104926356516,-7.0,7.0,right
10.11504320206932,-418.03352388888106,-43.5350613133525,-0.06841057831831487,-395.0631728074161,-41.67968978766339,0.4041873704723476,-0.9117069711972084,-0.07364080540747568,-32.95078433324157,-70.4025675342348,-2.0,-4.0,right
-29.630131253762578,-431.02615745725063,-53.885524483823886,-33.78089374928337,-406.7901846724487,-50.78794165857415,0.16748301753476239,-0.9779200470442034,-0.12498728105896793,-81.94275518020194,-86.68797262327666,-1.0,-6.0,right
136.4860022898914,-295.3268775244985,1.9076878841399147,111.39488335364328,-288.09352535896977,-0.8673354060715889,0.9554889946312549,-0.27545158133503045,0.10567500877021421,171.39976223297737,15.568282931156695,-6.0,5.0,right
-71.39346195143415,-435.7674139892614,-63.87170387467484,-69.30664227813762,-412.06562080641095,-59.19701495761227,-0.08606027112673034,-0.9774599950380816,-0.19278378519405504,-129.41006831635153,-101.42088104603158,0.0,-8.0,right
115.10366144575347,-332.2193185010115,-5.063205470863981,92.20092766939896,-320.16688071493206,-7.634875790348339,0.8806073949265181,-0.4634148021347141,0.09888041850222454,125.10658598749276,-2.3867819958733847,-5.0,3.0,right
-113.75799404472932,-430.93611847795876,-73.2241399145089,-105.00032606595602,-409.4969214575136,-66.32397377688386,-0.362410949402915,-0.8871996249969729,-0.2855435678808197,-175.19485681160708,-114.4815949787266,1.0,-10.0,right
152.42708949179104,-239.22805206585835,14.454699903240947,126.29075966866986,-239.28787255847772,11.087674769128542,0.9918013202119792,0.002270021994562241,0.12776927731625976,233.1771890627095,47.5293130021655,-7.0,8.0,right
87.92874315452883,-363.7501623813066,-13.817208562659717,68.05871365679664,-347.81035901867415,-15.379130119722571,0.7785675576956333,-0.6245694690896058,0.06120078745395819,78.65441203541342,-20.822168868599665,-4.0,1.0,right
56.93971901383256,-390.535515745083,-23.18786073662954,40.35414725686305,-370.9918659984942,-23.7704887453236,0.6468802496599528,-0.7622529516974607,0.022724001152659747,31.406192156060335,-39.22845390546752,-3.0,-1.0,right
-155.12250505378987,-413.21386075625077,-79.76394011142321,-138.61159758721138,-395.1604005298755,-70.54856185088676,-0.6315593567700476,-0.6905636017355722,-0.35249778841036405,-221.87831315888843,-123.38768037698108,2.0,-12.0,right
22.17875240645061,-412.11765920628886,-33.597141427509165,10.36536438182456,-389.8286188461304,-32.86285575228069,0.4681014569810655,-0.8831955951629066,-0.029095818549112303,-16.67956414246949,-57.651154142646455,-2.0,-3.0,right
141.27684988052357,-281.3491817095151,9.613230722589822,115.92972636948656,-275.9579487837348,6.141191110385114,0.9694570390003836,-0.20619967810203407,0.13279586696590434,186.16819595640936,28.34249390600484,-6.0,6.0,right
-16.372361473562087,-428.1399908836539,-44.231263567541596,-22.47957934240919,-404.03860751795287,-42.12644432926277,0.24475811077170093,-0.9659077482177792,-0.08435454430157883,-65.81416344593262,-74.76191101743497,-1.0,-5.0,right
-57.44883210158833,-435.968019686444,-54.722705629372406,-57.493297337327746,-411.81561551125037,-51.10977834233043,0.0018207655245977958,-0.9889943036861498,-0.14794239449614233,-113.8182090795683,-90.08410297262009,0.0,-7.0,right
-99.47864231242914,-435.0749756313885,-64.62651567228787,-93.3591983070139,-412.65676334096395,-59.20479685957709,-0.256446063439297,-0.9394746134025175,-0.22720666213533097,-160.04806865970482,-103.98174960481344,1.0,-9.0,right
152.32113307804894,-223.8692311649076,20.184574010478897,126.15964162504433,-225.78946638995197,17.087829811345543,0.9904393815394357,0.07269755977481751,0.11723862971976003,248.62491527671767,57.847195733017465,-7.0,9.0,right
121.70509385051105,-319.69880757929343,2.998900034943844,98.136421842864,-309.2371377679194,0.3889477501805552,0.9093567309839635,-0.4036455620926791,0.10070052639904398,140.0242452824567,9.699511977278434,-5.0,4.0,right
-141.4607721829926,-422.5069850963297,-73.1507200134655,-127.70988490419096,-402.9885125015126,-65.30828347138106,-0.5471707881717123,-0.7766726478863809,-0.3120636579236759,-206.18125046993845,-115.451434313491,2.0,-11.0,right
96.74393266852128,-353.50682835001874,-4.868983745752561,75.82718327960903,-338.7031715034772,-7.1552195528663685,0.8130228431054282,-0.5754102109246632,0.08886476102708439,93.75567704657408,-8.249836288277361,-4.0,2.0,right
145.10365692962392,-267.2214091473319,17.110585064560585,119.52388468845794,-263.51820015891474,13.061560853358102,0.9777575327899446,-0.14155092741964337,0.15476931872680474,200.49550440475696,40.30332994850331,-6.0,7.0,right
67.04507245307441,-381.68554311682556,-13.798045637803,49.122920161036916,-363.30156381222065,-15.37953124483927,0.6967351010633984,-0.7146889207292384,0.06148126164167632,47.12181245542874,-26.379140345368686,-3.0,0.0,right
33.6691026566744,-405.11079721368685,-23.71617130085612,20.035180608290418,-383.7235874503215,-23.911878348104914,0.5375294456547912,-0.8432096771132098,0.007715923579807199,-0.538356767697902,-44.74587990496201,-2.0,-2.0,right
-3.3075012254042027,-423.7817346345182,-34.45439545482117,-11.46773406207345,-400.0425626038884,-33.331743956702226,0.324751329491801,-0.9447435915478495,-0.04467796126254891,-49.297564035058755,-62.53961843100178,-1.0,-4.0,right
-43.46886351619342,-434.7314799752239,-45.08893785235772,-45.624348306661176,-410.6268891893177,-42.621197019044466,0.08860730626079258,-0.990887464158066,-0.10144347515539656,-97.70888784431459,-78.38018079195015,0.0,-6.0,right
-85.38048849655333,-437.48245833150605,-55.51651450229548,-81.62670850670628,-414.1651992149477,-51.599247675590874,-0.1567985659018661,-0.9739816398743019,-0.16362754938849342,-144.8061598944138,-93.15553968817048,1.0,-8.0,right
127.95235988093089,-306.6182202381505,11.015582142798365,103.56722027323286,-297.80601676229213,7.717531774174667,0.9329573158747988,-0.3371483548605165,0.1261809556570967,154.93421393496934,22.043560156494774,-5.0,5.0,right
-127.37906325355972,-430.08234989833005,-65.37717391590844,-116.49943738808958,-409.46218024922905,-59.146835111230544,-0.45082986951838083,-0.8544584627542576,-0.25817274096556103,-190.68251574434032,-106.01588718927627,2.0,-10.0,right
147.82485373871572,-252.6655801064569,24.060673980207525,121.76088751065865,-250.64579837778416,19.42672921667215,0.9817070146106072,-0.07607567757227625,0.17453890324580448,214.57992041466414,52.557748853264215,-6.0,8.0,right
104.8747013702623,-342.32038617756103,3.8625987847446295,83.24979283178536,-328.92760328050394,1.1780718124307767,0.8454651176757243,-0.523615198090604,0.10495646298399751,108.71755808380213,4.291545510126397,-4.0,3.0,right
-167.35451486103517,-407.70721200444655,-71.46052643994416,-147.96124536612282,-391.5414282823335,-62.06649333655505,-0.7199107492202166,-0.6001010543462758,-0.3487222931354897,-238.17947749604798,-112.98964893080057,3.0,-12.0,right
76.47792347120014,-372.15644821356125,-4.73484531804324,58.05982084338601,-355.4181125353911,-6.831893825160312,0.7374347457759103,-0.6701792559730221,0.08396285241620252,62.456026613719736,-13.72848532142012,-3.0,1.0,right
133.43579708819692,-293.12280770962457,18.932318488701483,108.84787754109894,-285.9987092805584,14.750023765994847,0.9479283552044632,-0.2746525542042637,0.16123835731126446,169.26215266844184,34.272263832733344,-5.0,6.0,right
44.49195803885587,-397.63870931801756,-14.095411763015798,29.327289056220003,-377.0404365041127,-15.288556019649452,0.592225484462728,-0.8044238954558378,0.04659583642926088,15.122021771974847,-31.98252276839435,-2.0,-1.0,right
-113.48027755417661,-435.07106548800556,-56.66780703342001,-105.1181957037548,-413.13661936084435,-52.076984743470625,-0.34959954070249194,-0.9170290878260531,-0.19193179314934689,-175.66249962490525,-95.94007636128791,2.0,-9.0,right
9.232984551613393,-418.03324877915566,-24.43527440291887,-1.1598965094302267,-394.9958926747689,-24.590588372048863,0.4112145786630679,-0.911517858073627,0.0061452996528245625,-32.68774291680755,-49.83417760655959,-1.0,-3.0,right
-30.044751674366978,-432.2462767338693,-35.09895660395655,-34.348518698880795,-408.0223286491348,-33.92407498906346,0.17472735017543076,-0.9834608229312789,-0.04769866727702123,-81.50555823197365,-66.32251008698687,0.0,-5.0,right
-71.47862541652646,-438.2040932127526,-46.05514429037183,-69.61316226863562,-414.45657771517415,-43.21185502634836,-0.0777607987003029,-0.9899020381760885,-0.11852093907962828,-129.2803005715526,-81.85647865125038,1.0,-7.0,right
-154.40592917519453,-419.3605847360437,-65.12414359739046,-138.61117484335227,-400.7134290087521,-57.92878717208233,-0.6200156154520416,-0.7319852839609348,-0.28245031538352994,-222.61600092808226,-106.5440122391432,3.0,-11.0,right
149.23167401272025,-237.3684139443527,30.25335930864238,123.52031491627679,-237.25221639705933,25.616584375583116,0.9841152763897743,-0.004447519905171334,0.1774749062345752,229.47462184735878,64.30287315261072,-6.0,9.0,right
112.08852569911633,-330.19499458553463,12.24315752834568,89.84777129672334,-318.18667034280503,8.8144586060919,0.8719471328151771,-0.4707854645540473,0.13442188787553,123.58192194085564,16.637362076872353,-4.0,4.0,right
137.83336016730033,-279.0659754202138,26.461062252505492,113.068746960564,-273.8276885944164,21.523175587192643,0.9602522191032933,-0.20311549010599086,0.19146742121364677,183.5288999655327,46.814014466886555,-5.0,7.0,right
85.61996432478773,-362.00031459709544,4.003760322303313,66.48497600677311,-346.58925044056707,1.5773452939631123,0.7750477535849409,-0.6242131145502583,0.0982800452096088,77.74324878826248,-1.319886230298824,-3.0,2.0,right
54.95249365400282,-389.28514516625654,-4.820673223215595,38.50762527851553,-369.9092841196237,-6.78405373036669,0.6451634769768869,-0.7601518964359761,0.0770271531337027,30.808859023721908,-19.342012226192164,-2.0,0.0,right
-99.48144066489004,-438.03128599423894,-47.32496348599693,-93.74362562625946,-415.2379152822306,-44.24092224619266,-0.2420412392508422,-0.9615046244423826,-0.13009571736928707,-160.0887632178833,-84.8334657364295,2.0,-8.0,right
-57.57648400821512,-437.5480199444811,-36.400217552662696,-57.929063893787294,-413.402810687463,-34.8966525882696,0.014572699865261073,-0.9979607518319968,-0.06214478434714088,-113.26088591150936,-70.0538382133325,1.0,-6.0,right
149.04455547004002,-221.6262455310995,35.77818522229333,123.7604536454967,-223.3889889213626,31.484177576024962,0.9835629007566566,0.06857150846204162,0.16703882327887526,244.3280013000131,73.8557389075555,-6.0,10.0,right
-140.71167325689004,-428.08977684852914,-57.33945790222069,-127.84383999140117,-407.69902412421925,-51.702106304138226,-0.5196659996075634,-0.8234782560983528,-0.22766381044225623,-206.4616683605155,-97.31723418840852,3.0,-10.0,right
21.008566726836676,-411.4526898844116,-14.707919916550122,8.857772799776967,-389.3469260780465,-15.655700126591297,0.4813545828456641,-0.8757214367532704,0.03754638177327259,-16.53624263730651,-37.24259424408507,-1.0,-2.0,right
-16.991166295313164,-428.417753679938,-25.4959077453884,-23.251520161549728,-404.4238115289978,-25.06253702694259,0.2524235479413622,-0.9674590504388044,-0.017473928257309652,-65.26438615727714,-54.48718785736135,0.0,-4.0,right
118.76723144597113,-316.989704143591,20.272850239136694,95.89031857738082,-306.8849214528758,16.170423023828114,0.9026761012726684,-0.39871401774606613,0.16187337101563345,138.6748603586249,28.847935484650854,-4.0,5.0,right
141.29365570470253,-264.72322518488386,33.61350057908332,116.11932984174369,-261.0733379570679,27.99132806376422,0.9663316968923712,-0.14010312480743584,0.21581048630755303,197.41617562284986,58.43717596067688,-5.0,8.0,right
94.00107368619152,-351.25619419641913,12.765687244467717,74.1636393401152,-336.9449235738785,9.602394689379857,0.8042875687586029,-0.5802351682200414,0.12825231499289244,92.56195692777086,11.15764922532469,-3.0,3.0,right
-127.02541895107834,-434.27606752523116,-48.681590800336394,-116.87959866606155,-412.7247447395093,-44.699501587472085,-0.42010535878380506,-0.8923700535610569,-0.16488533903463612,-190.79560120133772,-87.29419901304215,3.0,-9.0,right
-167.43703467585968,-414.7401407134553,-57.624188945716824,-148.59930505908676,-397.648548881893,-50.50113113683773,-0.7131613704127135,-0.647055844897501,-0.2696657066351624,-239.45531504533918,-97.34220614583421,4.0,-11.0,right
-85.60235013569782,-439.4136826902395,-37.761755751888785,-81.95724289406346,-415.93498538542633,-35.85016068003948,-0.15291969718035722,-0.9849793281888428,-0.08019531940782919,-144.46857836929826,-73.65956239189381,2.0,-7.0,right
64.74723505017053,-379.9761097507476,4.070268260239452,47.49763069403367,-362.2314355567494,1.8246988601543146,0.6941814476518957,-0.7141047044199914,0.09036918092555069,46.27757809008208,-6.8856355189587966,-2.0,1.0,right
31.821295894093204,-404.0418803422766,-5.293209690751281,18.360853418054226,-382.89811774201405,-7.029507992674203,0.5357426892838629,-0.8415485788976544,0.06910687544834147,-0.9449980555399202,-24.82542718117737,-1.0,-1.0,right
124.65591115880486,-303.78718563624034,28.23129864214097,101.13827675037103,-295.3300947787326,23.322794914544478,0.9233649505171266,-0.33204790692558156,0.19272092689390108,152.97249837478608,41.15616845040946,-4.0,6.0,right
-4.443866990960066,-423.1604095949393,-15.688640261951065,-12.83173427201228,-399.7876213804406,-16.40407118305084,0.33764030796950073,-0.940834558586304,0.02879853822636175,-48.91763547874366,-42.22592203542672,0.0,-3.0,right
-44.05221571427771,-435.39155795085355,-26.380750866629572,-46.66112535412272,-411.2017609583123,-25.950327287216727,0.10721303460481527,-0.9940787148913491,-0.017688239335517733,-97.05170399508559,-58.05077482257751,1.0,-5.0,right
143.9026989102141,-249.94626613230173,40.25374743655341,118.74644237497462,-247.99074773207016,34.2805513022829,0.9701779981203044,-0.07541666321324238,0.23036271155084787,211.1340940332925,70.33484753040865,-5.0,9.0,right
101.73807116630186,-339.8223752457867,21.29162584274807,80.85972586970432,-326.55416548388655,17.035839642534317,0.8317719898341341,-0.5285919491421996,0.1695461831756042,107.26625019413136,23.515679412664582,-3.0,4.0,right
-153.99997791623503,-424.73532926903937,-49.62490454183627,-138.92956309087475,-405.3367902620286,-44.51563625229728,-0.6006460125198311,-0.7731476033203929,-0.20363484751868807,-222.84698536339457,-88.90631482269133,4.0,-10.0,right
73.95003386805303,-370.0397328017544,12.846695729798451,55.97144096267445,-353.48251098359145,9.823703409148328,0.7300233625033868,-0.6723083841446612,0.12274903994754253,61.499922372264,5.564980115984678,-2.0,2.0,right
129.68001092997122,-289.9712834323405,35.7876437727601,105.974995729276,-283.4212702234377,30.22394245809178,0.9401237715135651,-0.2597687902447225,0.2206523733158188,167.06554292641206,53.11666985813076,-4.0,7.0,right
145.19688925399572,-234.38539742193666,46.00985772737185,120.33924333864616,-234.34845424149762,39.93740114686544,0.9714327503480412,-0.0014437334694810625,0.23731061330018344,225.5320642108106,81.56999581280596,-5.0,10.0,right
-113.41971203395815,-437.9043702988272,-39.313181447449125,-105.61919642344662,-415.8223912073051,-36.62311806130569,-0.3309053447620239,-0.936738706664643,-0.1141150658071843,-175.3665388400031,-76.75064265273556,3.0,-8.0,right
-71.80744497918741,-439.32013510632265,-28.063963213682364,-70.28198993176039,-415.4137442960824,-27.252462516272892,-0.06364349104386594,-0.997398233392044,-0.033856610494542694,-128.58912316155255,-62.163108549679706,2.0,-6.0,right
42.42643705885261,-395.9711519334177,3.8259079249969745,27.4606864525529,-375.78588020924303,1.5307356374919725,0.5931105023783635,-0.7999663343266883,0.09096040848856353,14.659702870915703,-12.43785837007249,-1.0,0.0,right
7.612320931243712,-416.921437098021,-6.017801459971688,-2.765214537997256,-394.47642765200715,-7.694395230403467,0.4187068818374021,-0.90559843864729,0.06764624913171693,-32.708421805863466,-29.851483723039472,0.0,-2.0,right
-30.970458654952218,-431.94020585256806,-16.67938430318415,-35.535708538087434,-407.6552339043998,-17.058989930908695,0.1847287225635564,-0.9826695055728354,0.015360399645710917,-80.90657722762293,-46.3307376741339,1.0,-4.0,right
108.77723312629135,-327.1745343641034,29.490119432487113,87.02118381859938,-315.6845059919194,24.309072283940747,0.8652793360848806,-0.456980216438686,0.20606006970822852,122.09071390290032,35.828942247202946,-3.0,5.0,right
133.79791857926367,-275.9318967653551,43.01345004667562,109.72594422189903,-270.77928232950603,36.61465414703587,0.946400627680169,-0.20257738164254596,0.2515715730630802,180.7595568110855,65.31784635262214,-4.0,8.0,right
145.3907493292868,-219.0020560285491,51.07300680152393,119.99258801789854,-220.93535887179925,44.97151197509154,0.9696833373986998,0.07381209727196303,0.2329506374055103,237.966842552342,89.02988828557167,-5.0,11.0,right
-179.0453114869832,-408.3876010612737,-50.03825331167705,-158.2350966612537,-394.0389917066421,-42.931512110875836,-0.7925453168087154,-0.5464587099154254,-0.2706562379886007,-256.1358488840602,-88.81181744567304,5.0,-11.0,right
82.75957194496388,-359.57977476614394,21.56672418131642,63.902574654287804,-344.0737887725117,17.73668841085002,0.7630653537763329,-0.6274636680216457,0.1549858418663521,76.44579034311228,17.989605350129136,-2.0,3.0,right
-140.78724324272625,-432.1408670663825,-40.88220468802975,-128.50104527746475,-411.3550841857543,-37.25312322320344,-0.5031906614714183,-0.8512976810627164,-0.14863181498319203,-206.55300793674175,-78.89142159787392,4.0,-9.0,right
-99.57970193018473,-439.81419308700936,-29.61723773324173,-94.19925462616368,-416.7132160244696,-28.240581580862532,-0.2264574368235261,-0.9722961229993227,-0.05794202712888631,-159.34369936380887,-65.36359796764063,3.0,-7.0,right
52.523331681098725,-387.2474286942124,12.791700284769913,36.50256980240292,-368.0966400991764,9.91291297972317,0.6374205076028535,-0.7619553601552254,0.1145387515998038,30.004088778753676,-0.04939116851898184,-1.0,1.0,right
115.07770349676595,-313.9358909812951,37.437576847387376,92.88180956449546,-304.14808841553156,31.60133587962327,0.8896021291559181,-0.392291025936178,0.2339140927161046,136.5304633225014,47.99321922522288,-3.0,6.0,right
-58.271831185100865,-437.58500091744656,-17.99440237171716,-59.06090921531084,-413.26144037194706,-18.20702394215852,0.032422598681070246,-0.99943606572291,0.008736453918916823,-112.3601312831198,-49.95690196794246,2.0,-5.0,right
-18.4333487781707,-427.31032353731206,-7.258794765371562,-24.920133613861587,-403.63539689176184,-8.40337947459984,0.26396743770531456,-0.9634063534992467,0.046576709507814555,-64.92433036722339,-34.65261501179654,1.0,-3.0,right
18.849333338961372,-410.0455663160568,3.2187249757001526,7.091374192983517,-388.32487374184916,1.2518770058938973,0.4745487160327296,-0.8766425061068412,0.07938156334064347,-17.052470954712604,-17.75540286031348,0.0,-1.0,right
137.07692778005278,-261.069529992616,49.84272024297044,112.63924291702773,-257.7679424787343,42.79750821881392,0.9528713636004363,-0.12873511603214988,0.2747060871739719,194.54282054134435,76.72096226954547,-4.0,9.0,right
-167.1481445229666,-419.8958317288619,-42.44479335837191,-149.46614955452247,-402.08650114599493,-37.20491292335237,-0.6896925616924318,-0.694659333047287,-0.20438341751822586,-239.28803174140202,-80.33877638280157,5.0,-10.0,right
90.79597065135134,-348.24361851483906,30.20792754161799,71.157578044983,-334.0931134341665,25.27698523450165,0.7949935894089519,-0.5728351118912581,0.19961244295684755,91.26387003883212,30.47776908374467,-2.0,4.0,right
-127.21833283890068,-436.80987058833267,-31.50560297176135,-117.62551773375222,-415.10408346093607,-29.457122558416398,-0.4027326891696294,-0.9112684779745551,-0.08600082629914906,-190.36909145881958,-68.31714911075672,4.0,-8.0,right
120.59763114518728,-300.45355247617584,45.012667792156144,97.71311550572523,-292.14753138675763,38.45016225049349,0.907603101734978,-0.329417962022871,0.2602698907245046,150.65374955628954,60.0152520716933,-3.0,7.0,right
61.942472629767806,-377.61011692930117,21.67483165827209,45.159742454033534,-359.74055694123626,17.902114009252085,0.676626953369946,-0.7204445168443426,0.15210412263389358,45.189518609590586,12.426708789594832,-1.0,2.0,right
-86.02522408312252,-440.1317428372282,-19.785151221627906,-82.71575891171986,-416.64761889967565,-19.781183686905088,-0.13954468062080244,-0.9902157613993486,-0.00016729239834029395,-143.54387642583293,-53.94805201166865,3.0,-6.0,right
139.39343148067158,-245.83895665394368,56.066803125974936,115.35007833279008,-244.39003694796725,48.85194646004284,0.9562144506190451,-0.057624157168087976,0.28693793917498117,207.88927664459965,88.35826521941017,-4.0,10.0,right
29.763295485547616,-402.1270982225618,12.45873347564611,16.41571626687999,-381.36576600074613,9.550154101791275,0.5370702128101194,-0.835379429627028,0.11703330751591313,-1.2914811208153059,-5.385868017487899,0.0,0.0,right
-45.17970806582566,-434.4420199149167,-8.225420939811361,-48.18752851539655,-410.1045535865544,-9.292984705445097,0.1225388394385371,-0.991510274217817,0.043492630980035855,-96.30214786302757,-38.213673148994005,2.0,-4.0,right
-6.235134562344058,-421.66028266,2.117260106484841,-14.574038273361282,-398.7152288967934,0.476239897304472,0.3408020848036275,-0.9377398312083683,0.06706674256889011,-48.94060859410259,-22.7792728164511,1.0,-2.0,right
98.21397384276389,-336.192733669933,38.608102585019374,77.6072800716551,-323.52324790295654,32.552338069290556,0.8263700782870168,-0.5080719916259141,0.2428483992889119,105.90675756032704,42.91817187122422,-2.0,5.0,right
-154.54852478790457,-428.3819128489239,-33.357766284172655,-139.77201603840695,-408.5399606308498,-30.222624926777208,-0.592542426612127,-0.7956682268684894,-0.1257201074473221,-222.97927274748614,-70.8011574718391,5.0,-9.0,right
140.53600367734782,-230.511632498889,61.34460650365784,116.09103240114197,-230.85248883397543,53.736975219847245,0.9547441343330137,0.013312782530890866,0.29713028754738063,221.54512194180927,98.94384352227539,-4.0,11.0,right
125.30532051999869,-286.49991617444687,52.34941293558563,102.28275986488464,-279.92997125279413,45.121471210086426,0.9205743058475241,-0.26270416120560636,0.28901465550834604,164.30619328863258,71.84391786833424,-3.0,8.0,right
70.89675587010892,-367.0759071940889,30.428506791032998,53.35542702218915,-350.74961369487824,25.82411255453435,0.7188546864456848,-0.669061773822633,0.18869097112577507,60.31239064112234,24.997903935797513,-1.0,3.0,right
-113.57359824949566,-439.4342874161925,-21.765969712010207,-106.59181428469736,-416.9676022299402,-21.00170310121183,-0.2966057996360507,-0.9544479116566718,-0.032468192996793155,-174.33894158659425,-57.45753662582576,4.0,-7.0,right
140.40730572364853,-215.70626164745963,66.13783903514005,116.19372667122559,-218.35204427897438,58.03890449170521,0.9433056276846922,0.10307363651341477,0.31551595559383266,232.8112660063932,105.67588778328611,-4.0,12.0,right
-72.739470201326,-438.9805322443502,-9.944868400948856,-71.60880463845349,-414.9282048669503,-10.774596195190199,-0.04692886450992401,-0.9983044055703768,0.034438285302637005,-127.66034743580217,-42.33577134145668,3.0,-5.0,right
39.90186880410076,-393.5700013034911,21.486034022690834,25.482618522765442,-373.7521002925048,17.938052527505,0.5822682905702167,-0.8002729073434286,0.14327215908380106,13.94626418275329,6.970355638704197,0.0,1.0,right
-180.10723717561854,-413.7057627016001,-36.269124704565556,-159.11477981602295,-398.1840807174166,-30.385184495195944,-0.7844008353083071,-0.579980709510324,-0.21985837751500723,-256.555958006467,-73.71758880972962,6.0,-10.0,right
104.7408511668267,-323.28306651349624,46.58552280954041,83.4936874399979,-312.17825440088535,39.77679756771553,0.8525386195493098,-0.44557858689088936,0.27319887459738074,120.22763242017186,55.16090585217984,-2.0,6.0,right
5.611396338308036,-414.9388750693939,11.643003461628247,-4.469626332631902,-392.840194173329,9.142617316571915,0.4128549004493942,-0.9050221390442653,0.10239999518878445,-32.856375685349526,-10.4697081298882,1.0,-1.0,right
-32.500431034189575,-430.30962916166465,1.1221599894223693,-37.35730444314929,-406.2959859307924,-0.386459349576356,0.19786590857183609,-0.9783004282613503,0.06146018458075515,-80.42682509157271,-26.81093540228852,2.0,-3.0,right
129.2272325165662,-271.59555747799936,59.15586759937332,105.65021399795747,-267.08345768218487,51.24107574740657,0.9327809197631085,-0.17851284267690073,0.3131340299700777,178.22360514695228,83.90414269188426,-3.0,9.0,right
-141.2279532800762,-434.47146128311954,-23.890852528437534,-129.60052040388877,-413.41036880966726,-22.379870592923208,-0.48236649466020065,-0.8737238441461236,-0.06268340290500264,-205.90354756935574,-60.13531815149814,5.0,-8.0,right
79.34875293158828,-356.07657017887925,39.19061175732109,60.8079926458209,-341.0066387509171,33.53070306238516,0.7551025006099792,-0.613747372269862,0.2305089512457068,75.20975071405513,37.561122020968526,-1.0,4.0,right
-100.04829280515078,-440.05778580219754,-11.941680127298797,-95.23424335347826,-416.6671076676694,-12.408065331563412,-0.20154706421696633,-0.9792841879553729,0.01952588349110247,-158.17746310204097,-45.94024157048911,4.0,-6.0,right
110.6272547796677,-309.75551113571123,54.120092456944434,88.85298715971999,-300.3301548243452,46.679569287665565,0.8756646185929398,-0.3790460916322074,0.2992248922847656,134.52343197535248,67.07781405090856,-2.0,7.0,right
132.10266957683316,-256.440542831177,65.46014193005485,108.9344830712053,-253.8227725636499,57.186705287354016,0.936466912176379,-0.10581127006305732,0.33441545647066123,191.59850694370596,94.98992232307914,-3.0,10.0,right
49.512324278124424,-384.35030582342176,30.48850022239828,34.271150562373926,-365.76521117339144,25.983616104649577,0.6232615373241719,-0.7600054220839094,0.18421947371374378,28.993136469202163,19.43584706530798,0.0,2.0,right
-168.0721169789393,-423.30508124373546,-26.623893287620042,-150.70920824018214,-404.86844488730617,-23.44918551824474,-0.680266308039331,-0.7223341857955071,-0.12438277283321732,-239.18883785906527,-62.70026639476562,6.0,-9.0,right
16.64293235665733,-407.43127322540977,20.99470669049768,5.075209008959291,-386.1608201331963,17.429215055157748,0.4726612774682424,-0.8691182550535861,0.1456872524097381,-17.22537864293948,1.8459436228381376,1.0,0.0,right
-59.65115630657396,-436.2908234825928,-0.4034255988483554,-60.62622156051755,-412.08737819358726,-1.674084927221648,0.04019829645105602,-0.9978175972627241,0.05238453545920769,-111.69075560070596,-30.649095361856993,3.0,-4.0,right
-20.193572585111397,-425.3279686061103,10.418729609596996,-26.689114969101364,-401.83824849016185,8.112228419187453,0.26533888645750275,-0.9595405295370618,0.09421914619241409,-64.68131864692586,-15.19105715246726,2.0,-2.0,right
86.92801259058669,-344.3777197133263,47.47400176470599,67.81332329816289,-330.74861246114017,40.919288418782585,0.7842269951186223,-0.5591675419368561,0.2689231863776544,89.75549085027862,49.85991507201991,-1.0,5.0,right
134.30484164067587,-240.73396856548703,71.21262980392149,110.66433838997224,-239.85239876455984,62.492168842171786,0.9376303077297026,-0.03496484634708344,0.3458711690017371,204.80323098661466,106.31870659592545,-3.0,11.0,right
115.75650163115733,-296.1908573826448,61.38370366788385,93.75329682394423,-288.1819211591843,53.210134890104015,0.8871889955816472,-0.3229275074256502,0.32956563999707944,148.23237391427233,78.90348798494351,-2.0,8.0,right
-127.92873525225053,-437.74245622557305,-14.188637311163664,-118.96247315611112,-415.7980926811184,-13.946550981456916,-0.37821639741075813,-0.925660886806911,-0.010211726860349346,-189.4697922616669,-49.274154617953144,5.0,-7.0,right
-190.30240546305834,-406.30316157187895,-28.369494643288547,-168.90084508180433,-394.4217166745653,-23.527731803202627,-0.8576845014506741,-0.4761583249879379,-0.1940374848218506,-271.0765336652094,-63.97329809461434,7.0,-10.0,right
58.613340912328965,-374.2245096005872,39.230171646042244,42.540779663661894,-356.9682742714425,33.89884247122616,0.6647868909086656,-0.7137455478168896,0.22051231858460477,43.95966691487672,31.886588067628157,0.0,3.0,right
-87.1154735778847,-439.32303149945915,-2.1146657625761947,-83.9803107973077,-415.657434864501,-3.665324861033599,-0.13105403660196452,-0.9892538871727512,0.06481964365786605,-142.5343925032705,-34.53528260525217,4.0,-5.0,right
27.06432287176041,-399.15895074699074,30.16432363937873,14.299833370017456,-378.8283954409379,25.746885335818597,0.5229515158888043,-0.8329275302948653,0.18097911842667905,-1.9211869329925764,14.160003057373482,1.0,1.0,right
135.12114183653995,-224.51879170964494,76.70734329322656,110.98208452227604,-225.4444267776147,67.3423614085869,0.9317018024496295,0.03572699008127361,0.3614627691641889,218.27001814304091,117.17970365599456,-3.0,12.0,right
-155.40522895630602,-430.2982408758827,-16.708698490996717,-140.95507286952778,-409.94348574568164,-15.697851923856476,-0.5784020623116329,-0.8147477628929548,-0.040461551806317386,-222.17431980449123,-52.463309040289566,6.0,-8.0,right
-46.91115064649639,-432.6268453799653,9.031955277741861,-49.587880883810485,-408.57822898652404,7.087632886354869,0.11026642715546654,-0.9906695007106846,0.08009528952448512,-95.90982936814942,-19.18036698903667,3.0,-3.0,right
-8.288385280008605,-419.1392267121157,19.90293422869287,-16.485901277339543,-396.5000694730637,16.85025805080617,0.33775855809967564,-0.9327909952409623,0.1257780411192794,-48.817135299245564,-3.1255504617578875,2.0,-1.0,right
93.9165015246197,-331.8279858967726,55.51613624270796,74.30482710023756,-319.92055388553473,48.112902691278926,0.8134805484890859,-0.4939131720214369,0.30708170856242556,104.17192300392234,62.198173281224015,-1.0,6.0,right
120.28920386583047,-281.69094426947765,68.38710132167388,97.89376598535438,-275.6261112737628,59.479320606775524,0.9011052928081794,-0.24402528504257073,0.3584144410218113,161.91575708421027,90.66392866534642,-2.0,9.0,right
-180.72500554991018,-416.52356916950595,-19.915238566610196,-160.98208860842163,-400.3459841666323,-16.888830346705063,-0.7681102665761107,-0.6293988454665537,-0.11774426400358427,-255.75675663419412,-55.56392334517614,7.0,-9.0,right
-114.53617300506804,-439.1717552512815,-4.450887877022459,-107.86836662688714,-416.3651526948442,-5.338999144429264,-0.28042008029766236,-0.9591504248114984,0.03735024966148147,-173.30759642767433,-38.42128908271938,5.0,-6.0,right
67.38869053187497,-363.1013654498785,47.84611172825864,50.14975413905678,-347.4776403303635,41.66815102467369,0.7161481773917471,-0.6490482947121753,0.25664781150381144,59.23502296736026,44.462817567426086,0.0,4.0,right
36.6303468941647,-390.2130067742897,39.05972346565102,23.072684751386213,-370.8490959816146,33.803078411712505,0.5598691112618104,-0.799640484611323,0.21707527179639582,12.877370139555843,26.385346730213367,1.0,2.0,right
100.13912999330978,-318.55983990870476,63.01090791623479,79.66481338985261,-308.0864811465991,54.87208566571775,0.8392739515879142,-0.4293191985312019,0.333622930804425,118.51707280619455,74.16891531012332,-1.0,7.0,right
123.8354873984216,-266.59665316492976,74.69748537006545,101.2532403553767,-262.6945355949958,65.41962909383955,0.9133833544057299,-0.1578288125410242,0.3752611275184614,175.38793478468895,102.4553392038831,-2.0,10.0,right
-74.24112935204025,-437.43208944283936,7.468967278602472,-73.14491783639053,-413.66033803801395,5.631046549634453,-0.045928311104279244,-0.9959723816323093,0.07700393019043991,-126.87702676375058,-23.124779080715758,4.0,-4.0,right
-34.451655424244805,-428.02177948799255,18.80043203903331,-38.97069716067895,-404.219989234792,15.646335858744,0.18496828929477924,-0.9742278744169344,0.12909988638424544,-80.1008353447414,-7.223397886498599,3.0,-2.0,right
2.817782592344822,-412.122844357381,29.202676871275596,-6.7537520989445365,-390.19768517695127,25.199187025995023,0.39460439928494934,-0.903905648014206,0.16505134823133832,-33.408988810772655,8.930167700898584,2.0,0.0,right
-142.27688275276626,-434.726011226865,-6.857252136818882,-130.91675649701438,-413.6294451209733,-7.202905503737325,-0.47406463087387957,-0.8803718901127676,0.014424314669525639,-204.85947259222874,-41.39531201521118,6.0,-7.0,right
75.26120891501418,-351.660293337705,56.179701222359164,57.261018454017126,-337.19222883296686,48.8875082770383,0.743259031357144,-0.5974114347681577,0.30110727310095164,73.83746521666144,56.805856001255165,0.0,5.0,right
126.6994721701302,-251.21773060167766,80.4317957949286,103.98292515871483,-249.05450342389207,70.72308549717413,0.9160343955520134,-0.087231149137619,0.3914993139020654,188.6221974821847,113.0896567027868,-2.0,11.0,right
105.48246405079331,-305.16201473395927,70.18089555721559,84.40429200036314,-295.95352952857536,61.20822848120585,0.8537141888134153,-0.3729647171731015,0.3634135434496639,132.22596331983542,85.83422488415712,-1.0,8.0,right
-169.14608921283946,-424.65184282388384,-10.211225441788166,-152.40603551198532,-406.0392871668228,-9.362153719230442,-0.6683321608169535,-0.7430901813639168,-0.033898453921723255,-238.1453127700304,-44.61631032115096,7.0,-8.0,right
-101.50737248667731,-438.8847966092553,5.122090498449229,-96.84274465596661,-415.60431161041606,3.58763627171537,-0.19605260357607632,-0.9784702793407691,0.06449255056081357,-157.2830731283755,-27.132419218315523,5.0,-5.0,right
46.023825428519245,-380.5073727759112,47.884932965382006,31.386982583990115,-362.29811136843466,41.730596757731774,0.605837567687235,-0.753704522052039,0.25473581416267815,27.786852226842292,38.80086247253753,1.0,3.0,right
128.64440460805548,-234.8483544108738,85.31031688142666,105.6354056446078,-234.7643184822997,75.3101405560927,0.9171193586933568,-0.003349601477383885,0.3985986227771347,202.23188859225286,123.7270176412851,-2.0,12.0,right
13.536480132378976,-404.08214836402414,38.52372024218654,2.420214032400338,-382.8165724768354,33.30187423371014,0.4526654175018292,-0.8659554117195537,0.21263876577781585,-18.014849734006987,21.291618494697143,2.0,1.0,right
-192.81793369041253,-407.910198075972,-13.641816672478086,-169.81896837601693,-394.5194769307062,-10.670767248964182,-0.8588576267313958,-0.5000539296368395,-0.11094883712806233,-272.629899381434,-48.69607570038119,8.0,-9.0,right
-61.4893106255584,-434.0943435245066,17.06391545048147,-62.134631095495465,-410.60735897384967,14.478202976142445,0.027300478077319706,-0.9936240003204814,0.10938934995635495,-111.05198305226385,-11.235391142326812,4.0,-3.0,right
-22.547213227792966,-422.3354531566561,28.325629780733884,-28.710435852060396,-399.26489508826626,24.203016582592177,0.2543331877886269,-0.9520357993386053,0.1701248552298522,-64.5197184949959,4.732013335690141,3.0,-1.0,right
82.35322557478385,-339.511393821443,64.00946739452309,63.923965700765876,-326.4106930062808,55.959007332082,0.7678352482234923,-0.5458265785536762,0.33541374111678185,88.13505752966023,68.91963656136917,0.0,6.0,right
110.48471051840986,-290.80437338894666,77.04812958265862,89.07785860349858,-283.65576078371726,67.26133960964331,0.8702136046497191,-0.29059947572711003,0.39784447588180893,146.23107667422482,97.64581279861447,-1.0,9.0,right
128.74041276590586,-218.67009760578574,89.64776847196974,105.26358858049332,-221.03736309079846,78.90541843621419,0.905528134195359,0.09130815483640231,0.4143448069434966,214.41665516542977,133.04794331825317,-2.0,13.0,right
-129.18849630875224,-436.83971453850546,2.9559382694522673,-120.34673147051396,-414.8837804864472,1.4518416566730763,-0.37280082580890284,-0.9257416924972214,0.06341816024278941,-188.22950825354124,-30.30460399213463,6.0,-6.0,right
55.03639894200977,-369.7031088272787,56.62552182318201,39.13783025649265,-353.08513102735697,49.537060233298405,0.6606261539280066,-0.6905194409119357,0.29454369195241153,43.03107348187657,51.41340118553552,1.0,4.0,right
-156.74882604464074,-430.0084865351413,-0.36390820602055685,-142.7346343380001,-410.0066240116679,-0.9075343274761589,-0.5736743535823837,-0.8187811180119701,0.022253467794989816,-221.11245977670836,-34.580254132862606,7.0,-7.0,right
-88.87318397618515,-437.55306328583555,14.975172499104708,-85.67686603997682,-414.05373599411706,12.657158340359384,-0.13413719185552742,-0.986176543233471,0.09727815447054591,-141.70634280747151,-15.572140323118916,5.0,-4.0,right
114.79023717147703,-275.8512490753809,83.35395441933389,93.05798818325815,-270.7603939725373,73.29053567039631,0.8876001718250964,-0.2079234351893451,0.41101554724258466,159.92342319107456,109.07485991672146,-1.0,10.0,right
23.464021967028774,-395.4866754986541,47.50150403177074,11.293575859070554,-375.1135750327144,41.41700742377338,0.4967719046021352,-0.8315869304492934,0.2483563003104388,-3.1460516367664138,33.399056022718696,2.0,2.0,right
88.92857540415017,-326.82255064911135,71.62312443166007,70.02719136490254,-315.44422705254885,62.80648265447367,0.7955662512711076,-0.47891785229433037,0.371095716213786,102.36711054975524,80.98611472488915,0.0,7.0,right
-49.10988211172797,-429.88621821424226,26.721502860686034,-51.47044899441862,-406.2679354681087,23.12240605393491,0.09832716502227665,-0.9837970710132187,0.14991694929024546,-95.49830441425226,0.6119804973245166,4.0,-2.0,right
-182.27009825378568,-417.0400671425482,-4.259816597431229,-162.5312726253954,-400.41359301010027,-3.332700149160355,-0.7643359761705106,-0.6438180556202974,-0.035900233826152095,-254.93219335191304,-38.442644408670276,8.0,-8.0,right
-11.256012977931912,-415.670168342347,37.66848977278782,-18.92270105953424,-393.06662158208303,32.87775617443124,0.3149262131308897,-0.9284908044738359,0.19679000556574575,-49.19474251924548,16.689965044622937,3.0,0.0,right
118.10674922399508,-260.8312166392013,89.15430375849755,96.31762589624708,-257.491449119524,78.670123296809,0.8926386038925525,-0.1368208060162701,0.42950714764927145,172.9642494420588,120.4941508572355,-1.0,11.0,right
63.370624862123776,-358.2589391064583,64.82656342401278,46.39034591915689,-343.1876487847826,56.80541208595866,0.7051816792479352,-0.6259024279382913,0.3331140194498191,58.06094594837093,63.730803307593945,1.0,5.0,right
-116.18275282541326,-437.4173205329594,12.641546514330674,-109.59104451291833,-414.99396185176164,10.379339925411816,-0.28072065111979766,-0.9549421107342801,0.09634044416149772,-172.09851443003527,-19.424205960196034,6.0,-5.0,right
94.90964561591309,-313.5181009242119,78.72175967564084,75.0090258649227,-303.42449789457396,69.06036559973721,0.8184234747533946,-0.4151047438553554,0.3973299228617943,116.52696993363082,92.70499085900579,0.0,8.0,right
33.06668916622901,-385.96861028579275,56.22200564880076,19.702089790742136,-366.92684728110567,49.34250637021083,0.5508991438432322,-0.7849162284496607,0.28357829188630357,11.779636141821486,45.627490559509326,2.0,3.0,right
120.84170236675718,-244.94547423690207,94.26970999670696,99.05039772532376,-243.58611786811568,83.54674267336607,0.8958510574341956,-0.055883796791668106,0.4408263650806077,186.5087558215488,130.66296672955934,-1.0,12.0,right
-76.2228241281203,-434.7238212053636,24.938915440144036,-74.9617195677173,-411.32080332097985,21.580484270667693,-0.05326426060193333,-0.9884544728528913,0.1418473603548618,-125.96119849366465,-3.510343557366838,5.0,-3.0,right
-37.10272062372499,-424.67004175006923,36.48081566691333,-41.35190701938157,-401.0195855330529,31.621546519561285,0.17332617480499435,-0.9647124712341607,0.1982117175465339,-79.99571971725494,12.661849083444785,4.0,-1.0,right
-0.42013996394941466,-408.24199077577566,46.91583220606137,-9.585761294274945,-386.2734651804992,41.116066325955465,0.374103248799542,-0.8966655396658111,0.23672276868406175,-34.077166999320674,28.744981469803413,3.0,1.0,right
-143.79736250749392,-433.46351558162684,9.59690752951189,-132.45261662701293,-412.0055776651867,7.993500511242614,-0.4663775630379369,-0.8821264838119409,0.06591536431194575,-203.5666884553215,-23.21217441011739,7.0,-6.0,right
70.69681328616107,-346.3500233933197,72.52662788967558,53.2130175588249,-332.59569070108057,63.724751017358834,0.7308184490016539,-0.5749277926805458,0.36791633261149514,72.44868613914929,75.75275738175469,1.0,6.0,right
100.28930467688838,-299.43322337368875,85.65192957771814,79.81123851309977,-291.14139000232296,75.08172786036657,0.8361286243175098,-0.33855927480739334,0.43158607604833676,130.55572695268046,104.47830590221403,0.0,9.0,right
122.77928633672309,-227.82082113806288,98.36174807552206,99.2640039155099,-229.08083213085223,87.23825442700348,0.9029070694261704,0.04838014753834688,0.42710441967323687,200.77848707987263,140.78896906040933,-1.0,13.0,right
-194.6218767199444,-406.9981820120554,1.1876732123885532,-171.72106695168998,-394.14701963635116,2.1370332871273092,-0.8715027519219846,-0.48905796297858156,-0.03612841319028833,-272.21909951098013,-32.9818132066032,9.0,-8.0,right
-170.6919061655252,-423.78212922488024,5.65047684890761,-154.02648944590692,-405.2313006933947,5.196305829110647,-0.6681817127807931,-0.7437752436804782,0.018209491848235334,-236.91301951527848,-27.24010781397771,8.0,-7.0,right
-103.53598157226031,-436.548918837255,22.412772835001313,-98.75811470354691,-413.35583250651666,19.366464924952425,-0.2001180363883022,-0.9714282590593739,0.1275927467098506,-156.1547435997907,-7.714900114615482,6.0,-4.0,right
42.165412143606346,-375.51180172716477,64.76183829486376,27.74354099676448,-358.1185967782358,57.12869044509057,0.604713794416297,-0.7293027967477279,0.3200603966419254,26.859209701436242,57.97566423463297,2.0,4.0,right
-63.91312852150622,-430.8145882697741,34.391527742073386,-64.25753878179825,-407.50638945018613,30.188469227135098,0.014540281035683316,-0.9840234172612461,0.17744434200307138,-110.55618134129682,8.397152626075709,5.0,-2.0,right
77.4543021289758,-334.0660979336917,80.01125691780784,59.852767269152736,-321.78118039617834,70.57194098869246,0.7506453149785371,-0.523909753772733,0.4025545689748994,86.63829579199145,87.66959268446237,1.0,7.0,right
104.9375494832099,-284.65039316841967,92.03152340967515,84.54936978182454,-278.4505032792879,81.27367232022561,0.8540808603571955,-0.2597194731548174,0.4506569418478945,144.42463374464973,116.20206923723589,0.0,10.0,right
9.947354226426722,-399.85669385521254,55.94183565765484,-0.5176382987957309,-378.8966410627399,49.116060802745594,0.428867534371568,-0.8589672796937392,0.27972817229873276,-19.002467431834983,40.826979801950465,3.0,2.0,right
-25.588584057961416,-418.3601286717229,46.002912065541665,-31.388031458212406,-395.37517727285973,40.18658552386164,0.23760022539012113,-0.9416810354577094,0.238291754691302,-64.68890291205469,24.718592006592814,4.0,0.0,right
-130.79612055020988,-434.82543435900664,19.485643762428612,-121.89778651032341,-413.03335024329544,16.95491431800699,-0.37586223788058026,-0.9204893261028402,0.10689704704126009,-186.67765074709757,-11.853199936029235,7.0,-5.0,right
108.82446334206446,-269.51880806243776,97.72879930242942,88.13480045546974,-265.27929644552586,86.5065262356677,0.8650971526763733,-0.1772667562846179,0.46923705474691746,157.8527529725792,127.39499360545139,0.0,11.0,right
50.70843817372646,-364.28919388543284,73.12921229137194,35.26327676206885,-348.49965879724573,64.53370133198948,0.6516625320653985,-0.6661923525083562,0.36266195521655664,41.90298701753617,70.39046603788826,2.0,5.0,right
-158.34564909917472,-428.2245225997585,15.564391851190187,-144.49778595642803,-408.18257682546135,13.930182442807189,-0.5671765518224356,-0.8208718976279105,0.0669334501394131,-219.5988767955633,-16.9922659622871,8.0,-6.0,right
83.73052167487499,-320.82239524099384,87.13934012481677,65.4981477932168,-310.2678937644637,77.01041252278587,0.7799792531442922,-0.4515205881805676,0.4333145775456283,101.06495211987078,99.63218494587429,1.0,8.0,right
-183.8462047787257,-415.67561775710726,10.825106019556229,-164.46744714718085,-399.09881868868365,10.39204590837457,-0.7597970248320977,-0.6499386004459609,0.016979302301282313,-253.43099143690517,-21.9689938129899,9.0,-7.0,right
-91.22080527338721,-434.4044023125506,32.339305708450425,-87.69674220856768,-411.27792982770757,28.305526667212504,-0.14845246580676633,-0.9742112449860761,0.1699244406745852,-140.6814832934892,4.1399936771488655,6.0,-3.0,right
19.739905908113588,-390.6327951903042,64.60957014646414,7.952873629887195,-370.9630479851465,56.913087820083064,0.48730510021731016,-0.8131960536635454,0.31819163660950217,-4.12742474034538,52.8087080268399,3.0,3.0,right
111.98381869448146,-254.38082991184496,102.9020037358156,91.22288564184294,-251.66742283827875,91.44205904956246,0.8698016597074122,-0.11368111298590045,0.4801267304790665,170.94686888350634,138.2769733535946,0.0,12.0,right
-52.07165895950984,-425.96909101561573,44.0945505202986,-54.07886049018604,-402.52434754679007,38.79590482773014,0.08321830467384628,-0.9720159013288647,0.2196811355830209,-95.38784869562534,20.450902637599,5.0,-1.0,right
-14.613072894605917,-411.2898263408557,55.091092622383,-21.90631092714565,-389.235416593988,48.567405093999554,0.30227632068454297,-0.9140694165484402,0.27038144848382134,-49.736790239073756,36.48796287559964,4.0,1.0,right
89.49860832466078,-307.26121451254426,93.89884321497733,70.14844465099577,-297.8414022317902,82.72959518614053,0.7980457993654725,-0.3884949888924236,0.46064579203613654,115.13872900087469,111.2901463043242,1.0,9.0,right
58.51456406789177,-352.6933797132265,80.91291963113986,41.99622181115795,-338.19207756151593,71.2962422376,0.6884890848496567,-0.6044182940627417,0.40082577991587215,56.517846355610395,82.4399346391825,2.0,6.0,right
114.66203199747059,-238.1605613337083,107.31934210846407,93.11399860653947,-237.69792416974707,95.29211120150846,0.8730370237300435,-0.018744140839396104,0.48729355873105906,184.8411115052498,148.1209664129296,0.0,13.0,right
-118.42142730639799,-434.371098587583,29.628626810549765,-111.32773030991532,-411.87520393390383,25.72930113168116,-0.29670858490258106,-0.940937436730139,0.16309738135489407,-170.76470744108227,-0.13517554756813155,7.0,-4.0,right
116.03494164323222,-221.23803960044745,109.85393076130512,94.08617739761488,-223.33012693567426,98.10326985767533,0.8785108075336178,0.08373689350952628,0.4703263693564343,199.31000996390466,156.5394736164091,0.0,14.0,right
28.85632397694146,-380.6833807518233,72.97924814384625,16.240856720928377,-362.6884884238657,64.65653308640269,0.5368362922000923,-0.7657513653547879,0.3541632982596238,10.629838366305279,64.76542307604583,3.0,4.0,right
94.64318262134564,-293.0036915822981,100.39046884263587,75.01262110365698,-285.43368062453715,88.46702595939529,0.8117400470918503,-0.3130262496975272,0.4930442809196978,128.96777896588156,122.92749094116843,1.0,10.0,right
-196.23115319058314,-404.99157486308974,14.694200782077566,-174.3948098019381,-392.2897340780921,14.924680902143557,-0.8643629610529632,-0.5027856778187936,-0.009123252712158598,-270.8737317790178,-18.750307960055707,10.0,-7.0,right
-78.91089700802993,-430.8839134451788,42.00075737257425,-77.21953035028861,-408.04927164252115,37.19141223670593,-0.07229043715142527,-0.975971845344718,0.2055554664582807,-125.33648088345606,16.08732524508082,6.0,-2.0,right
-145.70223043133757,-430.8360698690229,25.79297568184535,-134.5307382419573,-409.67664255491195,22.902107959349244,-0.4635191760557237,-0.8779310899730172,0.1199457155858974,-201.93595784682554,-5.027411619460771,8.0,-5.0,right
65.66071148710924,-340.5562176655227,88.29509234355099,48.81171835472702,-327.45992468417455,78.06183904978332,0.7119230456889294,-0.5533596407370424,0.43238719340467263,71.01278956223604,94.31928634456023,2.0,7.0,right
-3.953686462367943,-403.3612046147081,64.24315488896114,-12.601206059059516,-382.2923909639386,56.608015987212966,0.3600103571979273,-0.8771291054433691,0.31786329623650456,-34.69299488684078,48.51661370393246,4.0,2.0,right
-172.63651071671848,-421.56108863883935,21.0521385325873,-155.7659078441263,-402.6413701518465,19.163246403027884,-0.6636926154131564,-0.7443052000182352,0.0743093632852489,-235.26219289488378,-10.134096261930978,9.0,-6.0,right
-40.40625550259703,-420.19987762160474,53.685475448634534,-44.20268873659863,-397.25816537685637,47.357562288275645,0.15753275058339877,-0.9519648602376881,0.2625763457858831,-80.20390987348135,32.44594750949291,5.0,0.0,right
99.09588770983083,-277.93731275668006,106.11838424649608,79.30830596399056,-272.4628692345276,94.03575861994463,0.8306284800204039,-0.2298021435953868,0.5071955273639137,142.84597989498764,134.35442341289098,1.0,11.0,right
37.54472799297207,-369.9424877106344,81.15139776321872,23.973988620530868,-353.40164291298646,71.98903879688817,0.5830673815715486,-0.7106780846982726,0.3936611340695103,25.486671471220795,76.86254047622899,3.0,5.0,right
-106.1501666536899,-432.689354102766,39.681092744296606,-100.75622227074204,-410.3349083322564,34.710552932950094,-0.22926563514085216,-0.9501592608184605,0.2112691355223911,-154.91534909816386,12.213835204689595,7.0,-3.0,right
72.29362906256898,-327.6891269586704,95.53473357005618,55.292014644662714,-316.1902732612255,84.59127765089613,0.7309309903634043,-0.4943570836581956,0.47047950132108496,85.52708221273895,106.32458213535259,2.0,8.0,right
6.128985263627136,-394.61899970235646,72.7590105114748,-3.9794058755436144,-374.3202401657726,64.18888960732096,0.41698140516341714,-0.8373444555226645,0.3535261950031352,-19.881207517418524,60.16754061875864,4.0,3.0,right
102.80712572121966,-262.651790412551,111.19467277268005,82.86437511757396,-259.02787286417913,99.11159518983243,0.8451176597601326,-0.15357142946388963,0.5120468310750238,156.373782683995,145.09317095705006,1.0,12.0,right
-67.14086680005983,-426.42080109499693,51.56636526899801,-66.85747223495265,-403.7597638665951,45.80205313437199,-0.012118957582481365,-0.9690663927947067,0.24650244871596955,-110.3443233523526,28.31305707111408,6.0,-1.0,right
-133.39365549271452,-431.2498169160949,36.10602046207964,-124.01950276350618,-409.4899608916869,31.785825953263117,-0.3892303879014433,-0.9035053562408902,0.17938165005962642,-185.32519642718958,7.204711439876611,8.0,-4.0,right
-29.1723319431867,-413.38239777501553,63.20255579953276,-34.37247356353325,-391.6172035109555,55.80361785784431,0.22063248211101755,-0.9234573180312774,0.3139233817542293,-65.16046324716363,44.61106140743283,5.0,1.0,right
-185.9996928656704,-412.5250901084097,25.411754966824653,-166.04140784468012,-396.18425657845563,23.5467208301051,-0.771727437129315,-0.6318513623472908,0.07211531516738755,-251.89707005980785,-5.720872299661039,10.0,-6.0,right
78.03624209776466,-314.27920647123835,102.08461052872883,60.516431744376106,-304.2024228116454,90.31669056941644,0.7491140447263185,-0.4308642623868204,0.5031740607301181,99.6466774985197,118.09265638720413,2.0,9.0,right
45.74306222575649,-358.27535994291713,89.18323902167131,31.009318427686857,-343.1940728164286,78.78854704345036,0.6267816875657171,-0.6415663748029918,0.44219600049572927,40.450695940997555,89.16539722477114,3.0,6.0,right
105.94527509568478,-247.2179140879608,115.93271829427303,85.39566502399698,-245.46628016831113,103.2458812891848,0.8486717364958,-0.07234016582835961,0.5239496007070993,169.72710884951812,155.88629712010007,1.0,13.0,right
-160.3858145410201,-424.98086513066517,31.6011293070388,-146.4989410279104,-405.26120697609485,28.37544362101727,-0.5706914510340666,-0.8103940973829334,0.13256196529748757,-217.56771079794308,1.184024191470968,9.0,-5.0,right
107.72812037445196,-231.2237494157987,119.493554165684,86.93410105053796,-231.7139442119451,106.35405458076328,0.8452029534472973,0.0199246756008807,0.5340739413097829,183.07674827151038,165.29239935618887,1.0,14.0,right
107.64820936592719,-217.1769168203812,121.58363636178959,87.85372456971714,-218.88319588032428,108.86684398233268,0.839133766815852,0.07233309629171009,0.539094096211685,192.46486517797948,172.34802827603988,1.0,15.0,right
-94.11098908072935,-429.795920780089,49.51699354126664,-90.20371985642845,-407.45044520147604,43.60047902977244,-0.166668323173376,-0.9531677320918157,0.25237461153911633,-139.74935724125507,24.25318835536413,7.0,-2.0,right
15.453536006232818,-385.03769181635244,81.17662700263006,4.505945249957357,-366.1614528169255,71.9739036876926,0.4622685180923228,-0.7970603965461248,0.38859045464146735,-5.209487094211413,71.91920386463241,4.0,4.0,right
83.49146896260156,-300.5990836385936,108.35628821868035,65.66869208833947,-292.0324641690262,96.08916397224378,0.765892551899295,-0.3681306281835393,0.5271512492049871,113.48195080675546,129.6012901369166,2.0,10.0,right
-55.48413200594426,-421.0391944330732,61.03715176226207,-56.93969129499864,-398.4569382982912,54.120362736859654,0.06151305982755548,-0.9543435867613977,0.29230884673242796,-95.41213785105252,40.26774319548832,6.0,0.0,right
53.06541237208051,-346.5518469595496,96.59076880586537,37.724671314983425,-332.77908269043263,85.43629798859337,0.6544589513411848,-0.5875667170893043,0.4758664034981816,54.85733954860402,100.98148542307395,3.0,7.0,right
-18.33514197235698,-405.89445744120144,72.19523161348145,-24.99191405441341,-385.0705042960433,63.95302333491896,0.28491390792824606,-0.8912779040601988,0.35277154477524664,-50.28560105998392,56.32198374997325,5.0,2.0,right
-198.20591205980207,-401.4304321713937,28.362626043892526,-175.23611691770265,-388.83583688138884,26.981394488007943,-0.8756241596424064,-0.4801145090159803,0.052653483102961134,-268.7438597888829,-3.7161979499995255,11.0,-6.0,right
-121.1723562061255,-429.99051860120926,46.282151960131074,-113.75845246413529,-408.6474028462968,40.72673586568167,-0.31864343983785437,-0.9173094307233569,0.238767180647363,-169.45043540078208,19.29974450621529,8.0,-3.0,right
88.63663757928481,-285.8542159665494,113.9779230061999,70.02762564444481,-279.21451512199815,101.42798845746776,0.7950233307145447,-0.2836645545108418,0.5361644562386783,127.75673603836309,140.83505293636793,2.0,11.0,right
24.086784523357856,-374.5020727083744,89.25176274867518,12.30814549871657,-357.2702327436207,79.17152269197227,0.5081514916541598,-0.7434123045724319,0.43487953152563746,9.417940062689173,83.79852693448213,4.0,5.0,right
60.07703937433129,-334.025910437059,103.50137570319747,44.15694942403715,-321.70043557279655,91.84058665766452,0.6842427727588428,-0.5297468244855323,0.5011787404457466,69.63462513458866,112.71111126693906,3.0,8.0,right
-148.07418976977547,-426.4683216275528,42.066582554549484,-136.8535882274268,-406.1732979284204,37.474933928263454,-0.47463474626573016,-0.8584854731307378,0.19422808772358205,-200.01760252517596,13.923526520524419,9.0,-4.0,right
-174.85005482437919,-417.5832142789918,36.49244364407093,-158.10085433763902,-399.5773414610515,32.961436102585324,-0.6741798672257571,-0.7247627703359992,0.14212822859076232,-233.06874106810884,7.564529644662059,10.0,-5.0,right
-8.098508047008782,-397.6140138985969,80.68859011959506,-16.028744188977814,-377.57582930930533,71.45624696904677,0.33825292652392536,-0.8547002205499978,0.39379244620711706,-35.663705427669655,67.76985929925327,5.0,3.0,right
92.77742483781763,-270.7589203056116,119.3393807983025,74.16440813359748,-266.01022834563577,106.42002014735108,0.804031618458373,-0.20513055690074866,0.5580811868758866,141.4838915812098,152.05411263537044,2.0,12.0,right
-82.23193764372479,-425.8095097084434,59.14073334130019,-80.1019737470163,-403.7377528294595,52.457599706181306,-0.09196925002265244,-0.9530316124040324,0.288569580532739,-124.84342857779143,36.3455939879403,7.0,-1.0,right
-44.05996894593532,-414.7843804998756,70.48398723721314,-47.17242854545669,-392.7409099883189,62.60851253554334,0.13180520663727363,-0.9334881603684675,0.33350748410672865,-80.50603582254429,52.24013738950835,6.0,1.0,right
96.42111027542236,-255.41350562130665,124.04732220690573,77.10557663011636,-252.60774278382263,110.57074371732843,0.8143562730144303,-0.11829290400429343,0.5681818806194702,155.17308885036965,162.76727587007846,2.0,13.0,right
32.47652798737512,-363.242340417248,97.02660293727078,19.70019875706911,-347.67705488688523,85.97627890229614,0.556217305649956,-0.6776344772670871,0.4810756947866573,24.31193191393165,95.75506672320972,4.0,6.0,right
66.15845940634577,-321.0028336937188,110.22260064813491,50.16310247321759,-310.2175958664276,97.76247425039963,0.6964862239849473,-0.46962187843098113,0.5425515930288534,83.80479429290445,124.56670380898481,3.0,9.0,right
-109.21007315108317,-427.6638103418324,56.23186533899363,-103.40899169658535,-406.289042044324,49.6879742072247,-0.25118891026614704,-0.9255351433963463,0.28335283605005607,-153.97598961338477,31.880104750026874,8.0,-2.0,right
98.98163245202555,-239.7453015321667,128.32121042799935,79.0634550431544,-238.8792972126165,114.1509857868713,0.8143248895389745,-0.0354052912262899,0.5793284384790017,168.30316801443067,173.5476929723347,2.0,14.0,right
1.660389236220091,-388.5661276246133,89.12216753805565,-7.615102871444588,-369.2064715637682,78.78640586143592,0.38930787965709235,-0.8125570659167696,0.4338091624961711,-20.95019751592333,79.29778441922528,5.0,4.0,right
99.35881720895554,-223.206266379953,131.6431884172455,79.93606698690303,-224.68561669500934,117.0501101450953,0.7980075474379499,0.060780924597346346,0.5995745436867379,180.51324815150014,183.92732040722666,2.0,15.0,right
-188.31483009631074,-407.5501244021451,40.06559003078445,-167.9215392688365,-392.1278817607067,36.57255595845031,-0.7902636213710912,-0.5976297510094524,0.13535911290278368,-249.51575475623756,11.438628006168031,11.0,-5.0,right
71.8460190401801,-307.27746877504705,116.26077093446422,55.337077611861986,-298.0246776510743,103.09277480725851,0.7160526466587869,-0.40132709914015496,0.5711437355943728,98.06132326536492,136.21284941363928,3.0,10.0,right
-70.602142006015,-420.8048107559931,68.63352123862023,-70.12289907189289,-398.9017903984827,60.573910064636635,-0.02052984335975475,-0.9382831650275976,0.3452582044751693,-110.0071191660403,48.674512743807746,7.0,0.0,right
-33.089996249448404,-407.39356854593797,79.60921652268124,-37.55186372221531,-386.38560596552327,70.5900986349616,0.19154987736478563,-0.9018808112350819,0.3871945851990779,-65.66608601174501,64.14734356857882,6.0,2.0,right
-136.20371254632175,-426.0504009802131,52.44932570661001,-126.94385270534266,-405.71607196779695,46.46852765158789,-0.4003386943177787,-0.8791297996361537,0.2585724757657563,-183.68449946547966,26.670109151993756,9.0,-3.0,right
40.160725024171896,-351.56840196353704,104.3859224675057,26.329020811590787,-337.3551013519379,92.49288236076531,0.5981206286400672,-0.6146218980830512,0.5142875032430773,39.03362451203621,107.5184697808823,4.0,7.0,right
-163.08043445504734,-419.94397964891937,47.392700479447896,-148.95647568466634,-401.0578732713598,42.43828016009091,-0.5861030507539811,-0.7837182722428234,0.20559397765887924,-215.57097672462697,19.771309941751966,10.0,-4.0,right
77.39536546434678,-293.0349897738617,121.8000244960506,60.19158400608656,-285.54030671322084,108.39172180331497,0.7459325385457195,-0.3249592523936182,0.5813657473763993,112.48452213957312,147.50602588339015,3.0,11.0,right
-199.04461468023334,-396.3827121815367,42.83156497591092,-175.6546087943167,-383.8386799970598,39.161695330869414,-0.8729601190454425,-0.46816746786986485,0.13696661120319084,-262.36205912134255,13.01700274291477,12.0,-5.0,right
10.594126337186847,-378.248341970915,97.18085082870789,0.5703812606395656,-360.50495242155597,86.10026351808112,0.4321211041288525,-0.7649130164928742,0.4776813043926184,-6.234766389321086,90.97571205458163,5.0,5.0,right
-97.4362366858912,-424.1009421713187,65.99543896320809,-93.11555932828128,-402.6190294268587,58.45079705443085,-0.18644014964507863,-0.9269590611031306,0.3255564000893287,-139.12574087839542,44.14727972102854,8.0,-1.0,right
47.234695740894935,-339.5177422885484,111.18115320325731,33.12896669944735,-326.5979816537648,98.89402492689783,0.6204500689390707,-0.5682844433615415,0.5404576795520304,53.63977129212146,119.06139655436101,4.0,8.0,right
82.12767901420165,-278.16991649153294,127.1321447362573,64.53385632302182,-272.49213958652444,113.30856584202934,0.7621652347878444,-0.24596156525143498,0.598838094396018,126.59418381036713,158.70238783641344,3.0,12.0,right
-59.22156346361827,-415.0272265740674,77.7700305050189,-60.32458037738166,-393.27681137678087,68.89598639865696,0.04690310528024381,-0.9248833822562595,0.37734709213308115,-95.48141260865555,60.37177500243499,7.0,1.0,right
-22.64488757016091,-399.4194743859887,88.3277662578896,-28.60832845806324,-379.3114193832176,78.34002067246087,0.2567084699661788,-0.8655922194565194,0.4299428695349652,-51.08092147928315,75.68796679314084,6.0,3.0,right
86.21302526504469,-263.1276967776712,132.0315472515952,68.30501624265773,-259.3167781386311,117.8198690660754,0.7726497415959503,-0.16442393445394005,0.6131697534862575,140.51808473676465,169.77056810325723,3.0,13.0,right
-124.16115383402689,-424.2682576722192,62.5059954918064,-116.6947553613704,-403.9161974340692,55.50001214170523,-0.32772675226545755,-0.8933242216024858,0.30751749697838054,-168.1505588600437,38.9705944268854,9.0,-2.0,right
19.033917475423323,-367.3558031534666,104.74401371475122,7.820694544252602,-351.1153661634879,92.73571987045534,0.4853857579721579,-0.7029983142729552,0.5198019200495293,8.458511713384596,102.5353927769512,5.0,6.0,right
53.74026436699704,-326.72153204901326,117.78241384273403,39.13390622435958,-315.2550162425052,104.669553370301,0.6425274771759533,-0.5044071493528006,0.5768291504039011,68.14402190795965,130.82662556112706,4.0,9.0,right
-177.85361482935238,-411.444362557971,51.347846326520624,-160.53025790009264,-394.24417365668035,46.20070667826876,-0.6943587626942893,-0.6894219135689515,0.20630883102906813,-231.13201220411182,25.56535063050626,11.0,-4.0,right
89.67019120889684,-247.8644269097992,136.271479795046,71.01961080945668,-245.88153157059855,121.36235708568458,0.7784208833445316,-0.08276027386078816,0.6222633409125163,154.06452400648197,180.1777539317335,3.0,14.0,right
-151.33490267539713,-420.54415429444407,57.846695675519356,-139.4172559929161,-401.54870865199365,51.57061193662217,-0.511790397695166,-0.8157387896083131,0.2695196021728064,-198.49031476199522,33.03931220068256,10.0,-3.0,right
92.0446974460219,-231.48678843776605,139.71385205436582,72.5363978702959,-231.857589858738,124.21819488953628,0.7829503903277744,0.014881825868889633,0.6219061163426468,168.05692956420467,190.80651522104097,3.0,15.0,right
-85.79348035337709,-419.5758613768942,75.5248397733074,-83.12337451920115,-398.432084756361,66.85069205902542,-0.11604444853174893,-0.9189215897000214,0.3769838165600054,-124.49955784838775,56.356910161112,8.0,0.0,right
-12.582701560487246,-390.906289984945,96.7154381884506,-20.051635377977874,-371.53391402939957,85.64004003870969,0.31739954764092443,-0.8232478042074644,0.4706597284928092,-36.44425833621888,86.9567439612922,6.0,4.0,right
-48.10274069065353,-408.1834232244407,86.87916722360079,-50.38582953544756,-387.1900077510347,77.10209422707442,0.09810986920313569,-0.9021380183777982,0.42014455769689923,-80.82502760179955,72.1521425272995,7.0,2.0,right
59.728701992516775,-313.3038079554221,123.94680709614417,44.68741550704684,-303.57808351053916,110.23552635871437,0.6668051653410229,-0.4311574879446739,0.6078438056472811,82.52281568694345,142.58491551539566,4.0,10.0,right
27.031226536125104,-355.9944708356395,112.1756208677509,14.857876523808931,-341.23699836001083,99.34832779013777,0.5285208661671882,-0.6407137006137641,0.556912603441241,23.25169471506787,114.20651281638717,5.0,7.0,right
-191.11574365140686,-400.70388296893424,54.18959826668701,-169.94927127121676,-385.8598534387583,49.15287787679865,-0.8036227221260241,-0.5635799487081055,0.1912280363778492,-247.03716601979627,29.017689026622335,12.0,-4.0,right
65.4381631797187,-299.38160187284836,129.46303230597982,49.66871394327655,-291.1523189344189,115.0492714535497,0.6887909529288171,-0.3594453777106396,0.6295760824601484,97.01482062826858,154.0392715963837,4.0,11.0,right
-112.66523598209093,-421.3739886835001,72.3988230517376,-106.46035240549969,-401.0785194951196,64.28877758616753,-0.2731072732721477,-0.8933028607867182,0.35696276583996533,-153.18608293713018,51.826522335770356,9.0,-1.0,right
-3.2883711828897777,-381.33922211398874,104.8351356584325,-11.745808011044357,-362.86817318271767,92.60227161759389,0.35664413380232435,-0.7789110791325815,0.5158512311014748,-21.8671418811707,98.31048026725271,6.0,5.0,right
-139.58166057444214,-419.63086789922363,68.13201082458181,-129.49661071186273,-400.31890039140393,60.32894193914161,-0.43579151112441056,-0.8345017246018596,0.33718337810222015,-182.4535670910833,46.117068352173085,10.0,-2.0,right
-74.35024063295282,-414.15841506502915,84.7195278200559,-73.37329183941068,-393.182987749399,75.03907256563198,-0.04225162679275235,-0.9071569898205575,0.41866573283834796,-109.98696465195329,68.51412809398623,8.0,1.0,right
-166.48402791050196,-413.2018498041207,62.20521926527844,-151.7532433262515,-395.1218139331495,55.441296044791855,-0.606644806118356,-0.7445740444324283,0.27855263697757154,-214.00447235191007,38.17164415795976,11.0,-3.0,right
70.84625628519095,-284.968086893031,134.7146122613848,54.567734767418514,-278.56988672839736,120.06679543784676,0.7135271936807674,-0.2804486760726155,0.6420494404383247,111.53678830012244,165.23090582992,4.0,12.0,right
34.41298394921993,-343.9833341642013,118.84208376308062,21.69333082107117,-330.7457022648699,105.86986184586061,0.5658473978469779,-0.5888902384701273,0.5770831910430249,38.18415449981876,125.63497126726104,5.0,8.0,right
-37.39472055289171,-400.51028297980486,95.50032820304506,-41.21374720445584,-380.2476992360812,84.82623088474918,0.1644828391879665,-0.872695481736582,0.45972599640353234,-66.27114008845541,83.57731582400545,7.0,3.0,right
75.31054223719855,-270.21462215089286,139.82268456774727,58.85622015194994,-265.63047502455265,124.76078110035024,0.7225290952077613,-0.20129542003211676,0.6613863171039657,125.62829346464693,176.54814454509102,4.0,13.0,right
5.4376315678581255,-370.6020639836886,112.26648036400475,-4.132828468314819,-353.90872427956515,99.43718072506506,0.41382422527903423,-0.7218157062741423,0.5547356097711489,-7.045383167167799,109.5930571286616,6.0,6.0,right
41.12974524222611,-331.43367993848267,125.35445157196803,27.935508610403616,-319.74485162123506,111.6191050219253,0.5904325488453185,-0.523066615291904,0.6146468264223707,52.81563420087228,137.29944940102277,5.0,9.0,right
79.3124930094876,-255.0861569779796,143.99740332661332,62.38639039029211,-252.27011027958855,128.54768638704525,0.7330705557999848,-0.12196315742568557,0.6691282003098201,139.7557971710349,187.16720407401402,4.0,14.0,right
84.53668252519398,-223.6360273502132,149.08930101933748,66.80764812502164,-225.25871845872547,132.9558714458134,0.7379163329822758,0.06753950865731748,0.6715042072007585,166.7378882705843,207.1777989643212,4.0,16.0,right
-101.17813366556285,-417.50508772653836,81.80111216710743,-96.22980365734273,-397.2062586960027,72.8777349130163,-0.21780535216156785,-0.8934718578022945,0.39277075742103285,-138.85161668943692,63.83226063664908,9.0,0.0,right
-27.322796712141997,-392.33891759991457,103.84507738929463,-32.50625998124994,-372.9561112840157,92.20637118089755,0.22347061806565227,-0.83563584468231,0.5017704833322081,-51.9200770494331,94.69120547223997,7.0,4.0,right
-180.85742618469328,-403.6264267839965,65.35684130615516,-163.0620046473553,-387.11188493988027,58.194489332610935,-0.7030379145257134,-0.6524346182569788,0.2829607033480202,-229.02406946049695,43.75681389445471,12.0,-3.0,right
-63.321668495430956,-407.9571086265691,93.60796764619845,-63.75011789930359,-387.45601693134654,83.23222212399313,0.018643493886572375,-0.8920819453434521,0.45148889568619893,-95.79547842091533,80.05289925948264,8.0,2.0,right
82.45530424149462,-239.38643558990566,147.36478576511075,65.03012532086854,-238.54933833249072,131.6221985165138,0.7415529410288201,-0.03562384845463061,0.6699478913115473,154.02238916055927,197.42068510040414,4.0,15.0,right
47.56594223185546,-318.3883428279222,131.30587319046631,33.935159986566546,-308.3418855440672,117.02029175049793,0.6152692976966898,-0.45347923590472045,0.6448257702008294,67.49841581331651,148.8159656833075,5.0,10.0,right
-127.86724384624526,-417.4132906616019,78.20108521604516,-119.70752849125554,-397.9862477909969,69.24631400347361,-0.3563979940952453,-0.8485294901925746,0.39112424378759086,-167.3469771835749,58.76380003229106,10.0,-1.0,right
13.550697622354322,-359.5855275310904,119.40546488508959,3.026122540489423,-344.3943613295462,106.04986792923842,0.4615730138588886,-0.6662342482368024,0.5857322591027105,7.6355440272733865,120.79980958880383,6.0,7.0,right
-154.91938979942194,-413.1787115967527,72.74790821523877,-142.35984315134823,-395.2986358324571,64.54826611907785,-0.5381531162628246,-0.7661278516806079,0.35133934925633786,-197.18780855788893,52.165066301067995,11.0,-2.0,right
-193.7589495856706,-391.0794888712747,66.24051157821694,-172.61473416776408,-378.1085279297438,59.44936943462699,-0.8221390348506357,-0.5043428237362968,0.2640562885457643,-244.25204651821556,44.542875322760096,13.0,-3.0,right
53.292329144305256,-304.9238689913989,137.05530287883096,39.061491020704295,-296.2235714047972,121.96385232648575,0.6326605444803719,-0.3867892361976964,0.6709208017489112,81.74354248770106,160.46239907050375,5.0,11.0,right
-17.606600448365548,-383.3635964819988,112.02905670534012,-24.143797559989075,-364.86699454912423,99.33498587321078,0.2797665519777237,-0.7915824561667014,0.5432567454561313,-37.31541360814719,105.83358857595576,7.0,5.0,right
-89.69012314404387,-412.52847379839807,91.19316538258865,-86.5779918488669,-392.4156147782869,81.08666912922425,-0.13695700598133678,-0.8851159195590791,0.4447612701840326,-124.49332595991835,76.09044836692073,9.0,1.0,right
58.760547421411225,-290.7837505533952,142.03995757639876,43.91386129010152,-283.81856206030585,126.77752599518163,0.6627194054270324,-0.3109088139940472,0.6812772556391821,96.36014916843475,171.70844112912994,5.0,12.0,right
21.177611901840983,-347.9024290616512,126.24880273703855,10.187096905848374,-334.3244667747573,112.6198839042692,0.49604556111549364,-0.6128273264595103,0.6151271976120903,22.57253604657667,132.1807359809662,6.0,8.0,right
-52.53133664248845,-401.05100646531434,102.28616637307005,-54.045828209456616,-381.331819744746,91.31942022571869,0.06697033182116388,-0.8719761184036413,0.48494600069438876,-81.57858894128051,91.31410231686269,8.0,3.0,right
-170.03195143287644,-404.9910482843195,76.2552935705834,-154.6380099548821,-387.84229952090755,67.56627443782051,-0.6250514772583691,-0.6963032023361847,0.3528066059380195,-212.52078405893764,56.875560123274255,12.0,-2.0,right
-116.59630314733249,-414.12436223863136,87.83934990900505,-109.72337168309004,-394.6653371348551,78.10182429529807,-0.3011923589302039,-0.8527525269211192,0.42672741973267314,-152.8065265380196,71.59809167645437,10.0,0.0,right
63.83432916299499,-276.3813515109049,147.05611385787583,48.68853649936043,-271.15576262381387,131.4688665167988,0.6775680765988434,-0.23377397868543703,0.6973171648996779,110.95142026841881,183.06816205089882,5.0,13.0,right
-8.555018235990879,-373.24648812417547,119.47007967616183,-16.46732662449019,-356.1325963852029,106.01285563835683,0.3415727499511861,-0.7388032387797854,0.5809456350290307,-22.602023457972866,116.78751078372166,7.0,6.0,right
-143.33226465790614,-412.0631579117844,82.95109578329127,-132.7164571765552,-393.6614816595285,73.51470226789327,-0.45667832626108673,-0.7916163444035248,0.4059414608001657,-181.54276425721585,65.47067811728421,11.0,-1.0,right
68.31719740843374,-261.7355897298671,151.3569340696903,52.72682453373321,-258.0026998205974,135.153116525315,0.6839738965157458,-0.16376768387950175,0.7108866679027054,125.25199989096058,193.7633769671165,5.0,14.0,right
28.31487672538062,-335.787013239583,132.8323961120579,16.635556082661452,-323.6386829640959,118.55149980443142,0.5287345947715074,-0.549967132665746,0.6465105422800371,37.340030130587024,143.62041355587826,6.0,9.0,right
75.16400003955039,-230.05284648566808,157.72766962725018,58.47039453945672,-230.86334224285866,140.391329124283,0.693234720076146,0.033657426453246604,0.7199255520715263,155.17932373049706,215.0813586548261,5.0,16.0,right
-78.57187673494778,-406.7448850786468,100.15098076074054,-77.01618284007995,-387.5248937524401,89.06860385233763,-0.06994816304050079,-0.864182273490722,0.4982933399832538,-110.32119416624923,88.09979855783155,9.0,2.0,right
72.25055892286764,-246.39216119062786,155.05690891997665,56.03282038440339,-244.70565910459936,138.3449504972916,0.6945967223321667,-0.07223194641986662,0.7157638851198127,140.02604464918198,204.3218735290135,5.0,15.0,right
-42.026866980745766,-393.0256668373461,110.8540509554743,-45.05455570842703,-374.2047297332854,98.72424794026796,0.1339991355091853,-0.8329750936280466,0.5368395710807261,-66.98101696651595,102.66805493178168,8.0,4.0,right
-184.71442717178329,-394.5513905968056,77.91942654121526,-165.32870027948596,-379.01644432909853,69.39352264094103,-0.7380918702067255,-0.5914773074023274,0.32461513514134077,-228.43688427151997,60.553146828579415,13.0,-2.0,right
34.92722793084366,-322.9396446665344,138.84551241211568,22.498154997989595,-312.4626039678694,123.76721612750956,0.5605708084874249,-0.4725310734545375,0.680054963434322,52.151269421542445,155.1931066609445,6.0,10.0,right
-0.01962249520874486,-362.40770419410603,126.83392388284007,-8.998546406725527,-346.9263550598657,112.59802992918648,0.39263822612515054,-0.6769819548526962,0.6225196030560943,-7.670573506982201,127.92971685076567,7.0,7.0,right
-105.15423190471057,-410.02859016142844,96.8517264149139,-99.87998700535853,-390.4352458773759,86.39015770181922,-0.2310331214098109,-0.8582672164801932,0.458258749973179,-138.8431282422801,83.28171530772158,10.0,1.0,right
40.845405107004666,-309.6383362156577,144.21197353815708,28.12872669956901,-300.735221611155,128.8366732234711,0.5820253942075275,-0.4074836699755324,0.7037069696975039,66.67858901611115,166.66148677903413,6.0,11.0,right
-32.31496801289704,-384.27280932057926,118.96063410293533,-36.601136381520696,-366.30118376407285,105.8349366964784,0.18912203607908176,-0.7929764126341966,0.5791556478832809,-52.62393516473258,113.68409879196957,8.0,5.0,right
-158.8126133041494,-404.8964134814187,86.73877291769239,-145.42214367908238,-387.77985474159755,76.72187818020164,-0.5595807483039038,-0.7152920708685666,0.41860081160958157,-196.21960133827417,71.13181329582855,12.0,-1.0,right
-67.82475589197816,-400.308398139539,108.72960286122463,-67.55369303836659,-381.0596656928707,96.9140393995172,-0.012000574238749109,-0.8521855342786229,0.5231020946088809,-96.46644080887266,99.32476105064623,9.0,3.0,right
-131.82369129074732,-409.357626660278,92.7830215412274,-123.09543392130428,-391.152277438278,82.42125249694949,-0.38461914416938403,-0.8022364076458496,0.456601423766826,-166.88860553541053,78.20267594885217,11.0,0.0,right
7.80483739247391,-351.1023362942649,133.51894903165484,-1.7048839240716833,-337.15102763833477,118.8826465285276,0.42558774169838665,-0.6243617186009456,0.6550171894398963,7.221752621068823,138.88965590231766,7.0,8.0,right
46.5905865984697,-295.9865003817987,149.34795997669823,33.20242666982504,-288.4835501056192,133.44353715379765,0.6057508762038553,-0.3394729916682273,0.7195998637479619,81.30354186944793,177.97695639291442,6.0,12.0,right
51.86040786631385,-281.86650488796477,154.0856761147674,38.07117044981305,-276.0365357538342,137.8331546630028,0.6240329652948186,-0.26383568695359993,0.7355090675954156,96.16501702303133,189.32342966446623,6.0,13.0,right
-22.935625548553887,-374.74185349355184,126.59710434594177,-28.553422318100232,-357.9269487814222,112.46815096805616,0.24780775354373005,-0.7417256148091693,0.6232450799000098,-37.970081349824916,124.4916732559594,8.0,6.0,right
15.137712032834962,-339.3813220656435,139.97493500905378,5.1531269005665115,-326.7313895340931,124.74978783510416,0.45036059230702574,-0.5705826563730836,0.6867392293608255,21.938401624623253,150.02043391731914,7.0,9.0,right
-93.83750832161084,-404.7833996386019,106.10175079818018,-90.10011243310366,-385.93361922032574,94.65908838934516,-0.16710518866150129,-0.842805045810137,0.5116204752346967,-124.71374315626474,95.46346250592484,10.0,2.0,right
56.750460210357545,-267.43872825663857,158.56917671965994,42.48906438031611,-263.2978298676966,141.61755997039052,0.6328145413577593,-0.1837422329508259,0.7521865114959276,110.83765759641284,200.43837933258936,6.0,14.0,right
65.99194964484442,-223.20446015259114,166.51715289931448,50.751657771217644,-224.78419455170763,148.36175414756806,0.6415156579642507,0.06649638739607729,0.7642224094136244,151.26065546125955,231.47895078190498,6.0,17.0,right
-57.17174786003035,-392.9346924920739,117.42134864945302,-58.25000451149969,-374.4549987474761,104.57459157278431,0.047853993399514315,-0.8201453163066119,0.570150555078259,-82.09057404301011,110.63168508105525,9.0,4.0,right
-173.64872379504698,-395.69479006969016,88.66143378917226,-157.76736571372476,-379.92891918141294,78.76651573350438,-0.6490628804828575,-0.6443429787091658,0.40440017676491613,-211.81835515159062,74.68147679497008,13.0,-1.0,right
61.14918022730666,-252.8131009970142,162.23814604341214,46.363748368027586,-250.45376403963053,145.0498208880107,0.648624870979692,-0.10350219352031988,0.7540378456570068,125.71743604820008,210.87332787782705,6.0,15.0,right
64.33241354735638,-237.4747068514572,165.22950152032888,49.1646742213308,-237.2272464780138,147.4128221019539,0.6481965817485954,-0.010575271946361637,0.7613996027269102,140.6428779688401,221.82631575315793,6.0,16.0,right
-187.45137463959222,-383.86002764622,88.98431044559038,-168.13580996135298,-370.00398796368955,79.1805928100758,-0.7511783073673528,-0.5388585117195173,0.38126454711675706,-226.34212583332584,76.78830973596551,14.0,-1.0,right
21.991799145643824,-326.7524157722168,145.93323231266874,11.063812842721536,-315.6922616927185,130.02471685982403,0.4912614397698949,-0.49720296736812797,0.7151583090725704,36.90221282841932,161.40823151194394,7.0,10.0,right
-120.7449094159838,-405.78066574039906,102.35075297510117,-113.41088972386063,-387.51426054375105,91.01710619051772,-0.3228932056317406,-0.8042108389276071,0.4989838717916771,-152.71587039011095,91.17927314319388,11.0,1.0,right
-147.25821959826447,-403.1287637807459,96.7601896387623,-136.21443989461977,-386.2207397537452,85.86240224393819,-0.4812535660181319,-0.7367990919475625,0.47489167533246884,-180.90250217290932,84.79593136155799,12.0,0.0,right
-13.970036119295232,-364.47713830484076,133.93818150086247,-20.936550657217268,-348.96267999329035,119.0320755754324,0.3080530637057086,-0.6860355187076316,0.6591347184097326,-22.989341096613646,135.25573635059084,8.0,7.0,right
-82.95540466607432,-398.6482189490878,115.03287349494525,-80.69731836707709,-380.32628940172594,102.51927697966491,-0.10125009429567758,-0.8215350738246628,0.5610958393011146,-110.71522299906052,107.52972286835671,10.0,3.0,right
-46.97624455825475,-384.62943857835637,125.63070451119165,-49.53786136683853,-366.8861151867951,111.86942456623535,0.11334585081309566,-0.7851026271100604,0.6089060543370685,-67.56919395931052,121.59692622756657,9.0,5.0,right
28.33475923763715,-313.5461507206968,151.36588249025652,16.868688619710397,-304.49502785533554,135.61410284843626,0.5337317481703334,-0.42131884503492123,0.7332263305511332,51.90584524207184,172.91952666682363,7.0,11.0,right
-5.996847519713965,-353.39228135393887,140.70621123448626,-13.778927235085892,-339.2112539555088,125.09771541781231,0.34619948838261255,-0.630867918299351,0.6943713587874003,-8.136257396002748,146.01561432464422,8.0,8.0,right
33.79591906066897,-300.1579756463123,156.44261762833065,22.50516146317539,-292.6352264572812,140.16345930738015,0.5327939843881468,-0.3549872964119198,0.7681891626324593,66.19030802560424,184.34758766241154,7.0,12.0,right
-162.68678855829847,-395.15640671500125,99.39454740006269,-148.67658271745645,-379.4086402031081,87.9711837616207,-0.5843822227999474,-0.6568579293479957,0.4764819811158194,-195.79037431335422,89.78019556654463,13.0,0.0,right
-109.37265288922116,-401.52519388858764,111.30846568590714,-103.57098916614197,-383.47549989839933,99.31875779651622,-0.25863099747503415,-0.8046330472811192,0.5344863575136124,-138.92171846699026,102.832762546602,11.0,2.0,right
39.606572258264904,-286.514222093183,161.12473275564278,27.399077654170057,-280.38729156260814,144.1918908879617,0.5611331603766713,-0.281632227048172,0.7783398133293555,81.45515371613523,195.569236811537,7.0,13.0,right
-37.47729435568317,-375.6574290346655,133.34042968137527,-41.2868786997918,-358.65149592334325,118.53423458135907,0.16659135015375487,-0.743661539354235,0.647468020012756,-53.18523434730484,132.19486526176826,9.0,6.0,right
-136.1352179959453,-400.35139405348366,106.63560176497833,-126.66480387567786,-383.5794170995881,94.64814627392332,-0.41744316279958976,-0.739286267434973,0.5283909732517587,-166.77157648164,97.66737991173866,12.0,1.0,right
1.5702857608118834,-341.76582198939343,147.057858005613,-6.85546248944025,-329.0460527369647,130.90808798172566,0.3792455869869482,-0.5725208270175302,0.726906243873368,6.7610891059892495,156.88914573833628,8.0,9.0,right
-72.29509770220018,-391.75194523021605,123.44595327692019,-71.53315065517293,-373.73092347529024,109.91526976574352,-0.033792060926515856,-0.7992254415532143,0.6000806530729086,-96.71704971215803,118.62972275162332,10.0,4.0,right
44.814533089318104,-272.63578718204974,165.4928550564004,32.03916221561295,-267.8406710602417,147.7635676392356,0.5710288914557787,-0.21433036038692033,0.7924572554650486,96.27135673760537,206.59276981173053,7.0,14.0,right
-177.28782590369477,-385.30716306988774,100.3049636139638,-160.39268838122547,-371.1377479317574,88.65980029436312,-0.6775270751485101,-0.5682204351598169,0.4669931471740172,-211.47922040016124,92.63819686572141,14.0,0.0,right
55.60801401872279,-227.22534183158103,174.34736818601795,41.02650749949902,-228.9067785417857,154.89972932626392,0.5984586573967676,0.06901004054417124,0.7981759515864595,141.8661674636873,240.41208696473717,7.0,17.0,right
49.27573096813826,-258.293904785331,169.4021579477568,36.31232965301807,-255.37680316070404,151.26273684123467,0.576522624672373,-0.12973254813182344,0.8067162631285563,111.20710113847878,217.61209885868973,7.0,15.0,right
8.79895160169492,-329.7544923146794,152.8864925764496,-0.5926842921009108,-318.32651329280856,136.27296966487273,0.4222033915798691,-0.5137477172773319,0.746865167972631,21.732021346018108,167.79910108996248,8.0,10.0,right
53.19034432745337,-243.19680468187858,172.31108037225397,39.6003910889401,-242.45951804764036,154.17903437192942,0.5994262585487445,-0.03252027147429389,0.7997690869904212,126.96479192640015,228.58672061154778,7.0,16.0,right
-28.301592857883882,-365.5270112351841,140.61193045413046,-33.40346621998695,-350.0919409553105,125.05301027952807,0.2267274227758727,-0.685935039257351,0.6914389327196053,-38.15735408806559,142.8432635508412,9.0,7.0,right
-98.4129985747436,-395.8983920473322,120.62947538766622,-94.01668243351816,-378.43412848112877,107.64874202780115,-0.19803476277777343,-0.7866884867514486,0.5847251128045271,-125.04622523421494,115.19663690259459,11.0,3.0,right
-62.06983874001026,-383.98244190113,131.9594307025592,-62.50345793581455,-366.6250745779689,117.30637830456786,0.01908572590922794,-0.7639836022968901,0.6449533242708226,-82.45294198004797,129.7618089094961,10.0,5.0,right
-151.49389163915833,-393.38037718648513,109.62575327849639,-139.8222842657025,-377.97047294940575,97.2433308023929,-0.5084155072808172,-0.6712558115741163,0.5393786308191711,-180.90468704874618,103.81466565655978,13.0,1.0,right
-125.0095147796647,-396.6868025593734,115.92987088293694,-116.96129108659967,-379.9452957381071,103.06748117129902,-0.35620920054262745,-0.740968316502038,0.5692810899625228,-152.82123034008097,110.40406557686818,12.0,2.0,right
15.40220174028708,-316.91875355398986,158.15601999947503,5.48294934014225,-307.40454500039095,141.76032858890716,0.46363268898866183,-0.44470066063039004,0.7663459089314938,36.83658860299701,178.95054113870546,8.0,11.0,right
-19.80791407328053,-354.7898082911496,147.31640777784946,-26.011144270978843,-340.5327050171474,131.16198214600996,0.27666798582107954,-0.6358758132053347,0.7204975890328581,-23.004874863041888,153.27645518122802,9.0,8.0,right
21.30721497034601,-303.8659788381616,163.16112586594286,11.205992320245398,-295.953354818683,146.41067950884644,0.47872460274283296,-0.3750009203430987,0.7938495225611375,51.44907455429674,190.16357084190074,8.0,12.0,right
-166.8005320429652,-384.39706342120996,110.97363626472094,-151.83618214842346,-370.53233999067356,98.16432537822914,-0.6212318796792803,-0.5755818501094505,0.531767322703013,-196.08656042324367,108.21537053291648,14.0,1.0,right
-52.409304669039095,-375.33657814362516,139.73417961125875,-53.96106608338134,-358.89510216900476,124.27883723807682,0.06860577196021446,-0.7269030799314444,0.6833045883351898,-68.18367780702522,140.3276391772349,10.0,6.0,right
-181.06646775968042,-373.52736375032526,109.63960676274175,-163.26823615696807,-361.6911371702672,96.95054055747114,-0.7160160847563455,-0.4761668913697373,0.5104763049676985,-210.92704112199488,109.12652582984173,15.0,1.0,right
26.926877400357128,-290.495738665271,168.01473977613037,16.339771905236287,-284.0076136679962,150.5291711402865,0.49366514727110083,-0.3025341708145893,0.8153329368174276,66.45414505924967,201.59981349033035,8.0,13.0,right
-87.71421720836764,-389.465308079838,129.33436794659465,-84.81080245118488,-372.66874784264485,115.3545584441766,-0.13170301409980933,-0.7619158111236737,0.6341440000794614,-111.08229078819237,127.01281077745645,11.0,4.0,right
-12.019399633196901,-343.476592513999,153.58826778674938,-19.013311339841714,-330.63309386328274,137.18858874652676,0.31829340514613047,-0.5845085112587646,0.7463505265668029,-8.108360641928812,163.75674734102887,9.0,9.0,right
45.07695759046374,-233.31117666481194,181.05656075200224,32.32526090116418,-233.91940593880634,161.39617136892113,0.5439782166004747,0.025946623717086496,0.8386980818994704,128.863705014052,246.0116870124193,8.0,17.0,right
32.53858354120523,-276.89611435705535,172.3005686215154,21.22002186096622,-271.85879474592804,154.20144796605325,0.5160484128010748,-0.22966706049165486,0.8251951750771536,81.72437209944535,212.64696055252972,8.0,14.0,right
-113.99431829564426,-392.0893409532059,124.99111982821151,-107.37657200737678,-375.3389559352066,111.33757748360503,-0.2928122672944087,-0.741146305936536,0.6041217835159847,-139.31145015322437,122.27564724437633,12.0,3.0,right
41.55372771594927,-248.53565238207557,179.36355453041466,29.635940193014008,-247.0106516214262,160.17945747924375,0.5264968728999633,-0.06737056942043923,0.847503539345132,112.7402644940375,234.93086624465639,8.0,16.0,right
37.249426663238395,-263.006601449982,176.38313870823822,25.832426356445268,-259.51614014915674,157.62372484943825,0.513442975680765,-0.15697230346292756,0.8436444788355009,96.77431752765193,223.83958368585695,8.0,15.0,right
-140.45254607441166,-390.5682866375163,119.34238964403374,-130.30460316928446,-375.14582467645323,106.12008198489167,-0.44688444799221544,-0.6791581766456751,0.5822700930307301,-167.12859036893576,116.54785592271844,13.0,2.0,right
-4.549751447197044,-331.692185203682,159.66547406899286,-12.277335129658258,-320.3185593397933,142.5495111734901,0.35197043655145094,-0.5180377495712585,0.7795855962066814,6.960010943424727,174.51342937745167,9.0,10.0,right
-43.02383870131219,-365.80316632493657,147.1277599787153,-45.8538812779949,-350.5132995284338,131.05330058639987,0.12654090367982576,-0.6836623510595834,0.7187441752387116,-53.34294231194963,150.75634937478281,10.0,7.0,right
-77.16111824654287,-382.3941219043184,137.43668551530212,-75.65582422425615,-365.69308871093386,122.40629740836312,-0.06684566573068568,-0.7416436029594661,0.6674551843849318,-96.97706386013327,137.66957750476874,11.0,5.0,right
2.3737972220814294,-319.50318200085195,165.07352088495017,-6.086883023605155,-309.587301299635,147.73941988277397,0.39010488208465316,-0.45720123670739476,0.7992403957051644,21.971855258340113,185.30252410842482,9.0,11.0,right
-155.79739847496407,-382.7080833324869,121.1848533883558,-143.0628407261068,-368.43060833125594,107.40652867605974,-0.5401347738125631,-0.6055774281675729,0.5844060271869201,-181.6138768031651,122.2528699431236,14.0,2.0,right
-34.27648382619296,-355.4102536678338,153.7426645868924,-38.479074705212064,-341.02724476088486,136.90976989771997,0.18648201813095203,-0.6382188047743824,0.7469278506965488,-38.19772437859797,160.89122137911903,10.0,8.0,right
-103.29378701897798,-386.12547054779793,134.15942575117708,-98.0420457628924,-370.23902781685797,119.4345516625011,-0.23562452802138079,-0.7127608516658852,0.6606459340124812,-125.53834974172906,134.51001503023429,12.0,4.0,right
8.484991560292666,-306.8404570195718,170.03039510899157,-0.36525667841727005,-298.38310015239995,152.27437011069685,0.4103629865073765,-0.39214563573385064,0.823300686067758,36.57654906325765,196.19266706232253,9.0,12.0,right
-170.80710265224653,-372.741803424654,120.98177536345915,-155.43868101371277,-359.9162583850402,107.051249322527,-0.6301802143444024,-0.5259098762544577,0.5712194845301268,-197.20325200212514,125.5672299541117,15.0,2.0,right
-67.34783217914172,-373.9721220795625,145.32986069258138,-66.90680442616404,-358.0652480318604,129.5292795788751,-0.019666772105910856,-0.7093360104923397,0.7045960845007198,-82.75728779186832,148.41964810795145,11.0,6.0,right
36.322476772940306,-225.0388539522143,187.1190849419957,24.724774073443243,-226.75618313100497,167.21199478331715,0.5020000654643715,0.07433363162638869,0.8616672475399068,127.27424555537759,260.9847862340371,9.0,18.0,right
-129.50248785425464,-386.6473228251216,128.593388933156,-120.81262535205653,-371.3767418364444,114.59774760361948,-0.3868538164745361,-0.6798131194548772,0.6230555732004287,-153.44111750278813,129.37809367796206,13.0,3.0,right
14.280647750701034,-293.7031767316963,174.6595172024575,5.1847714048066464,-286.87806776210823,156.57665177135723,0.42581007599867465,-0.31950744035249695,0.8465227550027219,51.803159565224135,207.45905501998726,9.0,13.0,right
-26.037691952357235,-344.3015176716406,160.06612033097213,-31.34323488747065,-331.3437662898657,142.71760886684518,0.2379806295780727,-0.5812211623700712,0.7781691206664574,-22.98505348688368,171.1660692700325,10.0,9.0,right
19.901716058910267,-280.53311497908123,179.08668768314652,10.186994134744761,-275.08852142662874,160.27766633924648,0.4444346281463452,-0.24908236486656493,0.860485814419331,66.91072387749512,218.56026822976958,9.0,14.0,right
33.14209917088118,-238.32390884022385,187.52927439728091,22.246907012479248,-238.39695717386348,167.50649062873623,0.4779593419356967,0.0032045449927171734,0.8783761143996262,114.83425591444515,252.08716747799153,9.0,17.0,right
25.08413796202713,-266.8887700252965,182.89061960820771,14.72983754569788,-262.91980270352536,163.46102060176895,0.4628392632476183,-0.1774136191920205,0.8685068935371731,82.60797231844356,229.64600637678825,9.0,15.0,right
29.386767619731035,-252.67248303259743,185.96336821769174,19.192998959945804,-250.68585297184387,166.47832788991747,0.46167429811200716,-0.08997418614421795,0.8824746388936463,98.73257340497094,241.09839808450488,9.0,16.0,right
-18.158173095915984,-332.9718348363411,165.863163309054,-24.340258654336587,-321.5856352859586,148.33737494304847,0.28364846927830156,-0.5224253276411145,0.804123947482694,-7.765999624174572,181.28078342320492,10.0,10.0,right
-57.876237060887995,-365.02933427948255,152.74291869721097,-58.49778391018374,-350.1358371843845,136.43922773534794,0.028135731539368082,-0.6741880140247446,0.7380236462039109,-68.24184845089948,158.6090307486639,11.0,7.0,right
-92.70358475881534,-379.40201759040536,142.50225477453716,-88.90350574486953,-364.13681934351365,127.2602756184084,-0.17348797640379268,-0.6969140229813486,0.6958539836885821,-111.4532628405432,145.93266141202977,12.0,5.0,right
-144.74890701663634,-379.84948139262156,130.86743381054478,-133.85320365304676,-365.61552069649355,116.27538196968811,-0.4713928810052114,-0.6158196049173823,0.6313120986778298,-168.06317308930673,134.96869981551976,14.0,3.0,right
-118.77513790124559,-381.4320651955909,137.85217538412718,-111.55398947517736,-366.5677448465959,122.73243038773691,-0.32239207254486324,-0.663625612095681,0.6750291834660634,-139.8914936418904,141.70992607689612,13.0,4.0,right
-10.873158364760714,-321.2436955511407,171.4331889027177,-17.799934682060815,-311.2065116005,153.58318961126162,0.3204137004673024,-0.4642926383898816,0.8256920772841486,7.3389622279024,191.67813005491058,10.0,11.0,right
-174.24284549320032,-360.29289016324606,129.37666546046313,-158.03757400452673,-349.7741819072341,114.62825044042495,-0.6667256611197184,-0.4327661354526954,0.6067869187860049,-197.5706442339674,142.3065171235075,16.0,3.0,right
-159.94181318811155,-371.02235742961363,131.1758941709507,-146.42806046843745,-358.1773711591723,116.28537701477384,-0.5663554640064253,-0.5383277547147096,0.6240550591845934,-182.71956405567633,140.50182057359328,15.0,3.0,right
-48.74606743020338,-355.0648120845995,159.66489637590035,-50.80276269923348,-341.24532024968005,142.74671361927398,0.09373502614896069,-0.6298309953921356,0.7710555506033306,-52.96156174606411,168.69104056704327,11.0,8.0,right
-82.4538550224669,-371.92186126800607,150.4506439100341,-79.9246758927068,-357.0124581796873,134.48716032790708,-0.11501975361951434,-0.6780365414430387,0.7259730743941325,-97.24322737495366,156.4460894101901,12.0,6.0,right
-4.518286495377118,-308.8379076636604,176.74808414424925,-11.934208677124797,-300.28159033183556,158.3776306921328,0.34365396390590486,-0.39649989515200834,0.8512871350115692,22.0142756779707,202.50319514735102,10.0,12.0,right
23.984724091561162,-227.4230627966882,193.88681543005845,14.563423935079925,-229.27238297473485,173.9645151803243,0.4260115404584077,0.08362240081147282,0.9008448598281392,117.0252521025109,269.7680357096216,10.0,18.0,right
-40.42624997899785,-344.4907511742419,165.96326383012973,-43.47201808119894,-331.73816499305656,148.2779575050913,0.13834753552063522,-0.5792590934308164,0.803317410550198,-38.07150955371648,178.57341629562288,11.0,9.0,right
1.4784056626949655,-296.1589032400632,181.1506612771712,-6.312161858637284,-288.85518198601414,162.45413624008674,0.36182504987260733,-0.3392139660898539,0.8683412454181113,37.26265880998232,213.30683974824046,10.0,13.0,right
-134.16383401915112,-375.51570340569094,140.31019577875003,-124.86612079829389,-361.6872235040538,125.01815940740843,-0.41109721853105174,-0.6114244964367106,0.6761354613338572,-154.52032558570954,148.19444479794817,14.0,4.0,right
-108.24053020754182,-375.47207348587904,146.67218369998875,-102.18373600245694,-361.0933054993848,130.9078537391849,-0.27307585098176884,-0.6482792994163309,0.710748569860576,-126.1421632750232,153.33898998306364,13.0,5.0,right
21.00394131500618,-241.40341088441022,193.8854500407346,11.589806896351618,-241.27394962131413,173.16421902508637,0.4136284876462867,-0.005688134891839233,0.9104279868989629,101.83376034328658,258.53019392807687,10.0,17.0,right
7.025938079890603,-283.16090405705035,185.44722287230567,-0.9603272241714098,-277.4808020995109,166.3986770209645,0.37281117369855044,-0.2651559141718769,0.8892154800413596,52.34739850206262,224.3660600581191,10.0,14.0,right
-72.77319395197428,-363.358588507294,157.91584313590542,-71.41794299228704,-349.30335551154394,141.3466767489819,-0.06225375847616311,-0.6456302974657538,0.7611083947440561,-82.79387362572993,166.63173181777785,12.0,7.0,right
12.686786454228768,-269.79568110138166,189.19802209272632,3.8611902859304585,-265.75429388576987,169.62380673395654,0.4039380197560584,-0.18496993492695002,0.8958907295918817,68.64519260034967,235.40532013988403,10.0,15.0,right
17.21690809871579,-255.74229419874263,192.18056639123233,8.162415122764566,-253.6526915539473,172.21735938157792,0.411194254835587,-0.09489571693425676,0.9065947759047256,85.26991554758762,246.98430036465695,10.0,16.0,right
-32.35598270152615,-333.44739169825453,172.10879507344987,-36.51465008676402,-322.00003827372376,153.8971153550183,0.18981599325378634,-0.5224968864106826,0.8312441833758722,-22.873510715351955,188.59406708354555,11.0,10.0,right
-149.32212054127564,-367.9073491614545,141.4630194337858,-137.6289833358232,-355.3369698679272,125.3988843383597,-0.49733256672687437,-0.5346434313509252,0.6832398695818093,-169.28281442030232,153.91918810053107,15.0,4.0,right
-164.61726183594482,-358.68232405459656,140.44948014629824,-149.4625202697705,-347.43920272611405,123.91067478268485,-0.6039682207398323,-0.4480767919845064,0.6591278910964357,-185.39722973718222,157.47735720659057,16.0,4.0,right
-63.3763105440764,-354.1183124585683,164.8203060513399,-63.3660107632108,-340.58123213818976,147.5603037981706,-0.00046955133432477817,-0.6171348895905578,0.7868572345550331,-67.70689252887405,176.31202259309504,12.0,8.0,right
-97.74918117261029,-368.71939193720766,154.74987152641165,-93.27570814532258,-354.5365149951307,138.43168449972,-0.20261899078771195,-0.6423913131789458,0.7391068564993825,-111.89545359000216,164.2534678806899,13.0,6.0,right
-123.59155651802337,-370.1468176254662,149.56326047458293,-115.521182818005,-356.6960909159161,133.14170535551958,-0.3553746683911419,-0.5922956881185525,0.7231145572466761,-140.8229811747911,160.38476913329788,14.0,5.0,right
-24.83154975423141,-321.98864849429356,177.52444546212357,-29.800270353433767,-312.05637367416466,159.37290876052452,0.23349814216485157,-0.4667534975388102,0.8530063247953386,-7.687625565384465,198.52736481526009,11.0,11.0,right
11.73810042317907,-230.0025727568161,200.45279860781812,3.4799348496250104,-231.219484152155,178.44535613906078,0.3508540314596483,0.05170134519355287,0.9350018286151579,104.32998865631747,276.1189726686862,11.0,18.0,right
-17.96977537389137,-309.9807753536169,182.68673339606804,-23.728883601301238,-301.5738510612524,164.0872142597155,0.27155159763644343,-0.3964005593669711,0.8769984756854754,7.314717396886657,208.78299378270148,11.0,12.0,right
-54.78793351585493,-343.69745482227916,171.44973329895507,-55.784945042774254,-331.5629988143874,153.67583270088062,0.04627758878562021,-0.5632365826356719,0.8249987495487973,-52.67358318067417,186.2960077784514,12.0,9.0,right
-138.65536500001812,-363.5184239633877,150.98089560158155,-128.45814993808727,-351.27793486061245,134.04896131435495,-0.43861396719909296,-0.52650154510019,0.7282952085418287,-155.39867432089295,167.05036808011909,15.0,5.0,right
8.782516234611414,-243.91264110613673,199.72884131885624,0.7712296671062238,-243.47949596749342,178.40978411099866,0.35170032165484105,-0.01901533334258483,0.9359194948529237,88.71767929037233,264.23746665413876,11.0,17.0,right
-11.44748875154346,-297.6243308111219,187.34607294133366,-17.965933270792405,-290.42409705857483,168.2977412549485,0.30486246700094766,-0.3367492073151701,0.890875326623597,23.00073126933318,219.3400154491199,11.0,13.0,right
-87.85271337253174,-360.6447185078243,162.4286151049528,-84.54288428190574,-347.12318731178345,145.4979441024314,-0.15100402477179367,-0.6168915601903051,0.7724264285151633,-97.48822931771292,174.64988237758243,13.0,7.0,right
-5.786815682518434,-284.91883990461315,191.57736396949042,-12.666602610049292,-278.96950453628085,171.739619394405,0.31524771334920637,-0.27261227572456725,0.9090112355479273,38.11168241516778,230.1043365326836,11.0,14.0,right
-166.75114968725154,-345.6690380131327,148.17983660904227,-151.96563759740323,-337.4289947952354,131.04243584322793,-0.6138290518408767,-0.34209014099975293,0.7114690650667108,-184.61992610708933,175.92827496071573,17.0,5.0,right
4.707529146884493,-258.12599980074185,198.12569442246547,-3.0162905342925566,-255.75954061281502,177.2541488373583,0.34511651538057253,-0.10573837588647457,0.9325845734712008,71.46192067281649,252.52718615136263,11.0,16.0,right
-0.11646391074868254,-271.92171703665497,195.1720738377286,-7.763286051411797,-267.63208550372644,174.90190226076896,0.34624241233116015,-0.19423132154139355,0.9178182748427831,54.36871553891136,240.95422136964953,11.0,15.0,right
-112.97290863530674,-363.9188839083513,157.89852028655645,-106.4896571922619,-351.0495607444491,141.08122693656748,-0.2927420724600703,-0.5810961316641112,0.7593611556939089,-126.76748476546393,171.48894728353,14.0,6.0,right
-46.38266676094115,-333.2080977327656,177.5956947300198,-48.6714851467393,-321.8759661805301,159.05523881830115,0.10475339919867684,-0.5186428541595682,0.8485495360823312,-37.49084000900709,195.85113745407375,12.0,10.0,right
-153.22874197670598,-355.41500450417755,150.84672080536546,-141.06298646195702,-344.78045967468313,133.58669097554719,-0.514553051602236,-0.44979019081742994,0.7300163979879128,-170.67393786587118,172.01223131267886,16.0,5.0,right
-78.19281613754696,-351.8970684289118,169.49255478659506,-76.35438865661337,-339.07670043027406,151.75131615803627,-0.08369526813709607,-0.5836532299426559,0.8076781594601681,-82.4250580509896,184.2867855874813,13.0,8.0,right
-38.63906112023382,-322.0184163572576,183.14858932678266,-42.10635423616243,-311.925907222147,164.32103905665988,0.1602144976806127,-0.46634830899945,0.8699715911604828,-22.271969346059997,205.50726071718404,12.0,11.0,right
-128.06503716254406,-358.27372588722926,159.7174089572589,-119.45178626322438,-346.2162106063445,142.45757389598344,-0.37863692874596255,-0.5300461588344452,0.758739181599761,-141.60325994777878,178.34034983834908,15.0,6.0,right
-102.81995225379893,-356.8080086475748,165.8916166335987,-97.64858729446503,-343.9275843010629,148.358986640179,-0.23126088351517163,-0.5760062068426032,0.7840505426530732,-112.30057327296053,182.2599285799447,14.0,7.0,right
-0.15045784697923636,-231.59007614432124,205.76399011742413,-6.745912655812077,-232.92622979925358,183.77731291792313,0.28684043946364846,0.058110155050789286,0.9562142919703064,92.88821161148238,281.3934379919048,12.0,18.0,right
-69.21263750731525,-342.34511672512315,176.26011501810123,-68.49148264577002,-330.29336971250655,157.9229506506176,-0.032847149557907074,-0.5489327711238746,0.8352208555538974,-67.50639236923794,193.81805118793048,13.0,9.0,right
-31.743531362383443,-310.14233391596986,188.4130775403492,-35.68483618134909,-301.6429048562552,169.38297238840664,0.1858115982030165,-0.4007029575076637,0.8971684289016484,-7.371577660003503,215.49782639153005,12.0,12.0,right
-24.80568148676445,-298.03518682337483,193.0845871241308,-29.991992391739274,-290.8589972381825,173.29186033800676,0.23918914074869074,-0.33096099562511466,0.9128271327708966,8.716019558758838,225.64879575993172,12.0,13.0,right
-3.6851829548479036,-245.74762752482914,205.12946444652837,-10.358378300687214,-245.00108127391445,183.1880689729388,0.29082316669024005,-0.03253508005083429,0.9562234855316757,75.31747757259286,269.4598309774207,12.0,17.0,right
-18.68820513837521,-285.60852315720786,197.12709481643827,-24.492911792172208,-279.77327393134965,176.8571614401311,0.26533048216036287,-0.26672656913852516,0.9265293695032775,24.298228470817172,235.98961364873787,12.0,14.0,right
-142.8367864097392,-350.8381631522044,160.3653517047299,-132.45123624963935,-340.3689034511401,142.66953256937424,-0.45086133557828967,-0.45449536505752414,0.7682174296524317,-156.63053107282508,185.03137129419707,16.0,6.0,right
-157.85447480518647,-341.85879429579995,158.514880723963,-144.7337537791338,-333.78673778310434,141.36086127042543,-0.569084470963346,-0.35010896131335595,0.7440205508696999,-173.03606173348504,190.1212566272853,17.0,6.0,right
-8.176120566375426,-259.73203579077324,203.53963610108224,-14.662184613344959,-257.2184113763723,182.07405120284096,0.2874449355840907,-0.11139708190480609,0.9512970614640581,57.36021484856866,257.76591764864145,12.0,16.0,right
-60.62792783078091,-331.8670884758078,182.54749588828253,-61.024121785276805,-320.9524219214368,163.60800099895476,0.01812165303571003,-0.4992297284052351,0.8662801417368912,-52.227457687998516,203.3855205502865,13.0,10.0,right
-13.236335303408431,-272.8239538714903,200.65478888081242,-19.408097058689066,-268.6077937363724,179.9357423050302,0.28020322603696496,-0.1914172513768332,0.9406623134758911,40.296604664244995,246.66992945326132,12.0,15.0,right
-93.05286180435024,-348.53511591472807,173.52882360859508,-89.06984094272995,-336.627845939331,155.43171649688256,-0.18083117379846123,-0.5405961156603896,0.8216178712245549,-97.28118642111008,192.347093754305,14.0,8.0,right
-117.79462685437387,-351.73877799850834,168.01060786964956,-110.66017413646685,-340.13203215821216,150.09051835189211,-0.3169313889754985,-0.5156025593130293,0.796058098075709,-127.358500120929,189.29332512289432,15.0,7.0,right
-52.60024707290766,-321.030276337123,188.17274621552457,-54.28450293444449,-311.25742172894695,168.772265023567,0.07730141411486535,-0.4485396182392729,0.8904137814778078,-36.95964975196479,212.69600056124122,13.0,11.0,right
-12.717959395502938,-232.91559118747352,209.81444091927702,-17.8802864620343,-234.1552432759927,187.4026857011423,0.2241371374938804,0.053823027295263705,0.9730702057553826,79.64986556953535,285.6692372862214,13.0,18.0,right
-158.90500999310132,-328.42821568406566,164.5988715172645,-144.29406145702512,-322.75415638929104,146.63427121568483,-0.6128451503210266,-0.23799411193945758,0.7535115290492558,-170.67431634594513,208.65483051764045,18.0,7.0,right
-83.86629755947385,-339.26806214810244,180.4953399118054,-81.18108969451465,-328.2235176079962,161.7134945803656,-0.12231420855046456,-0.5030913032291368,0.8555339706884129,-82.36712774266832,201.96526531969866,14.0,9.0,right
-132.56175664860058,-345.32038893239474,169.16325227446669,-123.46575062870019,-335.0016625412695,150.6839771196275,-0.3948456904932959,-0.44792237801969353,0.8021610960200295,-142.5195369760821,196.23696665783143,16.0,7.0,right
-45.521072723301174,-309.2761886071348,193.36915530722803,-47.8967516770769,-301.14550547205386,173.64246266258905,0.11065909137326452,-0.37872710306332275,0.9188690586268029,-21.99721748881004,222.36780672212234,13.0,12.0,right
-146.55427989270623,-337.0887871935395,168.09718848341436,-135.27445034631035,-328.9465415706517,149.40487151980489,-0.48409349242750305,-0.3494386243669543,0.8022132748776186,-157.37561465382356,203.396099338037,17.0,7.0,right
-16.88493857986576,-246.267217327534,209.7010380725789,-21.9014713107796,-245.93261597551293,187.19606917379627,0.21754515600627514,-0.014510202011993422,0.9759423953983025,61.14202697506447,274.60147878976636,13.0,17.0,right
-107.92007205719648,-344.35709654549737,176.01869014271279,-102.02183998726983,-333.17949244633775,157.64379304144188,-0.26447481698024994,-0.5012001500374494,0.8239244387598303,-112.39905424667245,199.86349855082443,15.0,8.0,right
-38.575633152100856,-297.5569076147169,198.11634821420535,-41.68772405717685,-290.7581705506209,177.9511944215059,0.14470281722007075,-0.3161207164959678,0.9376186790431655,-6.190745210623923,232.04604112861534,13.0,13.0,right
-75.03321825471963,-329.46301063658865,186.87609602162803,-73.39938096693548,-319.3397009324367,167.5257920331091,-0.07460637999204131,-0.46226359026815217,0.8835984728239865,-67.26630567011405,211.110867067536,14.0,10.0,right
-21.442147923942905,-259.49135663360084,208.30914014630622,-26.30809558824709,-257.3962170023317,186.56600748467628,0.2174312119463539,-0.0936197387747346,0.9715755310748054,43.39322225097664,263.44139834974834,13.0,16.0,right
-26.57395919196864,-272.6517366286351,205.71386390943547,-31.118325755542553,-268.7455707130555,184.50304275343237,0.2061773130255015,-0.17722223360270134,0.9623321648528922,25.87498660144972,252.4554919142295,13.0,15.0,right
-32.21015144482111,-285.37985640202817,202.28679230467483,-36.326873543541716,-279.88691645308074,181.73289975301935,0.1899746689687541,-0.2534830924805043,0.9485019488523639,9.550155164426265,241.9865576703003,13.0,14.0,right
-122.7853162334941,-338.50491314965916,177.57792831494538,-114.85197043296688,-328.76701091690416,158.38198988185326,-0.3458285460910999,-0.42449234608015424,0.8367848378334077,-127.94629995356564,207.08125847030746,16.0,8.0,right
-66.87572728769615,-318.8824648237727,192.63718496571386,-66.27952192975096,-309.7585707136367,172.6275166652712,-0.02710058706032403,-0.4147277164920208,0.9095419063211435,-52.11637956839714,220.2135160004326,14.0,11.0,right
-26.135347461287594,-233.55310632458767,212.34182572220877,-28.813591771865827,-234.98473861777342,190.60710038716107,0.1220386940448612,0.06523472661652627,0.9903792140382853,64.55314996636217,289.2575154934419,14.0,18.0,right
-98.56599509581781,-335.5400660450259,183.66647276663036,-93.92255465993003,-325.44072586447857,164.45064899692315,-0.20917117884914324,-0.45494088280680645,0.8656074231947317,-97.42633687527741,209.97638685446253,15.0,9.0,right
-151.0006380047198,-321.7359804274644,174.1950321943058,-137.77840716911652,-315.992352606887,155.10689134222932,-0.5527652876053274,-0.24011667347317128,0.7979940600899095,-158.0544529623774,222.8682562892294,18.0,8.0,right
-59.40659615766233,-307.6146988352897,197.74485502320047,-59.8821796103427,-299.8632858468367,177.1658286381206,0.02162174305685283,-0.352407256853238,0.9355969354077425,-37.0871089472102,229.32877590106418,14.0,12.0,right
-137.24688527118894,-330.9283418803759,176.9235540336555,-127.08685145309694,-322.7376633493168,157.55525632492203,-0.435030680629368,-0.3507071452693402,0.829308630829427,-143.39566602379287,214.75922541485284,17.0,8.0,right
-30.098481384499124,-244.39878000287834,214.0239035951756,-33.48334582580119,-245.43053923482935,190.49520514835774,0.1422611980996919,0.043363421795204075,0.9888788425107757,47.596326132208674,280.62177145887557,14.0,17.0,right
-89.41705008378153,-326.05674489071316,190.1912795098995,-86.06996889221043,-316.7476177121265,170.33654532625292,-0.15088683880823783,-0.41965661770560947,0.8950539006620465,-82.24980522791168,219.07194711197224,15.0,10.0,right
-52.2653673669016,-296.07071497705454,202.4400900505902,-53.67875108621709,-289.63976236354137,181.63273383937778,0.06476187194387073,-0.29466911493443876,0.953402335137732,-21.20820203883237,238.60942538097868,14.0,13.0,right
-34.8373885355019,-258.0362496963067,212.2279913308629,-37.783848865735294,-256.64603663595085,189.8277178073962,0.13016724925990927,-0.0614161365401403,0.98958806853791,29.02257397386923,269.1567140993922,14.0,16.0,right
-113.20140928294103,-330.7709721100637,185.31581338816952,-106.71057184389122,-321.6197435216721,165.71666836050025,-0.28741842490820524,-0.4052222431310032,0.8678626519762009,-113.03772533252632,217.33197850355467,16.0,9.0,right
-40.19769752378117,-271.22955687178694,210.15212281182954,-42.77395017833758,-268.1486556145246,188.0647809399161,0.11475772496193853,-0.137237013027621,0.983868216183863,10.90259857713231,258.4334923130514,14.0,15.0,right
-45.97330906698568,-283.926129828183,206.67477905790295,-48.01118242200438,-279.06162541771005,185.4941826334051,0.09336321954216757,-0.2228626190731359,0.9703687764229553,-5.631625462396428,248.27117348213892,14.0,14.0,right
-142.4091442511468,-314.96600516048034,182.3429159052297,-130.5279027119517,-309.9849535179487,162.8579120042361,-0.508637837239439,-0.213239611893865,0.8341561115569075,-144.7250480257814,234.49446775908154,18.0,9.0,right
-43.00577424067025,-241.6211531556732,215.72358186553126,-44.6752402616813,-243.06122524707152,191.82789722214292,0.06956925732531614,0.06001005389305411,0.9957705116476169,34.587646445419885,286.13084931466614,15.0,17.0,right
-80.96681290497641,-315.9225971524982,196.05000940214632,-78.42095410221013,-307.7546484105848,175.90876615152115,-0.1163394755888678,-0.3732551358458804,0.9204051988034295,-67.14151869096068,227.82363661261695,15.0,11.0,right
-127.90655080596991,-323.95458343581805,185.04832483675227,-119.21936851525393,-316.45392973276597,165.3348619947759,-0.38083089540525367,-0.3288155549482121,0.8642037722255858,-129.08991489012087,225.07902081635075,17.0,9.0,right
-103.80204148066684,-321.7793542722602,192.2552435260818,-98.49236639120564,-313.4233440450265,171.99607668308073,-0.2354746054513644,-0.37057412708940024,0.8984578601801273,-97.79765628087692,226.66960865689873,16.0,10.0,right
-73.41297889764886,-304.7866442123485,201.5676995893292,-71.70602535157923,-297.85372422658014,180.4954995369235,-0.07672056339866332,-0.31160632843859803,0.9471089964881593,-52.22593893656407,236.8579519401879,15.0,12.0,right
-48.04357177740332,-255.62756143815946,214.99146626455848,-49.38375865848957,-255.15348791932428,192.00801365808155,0.05819972774882234,-0.020587389802510892,0.9980926565560346,14.624611165837884,274.9038884831507,15.0,16.0,right
-66.13273936398646,-293.54539332200386,206.24470842496964,-65.53439537441555,-287.69387128522294,184.7107297150294,-0.02680407876424846,-0.2621312494123825,0.9646599138779963,-36.46917764021932,245.70260408421964,15.0,13.0,right
-133.20506872431372,-308.8721282723746,190.2007572862302,-122.96171408370672,-304.01220988713425,169.3668652351621,-0.4318608346753227,-0.20489463500401403,0.8783589289237661,-130.44583233773386,243.1549445138285,18.0,10.0,right
-118.29673798965788,-316.15467815037266,192.4492015434468,-110.82060765686577,-309.355351294989,171.9838981758243,-0.32755030179564915,-0.29789763746085074,0.8966425137081236,-113.75992265999548,234.6302012502524,17.0,10.0,right
-95.03699785617454,-312.07790748966875,198.39128474063375,-90.81708625205445,-304.5998417747969,177.62825850084545,-0.18781477424946022,-0.33282479725168057,0.9240959175908104,-82.62974470498906,235.31382190675507,16.0,11.0,right
-53.60324473397858,-268.8568919232417,213.29892363694495,-54.37407254875407,-266.5175970084448,190.78494557615232,0.0340346812310316,-0.10328786170446355,0.994069040911154,-3.952158948327231,264.5797519864074,15.0,15.0,right
-59.59329203001765,-281.5437803309725,210.26130170566572,-59.74714136602893,-277.4066592081299,188.2793105420749,0.006877962645778086,-0.18495344394521884,0.9827232149504997,-20.76101640282662,254.87254827993584,15.0,14.0,right
-55.92045764661904,-240.37474512148506,216.37884100237932,-56.188619095053866,-242.3740072306062,193.96354752991704,0.011915176218288399,0.08883290449005374,0.9959752726125022,18.339739414997368,289.7704949329581,16.0,17.0,right
-87.34189704868116,-301.0559966404054,203.91742015391367,-83.80798195594056,-295.1284983842129,182.4854781126942,-0.15695411985669105,-0.26326191980783287,0.9518710867754655,-67.8401631673602,244.18058300467789,16.0,12.0,right
-134.80204018532072,-295.4229844082709,193.0277826620221,-124.47986976320267,-294.01838707858985,173.2602317738062,-0.4619559962703441,-0.0628610197523103,0.8846723403077399,-129.5483071122287,257.58783897498085,19.0,11.0,right
-62.24701268520803,-252.09789892742668,217.21652900273654,-61.08075639108316,-252.9857590177881,193.65544091843205,-0.049403745357085596,0.037610612725437614,0.9980704943815889,-1.9520344505533913,281.0207151949822,16.0,16.0,right
-67.32848879459789,-265.3442490370368,215.12781987925905,-66.02157832086381,-264.2747628266286,191.68481809606982,-0.05560434443914909,-0.04550279518882827,0.9974154863994725,-19.890344440210725,270.8971911403565,16.0,15.0,right
-109.1614010360899,-307.01030959228206,199.0441313922205,-102.87792970004206,-301.02192761689514,177.97981352520677,-0.27580096799505627,-0.2628485843582567,0.9245779835978414,-98.36181181222517,243.36194540076747,17.0,11.0,right
-80.07280385691384,-289.8424656217696,208.6907803776968,-77.43367529970608,-285.1967798496782,186.47766961249982,-0.11551487311934867,-0.20334204677140863,0.9722696776630623,-52.29875835254604,252.855993171542,16.0,13.0,right
-122.78443190261795,-301.31525264828,197.29674792240442,-114.2991409947318,-297.30108334786996,176.4538084665313,-0.3711984894051495,-0.17560430122011464,0.9117975712055447,-113.9517575495188,251.29353143194788,18.0,11.0,right
-73.39144956289468,-277.9412207431102,212.5734673487443,-71.56650368545084,-274.8860907782521,189.6793478827595,-0.07876653338546194,-0.13186253869127534,0.988133646886052,-36.62618658802578,261.66338011637197,16.0,14.0,right
-75.2626752851901,-248.44375274301743,216.2953255798192,-72.67845831386394,-250.37645684123677,193.02346840180613,-0.10999229015206152,0.08226188137768038,0.990522427297489,-17.61757169221523,286.5144921422703,17.0,16.0,right
-101.28517362426231,-296.51614639762226,204.59130059806273,-95.95617555474473,-291.62251276222605,182.5094323562327,-0.2293331675623076,-0.21059728073732634,0.9502921043562775,-83.8573015543102,251.91900136594614,17.0,12.0,right
-114.6668592115419,-291.09495775505843,203.85714009643428,-107.13531925653757,-288.12804087483386,181.90877623641026,-0.3219496642151466,-0.12682637270056177,0.9382235793772039,-99.03359341470997,260.28877352510415,18.0,12.0,right
-94.47834140356622,-285.16915138008767,209.18179979367886,-89.76152429618476,-281.83889701261194,186.4553456020061,-0.20115672351527497,-0.14202438673857112,0.9692084637249782,-69.2647322915647,260.60648368384307,17.0,13.0,right
-81.07468424109578,-260.96556165638646,215.9155118971487,-77.93256581819102,-261.32439851689014,192.5336506811551,-0.13317013081002196,0.015208322927738984,0.9909764998090355,-36.40249738236379,277.8185907508503,17.0,15.0,right
-108.92336412645122,-279.48773927479135,207.60155839022696,-102.91077154668346,-277.48958589291885,184.7141555770584,-0.253180960913623,-0.08413914406534186,0.9637530832463292,-86.55641290129111,269.1572322812797,18.0,13.0,right
-87.45280113372525,-273.7305028585954,212.96055062276594,-83.80565277988373,-271.9600306941208,189.7553024230075,-0.15482401159124975,-0.07515778803620102,0.9850790995307422,-53.64080731714944,268.7747080529194,17.0,14.0,right
-125.83395845757076,-286.0398032932514,199.5552535571802,-116.98527599307317,-285.3510710535467,180.72522568825548,-0.425071977940055,-0.03308523913892912,0.9045546863077153,-114.70163351812084,266.1781300042793,19.0,12.0,right
-102.16593838145252,-268.5946181548107,211.34063094451906,-96.81161861861405,-267.9727848943128,187.73687708473193,-0.2211485688845462,-0.025683474602761082,0.9749018769151315,-72.09595476854219,276.61801902485485,18.0,14.0,right
-93.36743533910834,-257.92337061988536,214.10457039070974,-89.43182174209184,-258.9176705703495,191.2625036448243,-0.16963887956246793,0.04285784805541448,0.984573946131447,-52.45162328911489,283.1199312379192,18.0,15.0,right
