lens_x,lens_y,lens_z,cone_x,cone_y,cone_z,dx,dy,dz,hex_x,hex_y,p,q,side
-14.25719517393107,301.8228342736227,-245.03030912984292,-20.21649616663565,294.65761290942174,-221.50127609658065,0.23547577977883413,0.2831265093152205,-0.9297260547389904,-29.523576502418564,-299.06120203729586,-15.0,-16.0,left
-34.83912060795804,312.4638831922495,-237.30178453975813,-38.13554490778005,304.0617201512384,-213.96105181630216,0.13172504313796535,0.3357502518984491,-0.9326951706535362,-63.55664148522247,-296.72743655995134,-14.0,-17.0,left
4.91526342006995,290.5842388722226,-250.61923155415187,-3.603761962751643,285.46259940838036,-226.69172886939066,0.32879239622808754,0.19767004278783928,-0.9234836838660693,5.890021215903701,-299.4350115604061,-16.0,-15.0,left
25.50473743852578,280.45152156652654,-253.08102879319898,15.469814305583895,276.9507779581844,-230.59547501072348,0.4034826674264154,0.14075736807918796,-0.9040957363121921,42.880546139193115,-298.2509586309046,-17.0,-14.0,left
-45.89994083778408,320.9527939771084,-229.85791964776968,-47.42880960019539,311.7360422876254,-205.54382637654663,0.05869589601545166,0.3538469174508447,-0.933459774602783,-80.66691323887895,-291.41754415846754,-13.0,-17.0,left
-22.266615470690883,313.83444872563643,-238.23430944134773,-26.300980139028695,305.1040024423559,-214.73651900442317,0.15889694023020184,0.3438561744664905,-0.9254807905444338,-45.96379532959352,-292.1939387221709,-14.0,-16.0,left
-0.4985226291453584,304.9056045140815,-243.73769068269715,-7.567782473893736,296.85283433628945,-220.13157035954603,0.27268832367920726,0.3106260696283957,-0.9105781256961091,-8.12679591151094,-290.35748182384606,-15.0,-15.0,left
-55.99001848172093,329.2489594653338,-220.7519199590313,-56.250531195602306,318.98623933240907,-199.1112119854191,0.01087632391163028,0.42846533943416454,-0.9034927550798266,-97.540228741269,-284.61652555318096,-12.0,-17.0,left
19.579020424820513,294.1941611080435,-247.0987408274273,10.0372518364141,287.2630868254545,-224.17064545309378,0.37007438527832887,0.26881945738698204,-0.8892587074024272,26.498048630254836,-289.6924431720548,-16.0,-14.0,left
46.64853433356727,269.06356927215757,-253.73989251386422,36.324779540668445,267.5804867071533,-230.43129244690442,0.40428765121143345,0.058078865566493026,-0.9127860321304503,81.08819119794835,-296.3422679031107,-18.0,-13.0,left
-30.9915520318705,325.1710749423951,-228.31546617966177,-33.73606390625679,314.72796971298646,-205.76450678774688,0.10976848348887731,0.4176785805320236,-0.9019398446666529,-61.49473392672266,-282.87310242799276,-13.0,-16.0,left
-67.04143555253688,336.7748639476202,-210.7836827803533,-65.95112135880541,326.2730883127097,-189.0000477881637,-0.045040355435766295,0.4338233052660152,-0.8998714942647587,-108.59856952136091,-274.52665700995937,-11.0,-17.0,left
40.83698945541242,282.9077800013754,-248.46592157971952,29.708317277374334,277.68822791721755,-225.56549860121265,0.42817775605339886,0.20082324856410164,-0.881098083108366,62.1366808463755,-288.77372431683955,-17.0,-13.0,left
-7.780872444500183,317.00443881243734,-234.38639376787728,-13.606903563921772,306.5849088619981,-211.86013174038942,0.22852598580277914,0.4087059105448296,-0.8835922999316991,-24.722415465321774,-281.58002288634833,-14.0,-15.0,left
13.785364708453528,307.1048617812421,-238.48730348140305,5.168034650582776,297.99987642571983,-216.31795031018947,0.3383538166002821,0.35750128223495786,-0.8704651216403698,11.951155485831329,-279.85860517744834,-15.0,-14.0,left
-40.97865506638688,334.5267633413599,-219.06310688986525,-42.4710922630608,322.4142067188992,-197.49210128039286,0.060217621179526254,0.4887236446749223,-0.8703579937216293,-77.29142338905154,-274.51138197520385,-12.0,-16.0,left
61.13693564790796,265.3604653178799,-248.7235821707511,47.772139161875515,263.8211884650683,-224.98226900872623,0.489767555600855,0.05640848047199283,-0.8700263357000203,100.51669805442386,-289.42876437527195,-18.0,-12.0,left
-16.59814258582628,327.77353512525303,-225.6611180105882,-21.0283788693448,316.2935094416527,-204.05104544580405,0.17815068939312065,0.4616400478215219,-0.8689941300814975,-40.345304686223315,-273.3590238354564,-13.0,-15.0,left
34.712585727213174,295.54386212826,-241.08155052832313,23.822212574316374,288.27967454590737,-218.8727778638593,0.42243818703791947,0.2817782448323324,-0.8614795405993841,46.46366874565377,-279.3359596741155,-16.0,-13.0,left
-52.03487482338618,342.06820104435724,-209.70735666155508,-51.98519123089058,329.1941612395253,-189.4017806842714,-0.002066458141103884,0.535461769716916,-0.8445569388279157,-92.27124266821794,-266.0650613261702,-11.0,-16.0,left
6.490932112460627,319.2059709976471,-230.05218922928623,-0.9834132591901287,308.08250137662935,-208.81665638448106,0.2976562633235322,0.4429779783983577,-0.8456779881008942,-4.608250860404453,-271.27369241617356,-14.0,-14.0,left
55.59608905306402,281.34956702335626,-242.00159392338895,42.62501975807575,276.21555849783556,-220.03940263518882,0.498539114917219,0.19732406080657364,-0.8441101621970676,82.24440796205748,-279.04923921919107,-17.0,-12.0,left
-65.36908918719308,347.6771846398723,-201.02097807532334,-63.06002972972246,334.2026618416436,-180.71542233848425,-0.09432906906719116,0.5504575413029293,-0.829517041387126,-108.54086240879843,-258.47358797293276,-10.0,-16.0,left
74.69572592276906,262.20926512994896,-241.7881158808816,59.91243683313233,260.7260218344974,-220.76338420557298,0.574228492424615,0.05761373915383617,-0.8166653510150088,117.74372553956489,-279.52739175221717,-18.0,-11.0,left
-76.45846915556503,351.90130448616804,-192.004600674105,-73.0684146735749,337.38723320307423,-172.5222549375565,-0.13820130698085897,0.5916906738794895,-0.7942307883687323,-120.46633140297513,-250.69334477863185,-9.0,-16.0,left
-26.291034504546563,337.95660539821665,-216.10924177445588,-29.224261718271443,324.95761229582047,-195.62072693062294,0.12001313183246086,0.5318544249103802,-0.8382885654063362,-56.78068502692639,-264.67176442295136,-12.0,-15.0,left
28.140250397071952,308.2151312113349,-233.33548243743994,17.8702218257947,298.6866737420395,-211.88856591733332,0.40090538084905925,0.37195708309084624,-0.8372113257385021,30.88571241506562,-269.98099604154584,-15.0,-13.0,left
-2.3448129919393867,330.1737700692212,-221.08121431265556,-8.514883282380254,317.4836663246557,-200.56740445500884,0.2478109958428754,0.5096777019156896,-0.8239043333478128,-20.72159882085235,-262.8124923674463,-13.0,-14.0,left
49.183246638488555,295.0745402540192,-235.12926987719433,36.4485110142126,287.55241275092214,-213.73180115413805,0.48957756720389706,0.28918267263778924,-0.8226099850699473,65.41493742553726,-269.6155369514374,-16.0,-12.0,left
-37.05202141269129,346.27186614510833,-206.91270557671052,-38.51459369057373,332.1215568233567,-187.53062536051326,0.06083312368242869,0.5885572495337084,-0.8061635659618676,-72.29335726036436,-256.38230930428585,-11.0,-15.0,left
-86.55923149539014,356.70036562331535,-182.30433169039668,-81.23543202157002,341.38496154766057,-162.9424934728625,-0.2108067257971051,0.6064447399503073,-0.7666715735863097,-131.7376250241026,-240.42133305274922,-8.0,-16.0,left
69.30954539260384,278.56636270306063,-235.155694755191,54.55540637230485,273.58634915277815,-214.6686835476377,0.5733480911977449,0.19352408563217557,-0.7961283782155568,99.65338569504901,-269.0570281404916,-17.0,-11.0,left
90.98627368221634,249.68599648203428,-234.9727321741983,76.40462388695394,249.402435382619,-215.1239164072257,0.5920067787843593,0.01151242111903834,-0.805850754192949,144.6054697186827,-271.0128125570324,-19.0,-10.0,left
20.609701808986834,320.11421307533624,-224.66019139929256,11.369662189322108,308.7884468262583,-204.20345978403134,0.3675114832643467,0.4504687560479255,-0.813641941822983,14.08677180421192,-261.1832808680026,-14.0,-13.0,left
-97.03008894147601,360.4155719986629,-172.01608441827472,-90.40455902092013,345.25504036001377,-154.25552080938732,-0.27295919731286,0.6245849911692347,-0.7317013498746919,-143.23601886647978,-229.30008905108292,-7.0,-16.0,left
-48.8908206727622,353.0387370180431,-197.7479736682751,-48.596610441601044,338.2746446517489,-179.120214076242,-0.012376877698818067,0.6210979299750503,-0.7836352303713354,-87.85861669892931,-248.18744494914245,-10.0,-15.0,left
87.36534095499836,262.4045481985565,-233.0797722118348,70.84317212373915,259.9399544663072,-213.71042857694823,0.6459554582423781,0.09635646445425206,-0.7572694221508985,130.01753041703918,-266.28270517125515,-18.0,-10.0,left
-11.96219835887004,340.07116436458864,-211.88047844583613,-16.429532774787123,326.3276342726101,-192.61513594301894,0.18549674581778128,0.5706714274685469,-0.7999531731057915,-37.25198963658655,-254.64911263660818,-12.0,-14.0,left
42.33681038757915,307.8103719090692,-227.33939723516994,30.212190415002976,297.8304222054818,-206.96143933508756,0.4712840910884637,0.3879207377882396,-0.7920914130835837,49.533436047313955,-260.2489745498525,-15.0,-12.0,left
-60.72416003803029,358.6884558081507,-188.51719214006192,-58.66262983768755,343.2135589058319,-170.38547664529474,-0.08616065519123423,0.6467658130348576,-0.7578062579488091,-102.47247602925597,-239.63630497808106,-9.0,-15.0,left
-106.8723443144434,363.41956161141593,-161.1140544889558,-98.93757551803235,348.2207555171227,-144.2859165510978,-0.33028567859739844,0.6326520801708132,-0.70047320860187,-153.4997432558877,-216.5513601659694,-6.0,-16.0,left
63.070341235155794,292.9696799166701,-228.12831746342533,48.608671100188204,285.42702295553596,-208.236749518575,0.5621936005314839,0.29321879388610184,-0.7732794413621933,82.69858772120202,-259.5512691424676,-16.0,-11.0,left
11.762686514443502,331.111412935921,-215.77045960221818,3.788912481798647,318.1575951264561,-196.44252886097513,0.32419304237002006,0.5266687504266302,-0.7858237070761626,-2.170552200592965,-252.70188118863325,-13.0,-13.0,left
-22.46638565959048,348.9793192578036,-202.66795071929045,-25.43359388935905,333.92539137136794,-184.31953738953575,0.12405552091363614,0.6293871953481831,-0.7671257954616011,-53.1420027649476,-246.29270009862574,-11.0,-14.0,left
-71.63405423541226,363.52522058978684,-179.07625353615893,-68.29607296760841,347.25059938696995,-161.61048473617473,-0.13847582718425733,0.6751510725682566,-0.7245657144079953,-115.51475617249318,-230.37470258696635,-8.0,-15.0,left
82.07730703240578,275.9197400834317,-227.22001187295842,65.88871753276646,271.0183315141681,-208.3522634936875,0.638869793291717,0.1934301860920897,-0.7446006650062691,115.18431193359626,-257.6563909411813,-17.0,-10.0,left
34.550280266262654,319.833036750074,-218.7290407341055,23.380158555064263,308.14194587297413,-199.49452931858622,0.4445277293960884,0.4652602913494084,-0.7654593124989869,32.40884037939506,-251.3568670880012,-14.0,-12.0,left
-33.675712777572585,356.64193774272036,-193.5286176388315,-35.2179404679801,340.621979257249,-175.91643309371892,0.06464181476346996,0.6714697157737357,-0.7382071908230262,-68.71877178586794,-238.0005007267059,-10.0,-14.0,left
100.13707635933228,254.96919860377827,-224.29580720933663,82.0567817120289,253.63960830058394,-204.99414782232174,0.682776697975163,0.050210093064507244,-0.7288998060478454,148.26936648754833,-253.722471548594,-18.0,-9.0,left
-82.68503458111923,367.91519733809946,-169.262805509442,-77.37302789515337,351.4268836900077,-152.5451668181321,-0.2206525277605127,0.6848990033411635,-0.6944248103395911,-128.44896902068663,-220.1317966124761,-7.0,-15.0,left
2.213508044402711,341.2366374298954,-206.5513989923375,-4.297794745229612,327.2225179541411,-188.4592588817763,0.2736619107462605,0.5889959101990802,-0.7603900159625078,-18.909586920365008,-244.4233882410723,-12.0,-13.0,left
55.93096491839831,306.14147994781774,-220.46973586716186,42.263231383994096,296.36885254471485,-201.23696540279178,0.5351833102541405,0.38266381696041113,-0.7530917790115024,66.29663649757012,-250.3899188730666,-15.0,-11.0,left
-94.13128250508738,371.08113268350684,-159.47997743345832,-87.05232910498928,354.27891054622944,-143.32101874557011,-0.2905659481213131,0.6896716689497159,-0.6632679841817151,-141.61212251516534,-209.82045383000232,-6.0,-15.0,left
-45.22172961024459,363.38763083852876,-184.25131460835343,-45.30079976466273,346.9327260986074,-167.5126792549523,0.003368648391212985,0.7010330103387536,-0.7131208667704244,-83.78852592330125,-229.29402373534597,-9.0,-14.0,left
76.26274086563649,289.83542483040543,-220.306328255499,60.03020579279051,282.5912907547811,-201.5366886358786,0.6279277884659958,0.2802269065826474,-0.7260713279694522,99.38105543314774,-248.60929524964098,-16.0,-10.0,left
-107.78915515564837,371.91390458592576,-150.2258040182491,-98.17151535606436,355.2462816255937,-134.26176572783913,-0.3846566147744478,0.6666200396208942,-0.6384802357834574,-156.74572154632452,-200.02448856702273,-5.0,-15.0,left
25.906474439824898,330.96904517554924,-209.70087896096317,16.11843723631195,317.93552112098394,-191.39757108336926,0.3993655423556699,0.5317859234320246,-0.7468004386839302,16.312428922877388,-242.5173511804324,-13.0,-12.0,left
-8.052030640979725,350.5015796775356,-197.47804246295388,-13.063456874751004,334.9295959527277,-180.26543955319096,0.21104254283795426,0.6557716085230276,-0.7248618092903027,-34.89476884191937,-236.18109730299375,-11.0,-13.0,left
-118.41172326306258,372.6557590444281,-140.1053996900739,-107.76058697406752,356.22375845252884,-125.3370068763289,-0.43426563672469853,0.6699616835317985,-0.6021334564358058,-168.42813688773492,-189.08499302713165,-4.0,-15.0,left
94.43195063531493,271.3235055419236,-218.57657206741547,76.55191277922019,267.024788375851,-200.54649899863028,0.6942679243698762,0.16691583476290434,-0.7000936746582895,131.08624508993205,-245.3991714017633,-17.0,-9.0,left
-56.731208216550684,369.1085677371873,-174.74797845597774,-55.25514896029558,351.84081030719983,-158.5501871505242,-0.06222380976100008,0.7279285359103067,-0.6828237284294567,-98.18206429521985,-220.20809884433467,-8.0,-14.0,left
110.12680450764223,248.22881681621624,-216.0462328639072,91.38445661041074,247.40513880538705,-198.00995731063352,0.7201879814722618,0.031650410463770234,-0.6930566519848026,162.41145296880137,-241.92708264466688,-18.0,-8.0,left
48.193501371665945,318.28756603571054,-211.9457218309791,35.28053236672288,306.478808061054,-193.54665390271373,0.5085591456136004,0.46507134525377114,-0.7246214454710904,49.3412380171973,-241.4872747290522,-14.0,-11.0,left
-18.952589412025276,358.78907875102635,-188.2535589214918,-22.461461851446195,342.06644477405655,-171.75190068495885,0.14771569445204427,0.7039855490965382,-0.6946829638589074,-50.67617923126719,-227.77854216825267,-10.0,-13.0,left
16.30333034443948,341.5365797205709,-200.55608734993396,8.012741261921787,327.0275522136168,-183.45403834881324,0.3467300519342742,0.6067983602769853,-0.7152440290214365,-0.8097982217200936,-234.17524151072445,-12.0,-12.0,left
-68.25121483308945,373.89407091944946,-165.2820219200999,-64.89804203106944,356.4640893513411,-149.82006694158264,-0.1424472245745427,0.7404487168888988,-0.6568443391463407,-112.10640256725316,-210.86233477967085,-7.0,-14.0,left
69.35608675638557,303.3638339622008,-212.58963753180495,53.75992493075243,293.9040353150392,-194.48285482296313,0.6068115350252336,0.3680594624684657,-0.7044941398249838,83.09887524414307,-239.65931695830056,-15.0,-10.0,left
-79.95283033665717,377.9195550057335,-155.7333780224937,-74.8124087895344,360.04241980313407,-141.0702029610034,-0.21702400967235044,0.7547566921421975,-0.6190661635821357,-125.90348479389618,-201.02268206356564,-6.0,-14.0,left
88.656156952682,285.85706276683857,-212.02802304793778,71.04060689517297,279.06045756206123,-194.4033225809997,0.6820095894206303,0.26313966410537304,-0.6823638597645796,114.94614089239613,-237.12750110316983,-16.0,-9.0,left
-30.254617559984975,366.3743105068635,-178.89153126161193,-32.420126486186874,348.6706466219413,-163.48056027946862,0.09187049518620384,0.7510679582238199,-0.6538017545431825,-66.12676138028613,-219.01460506898508,-9.0,-13.0,left
39.71857389417488,329.7779823335864,-203.09348328734887,27.82132580804933,316.73955372764294,-185.91382565349926,0.48301944420473525,0.529350526521371,-0.6974813521462033,33.33089196016846,-232.48082286440973,-13.0,-11.0,left
105.93833416974917,264.9544104305909,-209.88317353643112,86.84447725503759,261.3638136708804,-192.65750500395356,0.7353634754962527,0.13828498475297,-0.6634137637236228,147.26875088238336,-232.50662253197046,-17.0,-8.0,left
119.92600127943858,242.1786858912739,-205.24308131361076,99.1744587948869,241.6774445350219,-188.7582943081738,0.7828675424705213,0.018909707027596326,-0.6219009840210071,176.51341091716913,-224.8014358271249,-18.0,-7.0,left
-92.35740864149446,380.45833390668236,-146.60298129262108,-85.25741055912323,362.681747901649,-132.2874157286438,-0.2970340271301972,0.7436975149066366,-0.5989029913504441,-140.08543495077112,-191.6436026732687,-5.0,-14.0,left
6.168238055568806,351.25183513220423,-191.4833377475978,-0.7945288223843192,335.31766228682784,-175.1500887804005,0.29185513356893894,0.6679054786141291,-0.6846333709706883,-16.994476680946697,-225.81333340292596,-11.0,-12.0,left
-104.89765124094856,381.7452518194905,-137.35645672258957,-95.99658565607365,364.1209984273764,-123.55875390862938,-0.36952659386794906,0.7316686146566677,-0.5728098591598653,-154.45594006439225,-181.95144847833853,-4.0,-14.0,left
-41.8276812632069,372.9866025388793,-169.52797582746217,-42.548293532064534,355.03789405314023,-154.9579168346266,0.031155890576481795,0.7760178694394865,-0.6299409311935419,-81.14258041076977,-210.05533860859128,-8.0,-13.0,left
61.519402831046676,315.89700503096225,-204.5669065916751,46.81930665815731,304.446467134017,-187.1305652242551,0.5760388317588304,0.4487014503572531,-0.6832614966125484,65.97101307438241,-231.21759602632653,-14.0,-10.0,left
-118.13910393673373,381.63205334066265,-128.6329430913196,-106.73142168495987,363.9760386586937,-115.10791173488052,-0.4563815797041297,0.7063555675898419,-0.541089332588987,-169.6345849713949,-172.6847845384583,-3.0,-14.0,left
-129.69027293272615,379.812232263481,-119.93339373097527,-116.80740322196218,363.49787638504716,-107.36864963142064,-0.5303796518900789,0.6716517814648831,-0.5172826203498505,-184.09707855937646,-163.1765677207705,-2.0,-14.0,left
-4.36047130148567,359.89828229974944,-182.4271039004734,-10.079636955955714,342.86583537786714,-166.94189465479332,0.24111873461979622,0.7180841223008176,-0.6528529306932861,-32.63613998187597,-217.56778052766606,-10.0,-12.0,left
30.439124355629055,340.69453307852734,-193.98016396941955,20.116774387106197,326.1285080307684,-177.83383560417033,0.4288252717158761,0.6051218635265224,-0.6707729993224189,16.494956997592446,-223.8456571943189,-12.0,-11.0,left
82.08039275342836,299.43208772223136,-204.3308566810279,64.74663269084465,290.4756207797482,-187.3251947992984,0.6697265136512114,0.34605206016261514,-0.6570497458867202,99.1676138513563,-228.4564875964976,-15.0,-9.0,left
-139.5676352664311,380.4376671499614,-109.27383836822767,-126.08218099736843,364.52284270632896,-97.79558056987787,-0.5663910315904476,0.6684249306224056,-0.4820884892385845,-195.91927589942256,-149.89211786372783,-1.0,-14.0,left
-53.4830887388556,378.4891840846632,-160.16787761608387,-52.407129886455195,359.96887047751625,-146.1597088480923,-0.04628525019138532,0.7967008654813419,-0.6025988769953042,-95.75108378675273,-201.0793804174481,-7.0,-13.0,left
100.61850082519742,280.14149821591144,-203.18584637660283,81.61737277056076,274.0342308469445,-186.56166322213448,0.7315136007458242,0.23512020607114922,-0.6400049535909385,131.1908047991451,-224.70043971162204,-16.0,-8.0,left
116.0117867224366,257.9026645380576,-200.4867060355972,95.54521276804628,255.01917040048215,-184.06289800353986,0.7752619956638618,0.10922509182843712,-0.6221243584640903,162.25933826541,-218.78977933950029,-17.0,-7.0,left
127.63450043634613,235.74482010273272,-193.60278459217818,106.54198570319367,235.46408240682143,-178.97074664191845,0.8216043794028206,0.01093541113244467,-0.5699532090702449,189.087796891575,-206.44221856359857,-18.0,-6.0,left
53.23771888028129,327.58175761363395,-195.7622930357827,39.66745099867745,314.7439722184343,-179.52896613198595,0.5483297689554523,0.5187325674824884,-0.655935200999524,50.17582715451752,-222.16722932551525,-13.0,-10.0,left
-15.57414203151212,367.9988434651313,-173.06705100329032,-19.73098545933712,349.8018938874038,-158.4873161297208,0.17550566636071113,0.7682915695100779,-0.6155695129674827,-48.48498814691205,-208.90438124960357,-9.0,-12.0,left
-65.24434441602786,383.1099800782122,-150.92845583522092,-62.39786758758585,364.2617348793802,-137.37298960283522,-0.12169438710992414,0.805812162126357,-0.5795319106961978,-110.00875193047622,-191.94572221114316,-6.0,-13.0,left
20.480946675335638,350.80782471600094,-184.86514930373679,11.412130889644665,334.73791459682707,-169.34858491654472,0.3761572143428613,0.6665492792020622,-0.6435975516524515,0.28003778273435387,-215.3260232036793,-11.0,-11.0,left
-77.51118867822763,386.97577460190547,-141.8489082388666,-73.00390025006055,367.93355488955,-128.75493048321175,-0.19143172372041564,0.8087534226163268,-0.5561221058003428,-124.39580682552644,-182.58968832275684,-5.0,-13.0,left
74.60892505467828,312.63985576849495,-196.40418376418006,58.12192694943188,301.46557393480225,-180.19133691190902,0.6419782756262595,0.4351092986826463,-0.6313032487036876,82.10498558727375,-220.18639381063548,-14.0,-9.0,left
-27.044038199597892,375.39277062923827,-163.66319857135574,-29.673048597319557,356.64113576030456,-149.95364466642326,0.11246107677609977,0.8021379643458553,-0.5864530606667918,-63.969793326315184,-199.99893910972628,-8.0,-12.0,left
-89.92735777996047,389.6939886955894,-132.78156317239524,-83.5978404653541,370.62354291131874,-120.1995074695759,-0.26698202797172255,0.8044004047607213,-0.5307170484927861,-138.80626579166525,-173.19300775097201,-4.0,-13.0,left
94.28678360071825,294.24474668224605,-195.83253370626636,75.59511826307278,286.04695746803384,-179.78237472832143,0.7198747465566007,0.3157226135982608,-0.6181420391243045,115.30592989790249,-216.73725218706826,-15.0,-8.0,left
-102.96126360873816,390.8009411311382,-123.64041287556662,-94.47874912110227,372.22820283477495,-112.13280739338575,-0.36191790449121514,0.7924308923587721,-0.4909874858325492,-153.83138403721372,-163.72393888808506,-3.0,-13.0,left
125.1586014053725,249.4455243377777,-190.42686121144305,102.98127717186554,248.08208716491737,-174.88093776644158,0.8178179944753933,0.05027853868038573,-0.5732763700523601,177.95159578413296,-202.84419216477227,-17.0,-6.0,left
44.29063216619889,338.8592126122452,-186.69853396836425,31.92267465865885,324.47282254934436,-171.32661292070125,0.5065133221523359,0.5891755546618627,-0.6295366711090709,33.63387789772658,-213.27421007037296,-12.0,-10.0,left
-115.43770164433235,390.8588271926968,-114.82818044846599,-105.17091250135866,372.4239936052386,-103.83004361898205,-0.4314656583195208,0.7747307847718851,-0.46220081871156576,-168.4748442764284,-154.88137556360138,-2.0,-13.0,left
-141.1919550024262,387.10840859176255,-96.90245283499439,-126.74112153549183,369.902984257482,-86.85305854537297,-0.5871007774512337,0.6990128303774169,-0.40828144714633974,-200.73822055942784,-135.16281814309306,0.0,-13.0,left
111.65082349942097,273.149278282679,-193.97036322185443,91.23317210580251,268.06051629751175,-178.43793428942797,0.7806699605297385,0.19456907856441333,-0.5938832262264121,147.26172601793036,-211.2151906391043,-16.0,-7.0,left
9.884962156998002,360.16380822923765,-175.6313172509616,2.307745611908447,342.753892735288,-160.99827053850208,0.3160892474356378,0.7262676279150151,-0.6104284727126261,-15.910574894018886,-206.8556437393062,-10.0,-11.0,left
-151.69942247212987,384.5802696119012,-87.08830943520529,-136.8547881051657,368.55170819011016,-78.13813556767495,-0.6287708889791652,0.6789182249355592,-0.3791005315515921,-214.95746139402763,-123.46671388126549,1.0,-13.0,left
-127.57729214146488,390.0205531337356,-105.88526752443612,-115.61616991999864,372.13262700985433,-95.32345226611884,-0.49898761277568887,0.7462388050884089,-0.44061208344375086,-183.34515643058572,-145.28873751133526,-1.0,-13.0,left
-38.7341994417652,381.6587681599319,-154.23885348389896,-39.706415580014124,362.5055693560092,-141.4155683338879,0.04214193057352183,0.8302194774400171,-0.5558414135045728,-79.10543129583624,-191.0444336482513,-7.0,-12.0,left
66.38458103601452,324.7668332075241,-187.93228573408453,51.04146500081918,312.0193979415032,-172.66055727565424,0.610734957652728,0.5074135084109098,-0.607893364812491,66.18230997139912,-211.49463044359618,-13.0,-9.0,left
-50.49689618245866,386.9933251952375,-145.01522555718293,-50.03317067243786,367.1965691395551,-132.80822767273412,-0.01993458581262046,0.8510209679554027,-0.5247532033144046,-93.83711400528567,-182.1727078481627,-6.0,-12.0,left
-0.9067684195328131,368.59164732681586,-166.4498020155969,-7.1271816224366535,350.2851278842612,-152.54676938784283,0.2612059640404573,0.7687225756941056,-0.5838125092595355,-31.48807740837679,-198.39406268866048,-9.0,-11.0,left
34.35523285302817,349.3860683774309,-177.6280782983428,23.392089176618455,333.222381203391,-162.8928713158803,0.4480984219815781,0.6606611141726001,-0.6022746021856128,17.253881863943654,-204.64587884649785,-11.0,-10.0,left
133.1107908985578,238.49757051228363,-181.21287652326146,110.68375562644977,239.10959558355765,-166.37197600423102,0.8337252274884579,-0.022752037243690865,-0.5517106033515948,194.1830049884618,-187.52652657156435,-17.0,-5.0,left
87.34964109622007,307.85519367593565,-187.84317599036802,68.98040869492553,297.4184013047723,-172.63368050501373,0.705630533212928,0.40091601026168094,-0.5842532869513827,98.66962587120184,-208.50066190771958,-14.0,-8.0,left
106.0127274987629,287.93789952375766,-186.8402588511051,85.39423628935657,280.3352055915444,-171.80678050420101,0.7743826810214767,0.2855395407170785,-0.5646225589020243,131.44612438745597,-203.99466722189484,-15.0,-7.0,left
-62.746535475483576,391.5867217111793,-136.01278847438252,-60.51530227219868,371.4568763636581,-124.2642777021639,-0.09529472932662006,0.8597345006136577,-0.5017723617509745,-108.61022889207543,-173.22170097971,-5.0,-12.0,left
121.29956918274135,265.1415617414849,-184.49980133031713,99.47892683335674,261.107437467189,-169.72822132282178,0.818560154257483,0.15133254719949293,-0.5541279040258476,162.55724885847553,-197.42086661686795,-16.0,-6.0,left
-12.269380186290352,376.4535200027375,-157.17735142570808,-16.84670577650249,357.26236613612105,-144.06620908970723,0.1932282579792796,0.8101397108801147,-0.5534767286646992,-47.2295008299427,-189.721475673631,-8.0,-11.0,left
57.7353118994734,336.1837912603439,-178.88208562379256,43.133972230653775,321.9243336529304,-164.4735114487737,0.5844566449359277,0.5707719251016322,-0.5767407040482021,50.04633532392896,-202.54131570230027,-12.0,-9.0,left
-75.12963568829666,395.36237286057997,-127.0069750357714,-71.33509860161251,375.1213572649076,-116.04153915774113,-0.1626389163605442,0.8675569028088541,-0.4699931949228375,-123.25120359580549,-163.99340390787208,-4.0,-12.0,left
24.200679037495757,359.18634509151707,-168.38514419025444,14.582917194082455,341.98040826994736,-154.79380882845405,0.4016931358778556,0.7186190332115497,-0.5676524550239455,1.3423477846128193,-195.98602087612295,-10.0,-10.0,left
-163.52640509937652,387.18299645170964,-65.93300535012654,-145.9535341375984,371.6119772384595,-59.74456557734939,-0.7237340442568447,0.6412883092875279,-0.2548692558053546,-232.95456942687403,-99.25802978665742,3.0,-12.0,left
-152.2985068292842,391.89771027579457,-75.0618029157121,-136.99639974514483,375.12283573579134,-67.59045170239843,-0.6401647627346483,0.7017780963600296,-0.31256452137468294,-217.05913960289183,-110.49234695591605,2.0,-12.0,left
-87.85076073685946,397.81087985127294,-117.91876105487401,-82.32061671894051,377.6325539671842,-107.59730458345908,-0.23704201836157432,0.8649161901070946,-0.44241503774363183,-138.1535883840237,-154.7715543345993,-3.0,-12.0,left
-101.03790817085749,399.0288435151233,-108.9928763649346,-93.68909672577252,379.1846292302305,-99.60774225730569,-0.3174562577307539,0.8572365819376928,-0.40542196168358524,-153.37595798938318,-145.5196077840409,-2.0,-12.0,left
138.26203261518964,232.13912483162488,-170.37459924765423,116.18057802890115,231.5037497331941,-157.24649988643776,0.8592972821636266,0.024725549356474235,-0.5108784866044229,204.04881707048426,-172.07851342775433,-17.0,-4.0,left
79.27579938278899,320.98676212123996,-179.51385111735178,62.159772459291645,308.2662060786358,-165.4030675431478,0.6693483977281383,0.49745678967349527,-0.5518237625062136,82.22106078004133,-200.13589477632553,-13.0,-8.0,left
-113.79226885022258,399.20031983019203,-100.24274199021195,-104.51271732272109,379.8280742337447,-91.41867471698524,-0.3996029017717416,0.8342219482517926,-0.37998850239262144,-168.4225816796698,-136.79964921408265,-1.0,-12.0,left
-139.09794647303073,395.8170750987224,-83.00640052144993,-126.25303377791042,377.6648163239031,-75.00328944683872,-0.5435026394109065,0.7680706587544204,-0.33863305230577956,-199.73591447814977,-119.13207085276048,1.0,-12.0,left
-126.50557580890916,398.02466189765204,-91.7507095572238,-115.36233167428529,379.3830026357085,-83.34092729605516,-0.4784633617432786,0.8004267743922389,-0.3610952648614441,-183.7502115628276,-128.0680609430231,0.0,-12.0,left
-23.965884314431083,383.5345415207923,-147.83844544776593,-27.150041083417968,363.76489148531823,-135.74166431543776,0.13610614639646548,0.8450497501073899,-0.5170744982655223,-62.86417042763798,-180.9312809564842,-7.0,-11.0,left
99.34216258098633,301.9670605258209,-178.91344032296035,79.16831170879223,292.16160431469086,-164.77427264358175,0.7608456043366499,0.3698073463523327,-0.5332508724282068,114.90343168150943,-196.23453907449806,-14.0,-7.0,left
129.98377837461797,255.86030904999015,-174.56964983169587,107.41630348581246,253.34059074294134,-161.00879797493633,0.8532528449668183,0.09526793868599115,-0.5127217592559856,178.42820965094046,-181.66133524338264,-16.0,-5.0,left
116.31998295919145,280.2413795679098,-177.38582910827313,94.79664564841025,273.9513057092771,-163.6640970657003,0.8187241326358221,0.23926750716045883,-0.5219596293363507,147.29238277188125,-190.40112545505693,-15.0,-6.0,left
48.182765193716904,347.20504330300366,-169.7199009953345,34.98970224564599,331.4152625014955,-156.16458991685332,0.5354367418959516,0.6408238042134857,-0.5501384801858565,33.92999079447425,-193.5635891647822,-11.0,-9.0,left
13.21478772228375,368.2513898775976,-159.1464430612758,5.291526328922464,349.79381246018716,-146.2873179203175,0.33221372614305156,0.7739061309462172,-0.5391691206347096,-14.862075810389769,-187.50214259387283,-9.0,-10.0,left
-35.80277913352431,389.49997408797356,-138.50264469383882,-37.51652564842807,369.213767744343,-127.45286898767286,0.07398361718691567,0.8757694975596944,-0.4770264264503386,-78.05041007784018,-172.0795014801572,-6.0,-11.0,left
70.61283085352312,332.5691862200563,-170.69518705017467,54.67748232626181,318.68591024245836,-157.48158568274488,0.6393194231202671,0.556991142919344,-0.5301240816361504,66.08710829791073,-191.574493223087,-12.0,-8.0,left
-47.9475870257459,394.7567590882221,-129.38393202047223,-48.07196019078243,374.1062645305774,-118.88665837606811,0.005368842391435732,0.8914242115864115,-0.4531380038453192,-93.14161943641996,-163.2715399898724,-5.0,-11.0,left
2.1953298029643946,376.55506108964653,-149.93851780162186,-4.4037537174180255,357.0163375513523,-137.5842262742433,0.27450037813749684,0.812747252405583,-0.5138982838165025,-30.48337324741317,-178.94825117843547,-8.0,-10.0,left
137.13771417718567,246.18312015582973,-164.60145857459767,113.83139874390872,245.05941409395314,-152.20860307737723,0.882138141373509,0.04253199008276636,-0.4690664444976751,193.50401946679392,-166.12053906624567,-16.0,-4.0,left
38.03438532690191,357.2877722836306,-160.58150742714926,26.405095068101204,339.95313636005983,-147.88700286829993,0.47600283199882704,0.7095304707046863,-0.5196035171846729,17.93068799760829,-184.93152151976048,-10.0,-9.0,left
-174.4212653724633,387.50804451247535,-44.038845868929144,-155.08931781462337,372.67095495645646,-40.03193257717935,-0.7827797936920533,0.6007761953058345,-0.16224597912204947,-250.9841602653185,-75.72169531360564,5.0,-11.0,left
-165.07612482462275,393.49125507177075,-52.71017278839439,-146.9539571991818,377.2876807536012,-48.228341703784764,-0.7331110785633708,0.6554966321081013,-0.18130723036489146,-235.82852766583943,-84.55378777965507,4.0,-11.0,left
-60.43756288582769,399.2368813588405,-120.32724741449715,-58.75188260706521,378.242234312277,-110.6923138183636,-0.07277984398442432,0.9064513335107068,-0.41599167574155155,-108.20368645068334,-154.29432056012072,-4.0,-11.0,left
91.51365031070137,315.45780549143154,-170.6865551879348,72.54278045600871,303.6171232620518,-157.49091756964094,0.7306110974028471,0.45601144828188406,-0.508193844303201,98.49720332457377,-188.28853327189427,-13.0,-7.0,left
125.83877059449547,271.6028770906464,-167.70749057316647,103.24392469456303,266.40845041040416,-155.33261057011399,0.8597682169709017,0.19765582756514047,-0.47088298643741194,162.87066889453897,-176.18153571599305,-15.0,-5.0,left
110.40330020351166,294.85792192458933,-169.6585866674825,88.68484545249123,286.3354552001598,-156.87680922607603,0.8164039102865592,0.3203623480065702,-0.4804712491383154,130.93933412941706,-183.35200517732423,-14.0,-6.0,left
-73.13144900603257,402.6395264938736,-111.43948669932917,-70.03667164202558,381.70152353849585,-102.6145848780595,-0.1349571149617039,0.9130648636575166,-0.3848365001858503,-123.20798743810386,-145.38857577170978,-3.0,-11.0,left
-151.3538704842056,399.2165636241841,-60.355857257292826,-136.95764984318896,381.34655094214054,-55.131322418334406,-0.6117006922482687,0.7593033894567665,-0.22199240046104043,-217.2738150093476,-93.59939446346138,3.0,-11.0,left
-86.33476337425977,404.8594131059525,-102.50556814388992,-81.4496172977254,383.93671050922273,-94.35983471321556,-0.21260330311741024,0.9105634944213674,-0.3545052300470545,-138.55765260036532,-136.43341946125292,-2.0,-11.0,left
-9.439844442811584,384.099732604135,-140.70088359748422,-14.45746625787682,363.6819968730046,-129.21754922351323,0.20944472855735838,0.8522737016812979,-0.47933541815934305,-46.399467159760995,-170.40002353159431,-7.0,-10.0,left
-138.48939553805076,402.98367150376134,-68.64441055427976,-126.35370896546638,384.20871357301223,-62.496034029104806,-0.523412664643479,0.8097647133787071,-0.26517973425115515,-200.44596316643637,-102.14963630647945,2.0,-11.0,left
-125.44822506406075,405.27628800467056,-76.93689954395734,-115.05425372545018,385.55210985937975,-70.24008760503789,-0.4464901353736714,0.8472845155451955,-0.28767257208733715,-184.4076822836903,-110.5127133051854,1.0,-11.0,left
61.15592024898759,343.92565167547855,-161.53535706078253,46.363038461961594,328.36507736683575,-149.11743362793078,0.596426249866054,0.6273784320243471,-0.5006715804810447,49.96954776705885,-182.6262635142874,-11.0,-8.0,left
-99.36610045893059,406.18772663517757,-93.8626552831901,-92.6918287424308,385.45197032014164,-86.11980008778909,-0.288697153146976,0.8969298929950889,-0.3349189764952858,-153.62428240372492,-127.51016451837323,-1.0,-11.0,left
-112.42722822123184,406.20511594223615,-85.3369882674169,-103.701673174731,386.06142429560396,-78.20764362443705,-0.37804108850600837,0.872740252744847,-0.30888409904048614,-168.92548122982197,-119.18029521822336,0.0,-11.0,left
27.187168773257056,366.86317721302123,-151.30627214501027,17.060205549715374,348.3673596970535,-139.4640123164321,0.4187378521052516,0.7647799965899769,-0.4896633210994217,1.625315261152842,-176.37638239987373,-9.0,-9.0,left
143.43616968873124,235.03155172346396,-154.32910971883123,119.00590824683155,236.165733170227,-142.43034594580664,0.8982535633866421,-0.04170166285386702,-0.43749457959890453,207.46236367672907,-150.00457770121608,-16.0,-3.0,left
-21.259478906680233,390.88832021744145,-131.36115782996052,-25.035290834763252,370.0290110879007,-120.97233141853533,0.1599439011001126,0.8836031401928939,-0.4400720840295764,-61.98990544493587,-161.5965871368952,-6.0,-10.0,left
83.234749991753,327.93521222655204,-162.0046816753123,65.19887967951186,314.4576909855351,-149.7995413767121,0.7042352235978607,0.5262482497598457,-0.47656639565622977,82.19521285081505,-179.95751232444363,-12.0,-7.0,left
134.04710781753397,262.0176504317606,-157.9591269982377,110.46837313550341,258.2932390433808,-146.5919680471891,0.8918039619648697,0.14086611842981825,-0.429933053046957,178.51718808231408,-160.72703336476323,-15.0,-4.0,left
103.04248247150696,308.98710545554525,-161.54109266518913,82.44588414797856,298.19213840467086,-149.66563946528572,0.7888131582727242,0.4134280777385907,-0.4548087794592184,114.54750315974047,-175.85865088894212,-13.0,-6.0,left
-33.243981746377415,396.6851110195234,-121.98287226390008,-35.52449298611259,375.3452070791476,-112.78297015038848,0.09766572394841597,0.9139078689954103,-0.3939972250586286,-77.2743781440924,-152.7022164701135,-5.0,-10.0,left
120.3387415114787,286.7395842591154,-160.17768326819203,98.26195677138932,279.5326466977644,-148.90234347107577,0.8551642574927729,0.2791672556039324,-0.43676050199783767,146.616828049727,-169.67198364451798,-14.0,-5.0,left
16.18171183489396,375.6105540642402,-142.01412297432233,7.6097303563752465,356.15369469656514,-131.1167937053452,0.35878909202843157,0.8143868396994437,-0.4561189129665268,-14.235453855287915,-167.79466688874334,-8.0,-9.0,left
51.43633583983272,354.5925462693489,-152.15808415272815,37.73342990533098,337.37577305816234,-140.74957625966186,0.5528507961068023,0.6946195808167345,-0.46028212564693294,34.205747767697474,-173.5212090241326,-10.0,-8.0,left
-185.30884064304587,385.2312632595853,-22.993807787379183,-164.87651920489427,372.9426464818235,-19.48712326530392,-0.8478311751511741,0.5099113399918579,-0.14550850074647512,-265.4320586294182,-52.510450045395615,7.0,-10.0,left
-175.97231682185722,392.17694473288316,-31.060226869466618,-156.7355957832435,377.8783613766615,-27.855209445530065,-0.7954948439143044,0.5912883652219831,-0.1325368720729116,-251.75216465597455,-62.03755092759323,6.0,-10.0,left
147.76566264524496,225.66199993101233,-142.29953316983892,123.61690225244033,226.09268639518973,-131.91839384602267,0.9185849259507555,-0.016382708154339377,-0.39488395851132657,222.1529516223215,-129.5265158583477,-16.0,-2.0,left
-45.73342166920139,401.7463351608284,-112.90478472354422,-46.138671501311784,379.96444254105734,-104.49461650109524,0.017353487862418797,0.9327377317573794,-0.36013772395447224,-92.68807651353761,-143.96815713063938,-4.0,-10.0,left
-163.81759647939856,399.43270602840823,-37.532889002823524,-147.42403362891386,382.3302919229326,-34.6780147355329,-0.6870174278395299,0.7167237930980317,-0.11964137349565097,-234.24161057564066,-68.01615272826615,5.0,-10.0,left
-151.47118191989296,404.9579525186879,-45.22948726542789,-137.42822198064943,386.3838330507141,-42.10081547219144,-0.5977128188044073,0.7905733087643113,-0.13316617328112482,-217.74649557802408,-76.51838295915725,4.0,-10.0,left
73.96611469637952,339.61794123220295,-152.9709143230271,57.49850385581178,324.8219868249113,-141.86628587832655,0.6648953752334366,0.5974006644204769,-0.4483598846274724,66.15696241635071,-171.23408818975454,-11.0,-7.0,left
-58.3890144252117,405.82271755268357,-104.05384250954783,-57.35887583789895,383.88040250437166,-96.42544912899264,-0.04430063346950703,0.9436191095058929,-0.32805552891165546,-107.86866006352466,-135.36032353728137,-3.0,-10.0,left
141.00043108999995,251.61326876614564,-147.9549730703786,116.88946300347217,249.44392954128165,-137.56985311703164,0.9153087265209895,0.08235318947694055,-0.39424343664479644,194.22150375084695,-145.11266420272736,-15.0,-3.0,left
4.857594310056278,383.66399393680655,-132.87345140193293,-2.2489643585101966,363.1739033314442,-122.6221751033803,0.29625177544083264,0.8541723222003035,-0.4273459132074334,-30.07162202879102,-159.41357893798968,-7.0,-9.0,left
40.963317563363965,364.4904442511753,-142.94644971955398,28.740303227223563,345.8283468141014,-132.1555893315837,0.49323306815545787,0.7530682141055727,-0.4354416210949484,18.211843285504735,-164.85876845153854,-9.0,-8.0,left
-138.27079211616785,408.68897156021785,-53.05027022458416,-126.53089857916177,389.27361153436175,-48.99642428567252,-0.5093648886804829,0.8423843595419622,-0.175886329709268,-201.0448050562939,-84.46876909135707,3.0,-10.0,left
94.9944708899929,322.0221122696112,-153.02013474413008,75.39740211410371,309.25578440840286,-142.02573940112893,0.758289570469252,0.49398067542915475,-0.4254174651094068,98.1006019901803,-167.9681986772551,-12.0,-6.0,left
129.41987680533813,277.57703404408994,-150.58175289352965,106.13740073524013,271.51604649906653,-140.60326355377737,0.8939079585200983,0.2327057047830915,-0.3831143649823575,162.1813345277746,-155.57775476417297,-14.0,-4.0,left
-71.51149013986686,408.9659678902443,-95.16170937883808,-68.93541969919181,387.3952235629897,-88.21243813985933,-0.11294367311414528,0.9457346575848392,-0.3046796418311732,-123.262154314736,-126.5535709335916,-2.0,-10.0,left
-84.64062541173453,411.0094423266386,-86.45736722460114,-80.44956702242297,389.3984407286979,-80.08951963363764,-0.18288668637775501,0.9430468641600023,-0.2778760010215905,-138.48763849288449,-117.95136753481259,-1.0,-10.0,left
-97.8520970928081,412.20535470293703,-77.97026335288845,-91.96537476091936,390.75194538939246,-72.2721958930693,-0.25633962252527726,0.9341970854517666,-0.24812457245710906,-153.62895138136358,-109.28089177905092,0.0,-10.0,left
-124.8718794697034,411.1431589195201,-61.0690409640963,-115.00794107581532,390.78346142314433,-56.44577714406629,-0.4271788155454599,0.8817199696578262,-0.200220265347392,-184.8608710662809,-92.36550310487327,2.0,-10.0,left
113.78522119700403,301.3469454648461,-152.23054126470197,91.97727130194265,291.8203116843473,-141.74399788233035,0.8385744153167538,0.3663247297824979,-0.40323583958515435,130.46551568276436,-162.88112347187842,-13.0,-5.0,left
-111.36409511490179,412.18954307294354,-69.32796411742818,-103.19588274734392,391.3486497302895,-64.30605048095406,-0.35605550305379086,0.908462516557668,-0.21890713728615827,-169.24630548096306,-100.86687578315028,1.0,-10.0,left
-6.969661653751098,390.9714707785481,-123.64714725794727,-12.587316059400369,369.49541793031915,-114.04470774130822,0.23226425692937402,0.8879363336330682,-0.39701685400913433,-45.97944530014818,-150.85665718869683,-6.0,-9.0,left
-187.86634180003608,385.86148391093997,-8.456345843745396,-166.8621494195295,373.3678521571069,-7.444918119051323,-0.8587171670283144,0.5107787945945189,-0.04135033305109351,-267.7384653452876,-37.91193531778854,8.0,-9.0,left
146.70066048516517,240.05406323724281,-137.42624422571436,121.59118462837623,239.26833796225526,-127.86884548962044,0.9341887810793649,0.02923261883642285,-0.35557949223966084,211.37745895508084,-127.51048605730601,-15.0,-2.0,left
64.46757654624594,350.6022881729176,-143.56996969086248,48.90419999867737,333.9900871030454,-133.45368030313037,0.6247766708911844,0.6668807150483801,-0.4061086349816879,50.51728990256083,-162.09960412011148,-10.0,-7.0,left
29.92992799746363,373.4242260397406,-133.49616491918692,19.201850948790927,353.91975971709314,-123.60901117713595,0.44044844907093056,0.8007690383645331,-0.4059237747505718,2.2159349721798733,-156.25706615081177,-8.0,-8.0,left
-176.60961151105323,395.3371457632976,-14.866657491766748,-158.68077662212005,380.43115325969086,-13.977694085126803,-0.7683944844071826,0.6388414247406657,-0.03809921741895177,-250.73247869242257,-44.20845629560715,7.0,-9.0,left
-18.78629652948721,397.2978712075936,-114.1634247861468,-22.89922574406069,375.3979287114231,-105.6153608807578,0.172333174791192,0.9176152618276899,-0.3581668719009177,-61.378639449260255,-141.99905914453745,-5.0,-9.0,left
137.2911611324846,267.47263226954294,-141.01402787402185,113.28932496174738,262.84289058581845,-131.99909723245315,0.921247304873199,0.17770044833446122,-0.34601438398656026,178.06510223868133,-140.41868527843585,-14.0,-3.0,left
86.28443547895276,334.17787688392184,-144.21684858280182,67.77938232567246,319.83259056191724,-134.07502852771245,0.7252252404695942,0.5622012342416198,-0.39746461830333824,82.31109338677646,-159.58366559191455,-11.0,-6.0,left
-164.57214918158542,402.8762285796935,-21.823376592651265,-149.1104626611802,385.88629215465295,-21.049591611556522,-0.6726794495396997,0.7391678176263554,-0.03366445532691198,-233.96186259178162,-50.72575556828486,6.0,-9.0,left
150.95582526133114,226.61089076338672,-126.99868176636585,125.40737307573889,228.24833316286143,-117.68906145676627,0.9378666369058574,-0.060109418181835794,-0.34174995131636476,230.32165148805768,-108.11590970609421,-15.0,-1.0,left
-31.121720444335885,402.8309950251745,-104.98095649465851,-33.7543125879844,380.56316455728154,-97.55099148398942,0.11144739147366388,0.942679869881046,-0.3145379815773767,-76.89883246901745,-133.3341923925125,-4.0,-9.0,left
123.56015619674747,292.44770011698563,-142.72619259938705,100.6929819931336,284.28436401606507,-133.61822160747948,0.881790542044429,0.3147897725021042,-0.35121622839650457,146.435033745366,-149.09961105614371,-13.0,-4.0,left
106.32721260456202,315.01642927051904,-143.90708120722275,85.35241677102842,303.33684407624025,-134.2361240354292,0.8103983136292702,0.4512614196797328,-0.37365452543153677,114.11325952420476,-155.47242592617053,-12.0,-5.0,left
18.86491486574294,381.93426373667853,-124.27359931824024,9.379265048084395,361.34665217194595,-115.1761986154113,0.3883551800054558,0.8428843304145611,-0.37245974239443247,-13.58866308338714,-147.81726251099437,-7.0,-8.0,left
54.21986767717653,360.9107578175409,-134.32937592161932,40.011737389631996,342.6534240619202,-124.98222301767586,0.5694330531213014,0.7317169178432703,-0.37461493584065475,34.60536608598787,-153.3328375851845,-9.0,-7.0,left
-151.7552856995087,409.07113779308384,-29.255263450714217,-138.4018786472269,390.3794082949091,-28.009219007365537,-0.5804474979581432,0.8124943377556954,-0.05416320918359178,-217.5205089607075,-58.86545558796033,5.0,-9.0,left
-43.944923489861914,407.74603267026936,-95.99408027867864,-44.89669824506606,385.0664569769666,-89.30504282459702,0.04021938426666814,0.9583765116971177,-0.2826603314164803,-92.54590124437418,-124.69210580721446,-3.0,-9.0,left
-189.07819880445115,385.9551958770977,5.904692616903844,-169.26011130537842,374.2094176096721,5.09011065566898,-0.8597213902898772,0.5095394206217059,0.035337089729302065,-266.15229585542386,-22.59929277043723,9.0,-8.0,left
-138.21571365172366,413.1128496951345,-36.6927417945515,-127.08358212640552,393.36600476109425,-35.09753651349568,-0.48987164648390763,0.8689638115306278,-0.07019732346257071,-200.96769532670803,-66.27457167871351,4.0,-9.0,left
144.1842048103714,256.37091313104554,-131.05564132236768,119.35352855162121,253.01850627222854,-122.89698630862195,0.9423119738205401,0.12722219448486227,-0.3096169524184577,194.4954925453476,-124.82926959937294,-14.0,-2.0,left
-56.858997627042704,411.4202624057719,-87.2635348273698,-56.502302108426875,388.79779809924264,-81.06012036100294,-0.015204220921732825,0.9642872622712615,-0.2644218362532835,-107.88178539448013,-116.34794492621398,-2.0,-9.0,left
-124.57648706843761,415.6080076063771,-44.62778131342476,-115.2777538966543,394.6546381509687,-42.46886407165782,-0.40384599429116547,0.9100093706470671,-0.09376224309128167,-184.96082713410362,-74.05023637470903,3.0,-9.0,left
76.96404200367287,345.60107189493107,-134.92894234833196,59.595910985977454,329.7320661710818,-125.85208785364209,0.6887634267064114,0.6293130072341194,-0.35995844337588606,66.62410992337378,-150.65052868924454,-10.0,-6.0,left
7.04984099479657,389.81072594564034,-115.10110223598157,-0.6901272252228932,368.23085006949026,-106.73012180682827,0.31712886972195853,0.884189889519524,-0.34298326381957006,-29.779729583576632,-139.47412648685423,-6.0,-8.0,left
-70.13246965187624,414.2927814343735,-78.36542613107903,-68.13504318480909,391.9116269321339,-73.09901022236133,-0.08654730200287458,0.9697621263237295,-0.22819067216716363,-123.2761911630195,-107.60965673491981,-1.0,-9.0,left
-110.94413526853202,416.768879859564,-52.71406015443427,-103.44126200660119,395.3907883385785,-49.88679779342221,-0.3286093127524127,0.936313291910966,-0.12382786020616404,-169.46140628171668,-82.27137649092548,2.0,-9.0,left
-97.09885103013725,417.24137927057944,-61.16333555552849,-91.66314082946207,395.25869042028813,-57.66114131806208,-0.2372223387471533,0.9593566743807144,-0.15284087581699793,-153.8733619249065,-90.37981715993976,1.0,-9.0,left
-178.0813455540029,396.23520553663445,0.5121346442960188,-160.6475010115068,381.0907192468561,-0.47401491789862504,-0.7542477758280544,0.6552023033290353,0.04266420479464855,-249.77410756565834,-27.45764230587639,8.0,-8.0,left
-83.71424906056663,416.3159527514844,-69.68911011786656,-79.68491961217799,394.0802476357228,-65.36452741001187,-0.17512797982297768,0.9664372612718634,-0.1879606626623313,-138.74300108650053,-99.02041967572004,0.0,-9.0,left
43.44045129987229,370.2027298700779,-124.9723354245825,30.634620743677104,350.92474730745323,-116.19390754802437,0.5173531593164433,0.7788268898494999,-0.35464684432918575,18.726148791781224,-144.7349100099073,-8.0,-7.0,left
132.22515233257968,282.92476573542535,-133.292482632232,108.59742332561129,276.0452425409642,-125.30357741503842,0.9132141489844161,0.2658942769148721,-0.3087720058531635,161.94266527621835,-135.2810330409702,-13.0,-3.0,left
97.99141925544352,327.7288055560995,-135.08007430144744,77.8234088633032,314.0120515298309,-126.18514827083379,0.7768325379617438,0.5283426890227998,-0.34261525202488124,98.31172725555027,-147.27787448326004,-11.0,-5.0,left
116.66420698263454,306.9113390273295,-134.39196505166052,94.30572263062925,296.41657128684443,-126.15451584559764,0.8587373063685099,0.4030795844003176,-0.3163812372607188,129.9173461147685,-142.24478434084236,-12.0,-4.0,left
149.6712346875826,243.84036864506342,-121.28796657503152,124.12000019600183,242.50990434384545,-113.69233590498004,0.9573516187315548,0.049849730464305714,-0.2845924849406738,212.04902703713867,-108.49498763829877,-14.0,-1.0,left
-4.741709144006345,396.6150431423101,-105.85344782999361,-11.111737318623913,374.6003755884569,-98.22644768982198,0.26373051475598003,0.9114464562800842,-0.3157713934494736,-45.393168203825525,-130.95821583123794,-5.0,-8.0,left
-165.40473638746906,404.68681413300703,-5.626800101936794,-150.6228011825796,387.4133029382014,-6.705103065825172,-0.6494542818490945,0.7589233515462881,0.04737596717351551,-232.66980067364983,-32.97906156410279,7.0,-8.0,left
-190.60214639867715,384.0370919210194,19.02485793383984,-170.56760276954995,371.2124163921806,17.438545810516445,-0.8403559106852364,0.537935481974814,0.06653841453560166,-264.4611765653842,-8.601693341395702,10.0,-7.0,left
32.56986157976256,378.92335832078305,-115.4113896515072,20.671484742418247,358.62568757143515,-107.66562555668642,0.48035011722197146,0.8194385383038867,-0.31270472786196846,3.015102777419962,-136.04609260282004,-7.0,-7.0,left
67.04966843442348,356.2017012966882,-125.37088687311318,50.947867250400236,338.7610462363645,-117.20782217324619,0.6414703490976836,0.6948081746990462,-0.32520361560086564,50.973629159780096,-141.5784330643273,-9.0,-6.0,left
-16.921912307457205,402.60198983736063,-96.53019623260326,-21.636127918806235,380.02963915704123,-89.98831901542206,0.19667660712933635,0.9417162286873816,-0.2729264678167141,-60.98792625097319,-122.32677127833315,-4.0,-8.0,left
153.66500078488417,230.30669695885243,-112.01508641851504,127.63227958344294,231.59587628856485,-104.51747889985485,0.9598536090963682,-0.04753338780151809,-0.27644461678388144,230.74279294567486,-91.4997143200456,-14.0,0.0,left
140.08334677190197,272.2874637366017,-123.5907735538781,115.31681891041052,266.78081084042526,-116.79327591654874,0.9429070279818527,0.20964835060850961,-0.2587931716053601,178.38231831511897,-119.94073336702834,-13.0,-2.0,left
-152.6847493784311,411.2057597605085,-12.500749291815083,-139.50344876356962,392.2681883313154,-13.345694099923044,-0.5708961164977021,0.8202063135283257,0.03659545622226905,-216.8658529770564,-40.48965247608913,6.0,-8.0,left
89.04702199044618,339.49967749726477,-125.85674331921454,69.73313474402153,324.3333846640369,-117.89308281220875,0.7481381660845489,0.5874779303504934,-0.3084784689386743,82.77670234362449,-138.62361120153773,-10.0,-5.0,left
-29.554638446416565,407.9918006820484,-87.53238974206005,-32.68625604460961,385.06596742721206,-81.7387307563319,0.1312880067242034,0.9611285082366497,-0.24288978970960873,-76.651416637671,-113.81551263084128,-3.0,-8.0,left
-179.53062188902217,394.9182743974301,15.365595800993262,-162.371514196421,379.7531480775399,12.94969195737664,-0.7451664386003415,0.658574057180698,0.10491515616076727,-248.02233302485874,-11.2250225027868,9.0,-7.0,left
126.27220618150369,297.5292396771266,-125.01174990866724,102.78014182162909,288.66632055613735,-117.91759152915998,0.9003795045830695,0.3396887819252816,-0.2718975526937759,146.0362580551449,-128.55381554336023,-12.0,-3.0,left
108.86882318189615,320.19725475851556,-125.61007323843941,87.35669017093872,307.78079697154124,-118.06574812576952,0.8287042380446488,0.4783147809809004,-0.29062734926711764,114.1799687917963,-134.3849396196694,-11.0,-4.0,left
-138.85503623649885,415.8597928854715,-19.933809690877787,-127.93070043918077,395.72825846438144,-20.146298506694315,-0.4769293156643973,0.8788926954334253,0.009276732919414119,-200.54190950508212,-47.8504531018187,5.0,-8.0,left
20.90945363937766,387.2436286479858,-106.14384204206382,10.903907455262285,365.9491863810541,-98.98531793125241,0.40684762813641273,0.8658791003876533,-0.2910814164312855,-13.23160168011988,-127.71704644982351,-6.0,-7.0,left
56.37924894357587,365.96325284940326,-115.96683425199265,41.879009160605676,347.468433105823,-108.61786756820672,0.5888752447844722,0.7511007863840026,-0.2984519304232438,35.00530106728241,-132.9244410924473,-8.0,-6.0,left
-42.53871686711896,412.63082839366916,-78.61287010009701,-44.092659511698656,389.4350768679459,-73.48846684713325,0.06527574136976344,0.9743730778943501,-0.21525840904205965,-92.28201842067497,-105.28264619601077,-2.0,-8.0,left
-124.90152508270663,418.6160663978208,-27.505385274599263,-116.01543568927812,397.3664929048043,-27.363721117959802,-0.385795289956712,0.9225639090753897,-0.006150440533223928,-184.70193775527966,-55.183552834073474,4.0,-8.0,left
146.73426918419813,260.67451922888506,-114.21042256860751,121.26044149357048,256.6346546397034,-108.02291720718603,0.9604073629613267,0.15230988228142509,-0.23327965391154232,194.89736786223722,-105.2362354213933,-13.0,-1.0,left
-191.69519514065567,380.1900195006163,33.93473882671867,-171.95857898616114,368.22495638443496,30.14012153429745,-0.8438028259270067,0.5115443291189338,0.1622319028547028,-260.5135490650555,8.47088132475804,11.0,-6.0,left
155.30863858706732,223.04681622812984,-100.19499519420896,130.27771947582767,222.90818584715038,-93.81331374931949,0.968988987982353,0.005366615263783101,-0.24704562455049828,240.4251736041169,-74.86423467614395,-14.0,1.0,left
-110.94025359248391,420.1169238716526,-35.43218515197263,-103.92159497534263,398.2431073462852,-34.84480744244791,-0.30542753995774946,0.9518721931444012,-0.025560628979447986,-169.24794047240457,-63.18993730688689,3.0,-8.0,left
-97.04941981622869,420.66002627752357,-43.780058617427144,-91.77995703521262,398.1299353814384,-42.34555822345875,-0.2273031102806908,0.971856135702578,-0.06187849023672556,-153.86440592564878,-71.14105698700473,2.0,-8.0,left
-55.82816389071051,416.0610953522936,-69.57613060867455,-55.53432423533822,393.3140286482419,-65.46546016622801,-0.012710771167835694,0.9839814141095555,-0.17781735849820282,-107.78479010024148,-96.64437892417754,-1.0,-8.0,left
-69.39030895463095,418.75845811617785,-60.7808308627136,-67.47608374236486,395.8472445557087,-57.684786893482425,-0.08251480855414463,0.9876133636580903,-0.13345842158974375,-123.2033397128746,-88.01482808390112,0.0,-8.0,left
-166.82818555864338,404.05573151470213,9.757873314950892,-152.49956461776708,386.9015389643475,7.668847413168981,-0.6382856703146582,0.7641541594190712,0.09305817381348096,-231.49845726235026,-16.338441580126442,8.0,-7.0,left
-83.09901441305786,420.3701347585262,-52.2024024025426,-79.6278987102107,397.59331743501485,-49.94771608229108,-0.1499411597205395,0.9838860748516357,-0.0973952788111469,-138.56191389794023,-79.6098647434962,1.0,-8.0,left
79.22279869540361,350.5456496722709,-116.31128769575048,61.29226113698432,333.9703898991096,-109.42356812582818,0.7067355229763017,0.6533169932070853,-0.2714807671829932,66.99026468490985,-129.70821990924102,-9.0,-5.0,left
8.93594007934265,394.62385953559243,-96.89929641085828,0.5345304401962174,372.38961113586186,-90.28935508531569,0.340543859178951,0.901245990995023,-0.26792824354835293,-29.314343979357382,-119.41095747489085,-5.0,-7.0,left
134.95474268600293,287.2817206130994,-115.47088355366319,110.38653770441717,279.85021099579956,-109.54478849319011,0.9326348543994004,0.2821079071545115,-0.22496079009532002,162.20701919729999,-114.4983029634092,-12.0,-2.0,left
45.52054670416632,375.0652373886402,-106.57484294151377,32.11469494243776,355.4517360943564,-99.776382851311,0.5425090611861636,0.7937207096465383,-0.27512061647412556,19.13266929670511,-124.39672660005873,-7.0,-6.0,left
152.2135270744202,248.25860646638466,-104.75551558037435,126.26268311435302,246.19300353458374,-99.06750681770409,0.973872239392591,0.07751706865427357,-0.2134571746456616,212.18368843810256,-89.52905359401339,-13.0,0.0,left
100.43546832859376,332.63114736410523,-116.63922439648977,79.42756251735219,318.54096847108224,-109.88784761912045,0.8024094447287524,0.5381827547812666,-0.2578728474774773,98.5581921464346,-126.16356213972615,-10.0,-4.0,left
-181.39573385323854,391.61288430915096,29.942126496399915,-163.91862772245366,376.8665351517018,25.905514771733387,-0.7526538229199609,0.6350534227126208,0.17383720299450733,-245.94939511561705,5.25892225418724,10.0,-6.0,left
119.1848918036744,311.43056339282,-116.12081979584795,96.23461095738405,300.6000716956164,-109.91221335334194,0.8784499763827772,0.4145502723623609,-0.2376419800401236,130.32393059115225,-121.05339259729467,-11.0,-3.0,left
-153.567671792075,411.1465115317359,3.9104549154901775,-140.67446921323784,392.4163345069071,1.374746411786647,-0.5635196846351826,0.8186347329652052,0.11082751919830912,-215.49490933838305,-22.680214288999963,7.0,-7.0,left
-3.179871115820273,401.1516966969393,-87.53654897893762,-10.090318071607772,378.3586588230388,-81.90179270868187,0.2823467667496274,0.9312770345061179,-0.23022464748050422,-45.088672009699266,-110.8504078159501,-4.0,-7.0,left
-191.8962257387998,375.62197801238017,48.33883198319205,-172.88256723517247,364.04213480165186,42.918605924955514,-0.8298313368814852,0.5053902051834709,0.23656012519885136,-253.57387581786716,25.57657812708058,12.0,-5.0,left
68.82195339528593,360.80139762535543,-106.77079855622634,52.22445998660228,343.00885781873797,-100.66837764481568,0.6616324743071409,0.7092710836867422,-0.24326322942040512,51.064915667303886,-120.9495990848758,-8.0,-5.0,left
33.960062661099144,383.4939443034446,-97.155168925959,21.901772747804756,362.6793617840168,-91.21186296236208,0.4866440386356497,0.8400272818620569,-0.23985776074129617,2.955544758404642,-116.05371023932649,-6.0,-6.0,left
155.91314210460877,236.04609258147292,-94.86721025586957,129.3149762266994,235.40551677354398,-89.32955779343744,0.9787350948264839,0.02357132544381897,-0.20376949421298296,229.5149773190089,-72.96831971617831,-13.0,1.0,left
-15.59855252671031,406.80945886587153,-78.43573518418077,-21.063055379118666,383.77966934915855,-73.76082823142572,0.22649405105182716,0.9545443498510284,-0.19376668703781266,-60.673714684294524,-102.44045805508252,-3.0,-7.0,left
-139.8368755214961,416.3948198223079,-3.09036633507852,-128.84478325656204,396.0781070179255,-5.126814028115366,-0.4740164065399849,0.8761257606034133,0.08781855121789761,-199.5871651760496,-29.50689590501289,6.0,-7.0,left
142.36883357942284,276.3011469647524,-105.95875402804926,117.00100086609639,270.4275801908314,-100.90561814150126,0.9563851500794023,0.22143760186603645,-0.19050677989882184,178.6084671685104,-99.5817726882301,-12.0,-1.0,left
-168.7455934305043,401.6793843843851,25.212546000600014,-154.04972438952137,384.58820258873425,21.554344211968278,-0.643553979643422,0.7484482905180172,0.16019810144247007,-229.76077930216272,0.8662531057839971,9.0,-6.0,left
-28.4717458017654,411.9771088805238,-69.53140442489251,-31.91719954266923,388.7178305225058,-65.71630239677916,0.14464187168760428,0.9764361413031726,-0.1601598917072484,-76.37820894349636,-94.03327540870771,-2.0,-7.0,left
-125.50651432630178,419.7903094315047,-10.426236900601403,-116.91477780346183,398.77874479876914,-11.942558035078719,-0.3776439676399014,0.9235491117697406,0.06664886986676012,-183.82527008914815,-36.55921300615579,5.0,-7.0,left
90.87997541147212,344.1041595844921,-107.04027144431413,71.34563255621694,328.4802973990729,-101.41767940359875,0.7619280516672671,0.6094015530833076,-0.21930661454268752,82.77414196322877,-117.43979184973979,-9.0,-4.0,left
157.68898502259555,222.42283711735098,-85.09909962898395,131.53731908349772,223.75844897948292,-79.58920792736527,0.9772978840830799,-0.04991233253963927,-0.20590678674387444,245.34247447958393,-57.15372031028596,-13.0,2.0,left
-183.07067873013455,386.84742151838975,44.44201914185719,-165.39235252554798,372.7304134235187,38.95717146804152,-0.759421511058317,0.6064352187509698,0.2356168372599163,-242.70829698988987,22.569039814451727,11.0,-5.0,left
-111.36225896558744,421.88346721621366,-18.11283823073314,-104.39618542021833,399.9679263995788,-19.49240965116983,-0.30238148414297755,0.9513040186512863,0.05988407255191821,-168.596835687772,-44.29439329534508,4.0,-7.0,left
128.44131184754087,301.8761383261683,-106.85812788080088,104.50403654844462,292.3893489446167,-101.52137831418796,0.9103052194496966,0.3607709641945935,-0.20295004024819252,146.2786197914807,-107.55632135201313,-11.0,-2.0,left
22.403490003245718,391.3728187630178,-87.53539274895218,11.643252555617742,369.3745816003732,-82.47591211769196,0.43030503512108254,0.8797159227151071,-0.20233010668447612,-12.924725482635807,-107.4266813140724,-5.0,-6.0,left
-41.669427962041695,416.1816853039197,-60.51253425427349,-43.5711884108314,392.70859236322957,-57.36549862418812,0.08004261932227447,0.9879518967616275,-0.13245462912685296,-91.92073738599353,-85.42256639991585,-1.0,-7.0,left
110.94518863434001,324.574083973252,-107.1852746380888,89.16553893678996,311.99899045720457,-101.7575280308192,0.8465242982986696,0.488764620301017,-0.21096387921146087,114.36374776437083,-113.27806504895737,-10.0,-3.0,left
58.088806293109016,370.2385748778578,-97.1687951369974,42.69338596241744,351.38337439124524,-91.79834948125784,0.6176083815611705,0.7564022031495296,-0.21544278613109696,35.21110747762408,-112.23741923948072,-7.0,-5.0,left
-97.21194005666658,422.6396184654012,-26.17648972569769,-91.99248058712313,400.15951946306143,-26.599938795134662,-0.22612721249397427,0.9739250115170089,0.018345454785823962,-153.32102378426964,-51.924647947511666,3.0,-7.0,left
148.71060975187623,264.6116410437501,-96.70212551849703,122.9830489011412,260.2016683652472,-92.29046560310422,0.9718427370812267,0.16658399695155193,-0.16664773128403207,194.97444312513844,-85.22925975072872,-12.0,0.0,left
-55.24006815537406,419.400357298818,-51.40933058824761,-55.326911372664185,396.18584989698854,-49.43127082615674,0.0037273702729260392,0.9963825326867662,-0.08489967766460406,-107.39947657554586,-76.70361325649714,0.0,-7.0,left
-83.08647144576338,422.6426065978209,-34.26792581383761,-79.71889500537662,399.6162708602868,-34.04941943275969,-0.14470313919367436,0.9894305665607996,-0.009389114051466748,-138.06233852408616,-59.97645550970658,2.0,-7.0,left
-69.04211353277152,421.70940599294687,-42.562769712965654,-67.35595257537281,398.29333857148634,-41.570263833933026,-0.07175864978518127,0.996527273431258,-0.04223848350344338,-122.73423673953985,-68.03071337145751,1.0,-7.0,left
-155.09584115949934,409.39650083842605,19.704240596740497,-142.48471504533654,390.8541982953468,16.408568996370207,-0.5564050733091641,0.8180896069397218,0.14540560310055192,-214.11075559387555,-5.363592565748803,8.0,-6.0,left
10.20511946079332,398.41432841579814,-78.20100041940631,0.912548288346759,375.44744470043406,-73.92379000967357,0.36960233211103766,0.9134838598483053,-0.17012158562253088,-29.01531079967865,-99.0927578495529,-4.0,-6.0,left
80.69792761068234,354.60685296394297,-97.60390982872171,62.37869044526306,337.66164650061654,-92.58584541290867,0.7196945592115193,0.6657140134302519,-0.1971410504281727,66.92670926169214,-108.90780072093088,-8.0,-4.0,left
-170.70481722608764,397.7600065243315,40.40490828159494,-155.92744957380825,381.0845736348607,34.94443969389224,-0.6441662712970158,0.7269056085924159,0.23802951732965555,-227.24586958183664,18.492945026817893,10.0,-5.0,left
-185.72309716553272,380.3043133228606,58.779306093985156,-166.88875466624256,367.19882239319077,51.601381595094765,-0.7833993053919976,0.545112338883686,0.29855998778820475,-239.4965633987593,40.71801516322424,12.0,-4.0,left
136.6676602078128,291.45042058087506,-97.35382847513202,112.0212892560084,283.32032941955856,-93.18290470195166,0.9376338044000617,0.30929698821020196,-0.15867646936570393,162.24367989066792,-93.69105085778519,-11.0,-1.0,left
46.743426736962064,378.9119679062693,-87.79673598505553,32.784528662236724,358.8609877393309,-83.02327364292975,0.5607482056543618,0.8054755533017346,-0.19175657195694276,19.149171866587622,-103.92095598210611,-6.0,-5.0,left
154.15505643824372,252.2821729853265,-87.26000307609664,127.48952699981353,249.55203353471921,-83.29398902248411,0.9840862095693087,0.10075526869801099,-0.14636498203157092,211.97799127354043,-69.75424620345342,-12.0,1.0,left
-2.086240239236088,404.5986909792805,-68.90846783242483,-9.921375557384117,381.39733354063674,-65.6100067157679,0.31708667789519007,0.9389552386974374,-0.1334881958228162,-44.688318947901195,-90.5986664703895,-3.0,-6.0,left
101.88105955239075,336.55085655938194,-97.70938602817176,80.70870327303734,322.21370327441326,-93.11351588406497,0.814957782807835,0.5518599110429749,-0.17690237653739238,98.58823298306532,-104.8522177923294,-9.0,-3.0,left
-141.0279281788069,415.23751583382716,13.350142595183897,-129.95277253829926,395.3192582733474,10.340511227967646,-0.48177722852936583,0.8664585163502224,0.1309211270755588,-198.25635559650541,-11.508868739402985,7.0,-6.0,left
120.75469622965267,315.50067243044737,-97.63256315180492,97.71896092336505,303.95392249698875,-93.41257678343653,0.882225669262343,0.44221897206250393,-0.16161760189593644,130.33349326368813,-99.96509513185117,-10.0,-2.0,left
-186.80187830497684,371.01678172156875,70.95165866069078,-168.59515948479645,358.36411223755977,61.81214851346115,-0.759203147259389,0.5276044842767159,0.3811090255590112,-235.67346585179104,57.262367271611225,13.0,-3.0,left
157.75851883676293,239.07814739436003,-77.85155640394173,130.7515558238503,237.7889748636586,-74.32835298198628,0.9904888264758918,0.04728080630350355,-0.12921458888879858,229.5193027266451,-53.98244175683689,-12.0,2.0,left
-14.893341544597426,410.1273151741265,-60.034579979588884,-20.553538724545398,386.7698666969884,-57.57115375620438,0.23428548450972536,0.9668057418147318,-0.10196553016637243,-60.47280171540637,-82.42201282599984,-2.0,-6.0,left
-126.75531202379722,419.2520180137735,6.369342508313347,-118.00381687959722,398.42963918679357,3.775582191524795,-0.3849321176943322,0.9158666313852729,0.11408583734342101,-182.81334139386658,-18.198789235217312,6.0,-6.0,left
35.14688927249827,387.07819862627605,-78.32745586074685,22.32818029606579,365.65247267674204,-74.36789776191915,0.5070768281023642,0.8475494040979366,-0.15663045047141394,3.0935338915698196,-95.58233573739851,-5.0,-5.0,left
69.9805166900575,364.3544301639296,-88.08509951265718,53.00999995048272,346.51855263638595,-83.7077367501538,0.6786696034988042,0.7132763318540276,-0.17505554462409598,50.95376120760544,-100.40587536994894,-7.0,-4.0,left
-156.9162083992037,406.0421141586579,35.66447025508657,-144.02569222473176,387.5596639854174,30.284952583019745,-0.5564193851771598,0.797795326639297,0.23220698652617827,-211.96806206198218,12.815180792786677,9.0,-5.0,left
158.81513045554698,223.87278328086313,-68.74327636670951,131.60872892781072,226.33313743041498,-65.28777548111113,0.9880623165365103,-0.08935335376962976,-0.12549436963714428,248.99534529561336,-37.40832197187548,-12.0,3.0,left
143.8461372066945,280.14860799598546,-87.94370623147272,118.30895588463596,273.45426089591615,-84.6704336950744,0.9599655703332117,0.251646516930808,-0.12304525302271546,178.59199070299036,-79.0498632461398,-11.0,0.0,left
-112.2094640088453,421.79771755860725,-0.77302115073363,-105.41384658516353,400.12235902581233,-3.407531790813092,-0.29716801541754817,0.947849603217468,0.11520546989307522,-167.58667784199395,-25.35650532755038,5.0,-6.0,left
-172.8720029037969,391.7552155564317,55.254493843175965,-158.04257741733397,376.20043757345934,48.487575382430194,-0.6581734355801531,0.6903667086823426,0.300335705902125,-224.40878325837258,36.820470653500934,11.0,-4.0,left
-28.054825296883912,414.8303020473254,-51.01271951771405,-31.838267741113665,391.25096688750205,-49.118195725239325,0.157933148532982,0.9842778625547414,-0.07908356263553352,-76.11199350704422,-73.89015440372846,-1.0,-6.0,left
91.856828916323,347.52569102224004,-88.13040383147018,71.9421673097875,331.76307532913626,-84.34461276334781,0.7755379698358849,0.6138445741865473,-0.1474303092466765,82.60869606854226,-96.45983621382933,-8.0,-3.0,left
-97.74750209994107,423.2115977196024,-8.752220697031238,-92.94944247050282,400.7995555116533,-10.606359648229617,-0.20865885458651587,0.9746588031884926,0.08063311831883024,-152.43888841996394,-32.94178272524215,4.0,-6.0,left
129.63110799986168,305.48909454689584,-88.4307122756044,105.35657122259983,295.1036251334112,-85.10555363196352,0.9121848734256033,0.39026359964482804,-0.12495230884532467,146.26724625410446,-86.61811193412993,-10.0,-1.0,left
-41.49505099328218,418.5545034302802,-42.109680921402855,-43.73388163266488,394.62692764835106,-40.83192662017376,0.09302865670643948,0.9942468153143305,-0.05309368388713511,-91.55590248216927,-65.39172822563235,0.0,-6.0,left
-83.53963115441829,423.4095527052988,-16.675346937022688,-80.39276808738576,400.43242707981733,-18.194220169927647,-0.13539961485976035,0.9886334085735295,0.0653523354449807,-137.43624385810898,-40.86536993981926,3.0,-6.0,left
23.14930175800741,394.559248014781,-68.89200769948376,12.240938923697048,372.2089969934939,-65.70984887196693,0.43506519665321863,0.891409325443458,-0.12691607137606833,-12.97439745688406,-87.26221606698704,-4.0,-5.0,left
112.15152048655511,327.9788209489972,-88.17025197055938,89.84874642095956,314.9354967444193,-84.83775931099521,0.8561241416313412,0.5006868072025809,-0.12792253597112932,114.51968905874558,-91.8485281613967,-9.0,-2.0,left
-55.308474669449666,421.3152043112392,-33.03281507849024,-55.5340624164192,397.6740287616408,-33.01378268382692,0.009541716904764713,0.999954152742974,-0.0008050158944212609,-106.90856591835463,-56.69458714741742,1.0,-6.0,left
-69.346612479284,422.8776062856532,-24.81880719098139,-67.81123898150967,399.56554743426625,-25.537372741129936,-0.06568832476575323,0.9973665007296705,0.030742596047191623,-122.18025107124812,-48.728863793354826,2.0,-6.0,left
150.18222626999184,267.8881472119674,-78.75981368711274,123.70059188848748,262.88865401518666,-76.25907290465345,0.9784381614545655,0.1847202805231418,-0.09239687317686318,195.16207193965906,-64.82811405206016,-11.0,1.0,left
58.896447132243374,373.41162788273505,-78.4998957111808,43.10662487547036,354.08660732298415,-74.80615955128968,0.6259012394786357,0.7660348624956712,-0.14641799022096116,35.0110136228939,-91.86094305765852,-6.0,-4.0,left
-142.72640536093886,412.73989987888694,29.59874065707882,-131.6959263920532,392.8022165545515,24.93345916915124,-0.47426032902167725,0.8572295255719609,0.20058584397689075,-196.6585518001326,6.6729333396825865,8.0,-5.0,left
-175.19763426851017,384.10567524482246,69.22792409709896,-160.17908134150812,369.2222320513523,60.639667633682436,-0.6580808836371634,0.6521606639420429,0.3763190388460358,-221.60961034848663,55.38825635000393,12.0,-3.0,left
10.825334879805695,401.03700359246125,-59.49301144480095,1.4260148470950682,378.1114596305689,-57.32273020780953,0.3779011157496374,0.9217250409834197,-0.08725649282026218,-28.80190148395089,-78.87154123570079,-3.0,-5.0,left
-159.09726981946878,401.1807054309031,51.2323125382361,-146.4406233788593,383.76865471189126,44.375316985953894,-0.5602323289960061,0.7707249920176213,0.30351725523789924,-209.48687741879607,31.36635969595909,10.0,-4.0,left
155.27595827817765,255.28045455163002,-69.52005418010334,128.25783513551562,251.76942855934777,-67.67915496322853,0.9894059219215958,0.12857406454334597,-0.0674138827933891,211.76253159758244,-49.86453500229396,-11.0,2.0,left
-179.0265581570411,374.1148887888219,82.24072692148813,-162.874376191478,360.441114077895,71.39293125111533,-0.6792030444589808,0.5749854374293493,0.4561523551861062,-220.57902032325177,73.32534680059543,13.0,-2.0,left
47.47778659072958,381.60233139546733,-68.92335043291423,32.69446403400105,361.10841871387964,-66.02087395275069,0.5812052035360568,0.8057166205800644,-0.11411064237682299,19.14993815377917,-83.41480569965421,-5.0,-4.0,left
-128.13260267253378,417.4635761916178,23.04192956756191,-119.09929853049317,396.40713367622493,19.014571822331206,-0.38830247616203695,0.9051249287443601,0.17311860203902896,-181.3389746316149,0.29261310844436395,7.0,-5.0,left
81.4626515205251,357.70399829700887,-78.63754078020514,62.96615422217384,340.6934611301989,-75.34104605793723,0.7298020765985532,0.671171689869161,-0.1300672584112311,66.66961587991267,-88.0700102454046,-7.0,-3.0,left
137.56853616474203,294.7341974299652,-78.86159400235502,112.7255602647467,285.9037710465449,-76.63711105373818,0.9389103697857087,0.3337353356698391,-0.08407165535543722,162.14556535711097,-72.76965095048,-10.0,0.0,left
-1.8063151806379416,406.6940982931162,-50.2775950799543,-9.552152870353769,383.42502242959324,-49.04378104166462,0.31544269273881764,0.9476134463389201,-0.050246033827146944,-44.47816023943686,-70.5062742421314,-2.0,-5.0,left
-179.92190167444724,363.1100994160423,92.47173629723386,-164.83960788744812,350.3197538136327,80.52378004967547,-0.6527833772653249,0.5535845619138339,0.5171247385077848,-218.07930012657562,89.67447361220158,14.0,-1.0,left
158.47007054168523,241.49437895377687,-60.70675446067361,131.12477267934162,239.91275506679887,-59.28465333816996,0.9969887064231733,0.05766480076626422,-0.051848722426252665,228.95810794166084,-35.12832105903263,-11.0,3.0,left
102.70246485019774,339.44884552733913,-78.6259817404434,81.1815411694813,324.8678749815281,-75.90663724424141,0.8233850336610458,0.5578642023823058,-0.10404142465072443,98.59220734696046,-83.6329380853282,-8.0,-2.0,left
121.59539478195799,318.4256133951181,-78.88309612811747,98.3039536905813,306.4638198534052,-76.48000173560828,0.8858234836180625,0.45493267607916194,-0.09139483632138361,130.36457076583318,-78.88320756079217,-9.0,-1.0,left
-113.56245841804213,420.36757432688216,15.981670645526172,-106.52743068726072,398.81826303873004,12.334535295143393,-0.3064023598444568,0.9385549118481169,0.15884669127029855,-166.46036193172625,-6.90289863455957,6.0,-5.0,left
159.88267281332134,227.11634394637255,-52.187959501015904,132.55012686497741,228.34662866619848,-50.92128610592546,0.9979196438232052,-0.044918072825345906,-0.04624663453078629,246.5131342260051,-20.492826611746125,-11.0,4.0,left
-14.764595831085256,411.8184246504507,-41.41305812027975,-20.845817107500004,388.6874177761039,-40.603347406621275,0.2541175506330078,0.9665813071761312,-0.03383558892589838,-60.10446071451415,-62.30738572890983,-1.0,-5.0,left
-144.8908994858989,408.3801141889993,45.7909210329282,-133.93377362679553,389.2548352568343,39.25731430865757,-0.4766117425511053,0.8319090823495391,0.2841980393436008,-194.71735787116256,25.581973742748914,9.0,-4.0,left
35.48739652194415,389.24073723251,-59.33954796923419,22.317677477919943,367.89609061636673,-57.427859228417304,0.5235775630867253,0.8485813571929284,-0.07600141878132198,3.033019170045822,-75.09974357776923,-4.0,-4.0,left
-98.90231734660622,422.1700940068986,8.309709509938095,-94.06525735147723,399.83505396171097,5.419893720432535,-0.20998919637274824,0.969621446656673,0.12545432471679904,-151.54803216962088,-14.245380113877218,5.0,-5.0,left
144.70788894517074,282.92966886763577,-69.52986006317622,118.69721914234356,275.8335153003492,-68.32936438453115,0.9637868973491919,0.26293747456611716,-0.04448259172767182,178.57609903472454,-58.28193885220158,-10.0,1.0,left
70.61933020891885,367.0526422859715,-69.01193552862577,53.15566777417618,348.6884033705629,-66.43766879115385,0.6855870876145407,0.7209418483275954,-0.101060361300574,50.807743807861755,-79.5557749972337,-6.0,-3.0,left
-161.60681692571643,394.61279452665576,65.92087030517206,-148.97778862364456,378.1717542012781,57.793174036425725,-0.5671403795480715,0.7383290010340801,0.36499599466033467,-207.18615327636172,49.95659458738261,11.0,-3.0,left
-28.06371205349686,416.02234372899454,-32.50447172651151,-32.45952457987342,392.451652317476,-32.2841043140603,0.18332614936521616,0.983009186224634,-0.00919036217487591,-75.54363226834786,-53.868707665219844,0.0,-5.0,left
-84.50044236863093,422.82008800511187,0.7103484774820774,-81.64437104520587,400.06670353619444,-1.8684769037338793,-0.12376546008171685,0.9859988698862938,0.11175123924911214,-136.68469019930095,-21.90077934576145,4.0,-5.0,left
-70.24964998020269,422.6860488147137,-7.134155873060861,-69.0018900530485,399.40175065458527,-9.443504766745392,-0.05325074205356966,0.9937057027078116,0.09855625234716713,-121.64412772913121,-29.504877164956163,3.0,-5.0,left
-55.96507193599889,421.48440903090784,-15.243076303921267,-56.49601101047786,397.75434051587735,-16.965135146891054,0.022309870360482723,0.9971290071939836,0.07236029779401912,-106.36600409295477,-37.37119453434455,2.0,-5.0,left
158.6133602844219,217.36452392922402,-43.279291976794255,132.2242911626617,219.50929121442468,-41.092371269659296,0.9933306174387044,-0.08073278378409875,-0.08231951215424146,257.222487583934,-7.009787725961431,-11.0,5.0,left
-41.88186740684928,419.25218723231774,-23.498179416968288,-44.16733434369857,395.6237147153724,-24.485976373373422,0.09619256424378776,0.994494089554497,0.041575190022136256,-90.96064092275103,-45.21942499167136,1.0,-5.0,left
92.52950754572188,349.9645882249859,-68.92426098329992,72.12358025192619,333.83594599063736,-67.02030678150223,0.7824395375451108,0.6184324382509762,-0.07300472180034656,82.62879185372408,-75.28338791975577,-7.0,-2.0,left
23.33416571870366,396.2386989273057,-49.920701838252135,11.928164103810072,374.0084976930833,-48.929370324259914,0.45614466446247937,0.8890221153113838,-0.03964496903372414,-12.852337101640172,-66.7994003376152,-3.0,-4.0,left
130.05876855158664,307.9947513228233,-69.53487052834063,105.49793124070206,297.35541716719104,-67.94749830671212,0.9159965778750917,0.3967940324701298,-0.059201056723799925,146.20732650828376,-65.44137792066897,-9.0,0.0,left
-164.70174437769646,386.1130199422884,79.81746011011785,-151.67889238558269,370.58307796154145,69.39574121014641,-0.571427302009113,0.6814354376284285,0.45729266653067807,-205.30726238598922,69.01353086148323,12.0,-2.0,left
112.41572142287404,330.3911534687189,-69.18235587732153,89.74929725951296,316.79817803276524,-67.55896610896735,0.8559945296088584,0.5133369308905836,-0.061307101248920824,114.25353293650721,-70.81698694987031,-8.0,-1.0,left
-130.10545860282042,413.9928522652,39.50480165719576,-120.94016347825792,393.51289856112027,33.76329647960908,-0.39573428759158924,0.8842726588555524,0.2479036878001398,-179.84905614973783,19.094971407235448,8.0,-4.0,left
150.75064117328702,270.35654337350775,-60.587079588563554,123.88355048289188,264.8622667818776,-59.94149729918543,0.9794526150529983,0.20029647562176947,-0.02353501050224829,194.80513901037486,-44.51407777121112,-10.0,2.0,left
59.393008047559746,375.51651229728037,-59.278098353741754,42.94541045965414,356.1646455741205,-57.688653084913,0.6463498407640325,0.7604804232442247,-0.062461261647478616,35.029273450288244,-70.96282144776761,-5.0,-3.0,left
10.901788354102003,402.2191706710673,-40.51943788392199,1.2033665739012633,379.3375093265972,-40.36417755135291,0.3902370209589255,0.9206932385520743,-0.006247235996535001,-28.47027470876789,-58.414055095675195,-2.0,-4.0,left
-147.17374518125496,402.6139678719245,61.37165933114085,-136.18113191286346,384.7109779207909,53.4404761136076,-0.48952450576025164,0.7972583127853283,0.35319249844082584,-192.47964125577462,44.737951397085766,10.0,-3.0,left
-167.94161109768027,376.0670549788919,92.41165652655005,-154.57563995394702,362.0288830694202,80.60875961054963,-0.5889591458473625,0.6185790503473727,0.520083726907589,-203.91572925558637,88.02862678430267,13.0,-1.0,left
155.49504093916175,257.12589723260027,-51.800811882563906,128.1252812403512,253.32226311508606,-51.67749934939371,0.9904711716081631,0.13764789980625233,-0.004462498412375874,211.16586862790453,-30.26991101884761,-10.0,3.0,left
-115.18188872670788,417.5492533084255,32.679036526475784,-108.173198191805,396.4662082568081,27.68658114388549,-0.30778345769446175,0.9258523360961641,0.21924140784741605,-165.13246293365688,11.89684252519205,7.0,-4.0,left
-173.74693738882596,353.1885619073789,111.73101272537328,-159.46426791793704,342.6150789120268,97.25469789278077,-0.6231350404642616,0.4613078645827459,0.6315835458747402,-203.67832010527326,120.72161501144731,15.0,1.0,left
81.7920745395478,359.7421961847649,-59.437819935941235,62.695877778676696,342.28346366666227,-58.078802794851065,0.7370253259924313,0.6738267408270192,-0.052451808283294724,66.56979056296584,-67.07017872598338,-6.0,-2.0,left
137.93698503810714,296.82965735572316,-60.08290413481773,112.47721814873094,287.78724788378327,-59.72168931745137,0.9422466980220906,0.33465272891615994,-0.013368286929686191,162.0691864243966,-51.75737107222757,-9.0,1.0,left
-172.0330757214504,364.9568626687457,103.2357511416953,-157.8835418484794,353.58681342969555,90.84481951896323,-0.6438110786624353,0.5173430962995299,0.5637937705426754,-204.3918453802729,105.23599338312715,14.0,0.0,left
-2.0458182353554335,407.58667092268394,-31.69792289092961,-10.149036307492054,384.6361854459364,-32.03983444958942,0.33289858226763247,0.9428580114157797,0.014046502528439917,-44.233914212571555,-50.426133337459504,-1.0,-4.0,left
47.48698804146158,383.2358633294731,-49.749973769309996,32.529631323862404,362.91780561912685,-48.853700947578545,0.5924696346167917,0.8048101315660761,-0.03550188988829754,18.949657471853858,-62.72942875689698,-4.0,-3.0,left
158.55688811511874,243.58174627156893,-43.13073569197594,131.34099136698427,241.43234321381465,-43.66750894994828,0.9967032750046048,0.07871565235547322,0.019657763589678162,227.35036311160263,-16.0781039539836,-10.0,4.0,left
-100.37814231979644,419.6324228440342,25.622169782524928,-95.38678557676258,398.02440102757225,20.94149076957784,-0.2202173679723271,0.9533403313940582,0.20651034690980513,-150.24527888596072,5.154665758815213,6.0,-4.0,left
159.27827912063583,229.7968783738931,-34.69160862961492,132.08108771474645,229.8474054601362,-35.34450717688439,0.9997102537943818,-0.0018572670044396382,0.02399914618578622,243.37272534559932,-2.113668277597924,-10.0,5.0,left
121.47397913783414,320.4273954868994,-59.96151769722427,97.84191295492947,308.18254032127584,-59.134412821100724,0.8874613377487826,0.4598343395672021,-0.031060491881752143,129.94225378832544,-57.98002284806147,-8.0,0.0,left
102.79330433996134,341.149655901865,-59.505229219184514,81.15125071461502,326.4118007416648,-58.611300316105215,0.8260674995106196,0.5625373345382527,-0.034120866092030626,98.45573822396163,-62.59859342912945,-7.0,-1.0,left
-15.087511233903815,412.1513822654568,-22.739299946082504,-21.665352003231447,389.0502974307062,-23.786846527611655,0.27359608016073544,0.9608572903923325,0.04357123386576744,-59.56346116267455,-42.08811408457066,0.0,-4.0,left
-85.73722369459512,420.89187482398086,18.020522219448992,-82.74379258718636,398.34597763382146,14.091603492897377,-0.1296946326735133,0.9768328548251553,0.17022595568778492,-135.65834868713557,-2.722974754592194,5.0,-4.0,left
-28.739535011394572,415.7388734114313,-13.99108363339316,-33.70808143693499,392.35346939248774,-15.967940164950278,0.20711780186619508,0.9748391302652784,0.08240683378064778,-74.99192008373612,-33.75502744173773,1.0,-4.0,left
-150.10666013188836,395.17246032742196,76.29228023753959,-138.8787195972866,378.25378569151246,66.39616941130475,-0.49706403177808783,0.7489944038223496,0.43810356236318765,-190.56258921484323,64.23956748551751,11.0,-2.0,left
157.69338824473755,216.20119127653746,-27.040319546699074,131.2312205831404,219.47587582403614,-26.51311013489066,0.9922359105813094,-0.1227888676923977,-0.01976845273911266,257.3893831957193,10.162033849494335,-10.0,6.0,left
-42.89481804946949,418.5040284567299,-5.336422540554624,-45.57675455137648,394.9701143624171,-8.313747918142065,0.11234358086583592,0.9858116250195071,0.12471711917230922,-90.43534736917134,-25.38882527310276,2.0,-4.0,left
-71.38710670733025,421.1886130684672,10.395671056641877,-70.1999637184307,398.18235514852665,6.801369455021009,-0.05091629926046931,0.9867332950355737,0.15415879779583755,-120.84307232193454,-10.22113003841907,4.0,-4.0,left
-132.4018171747279,408.7912074257033,55.69988956459907,-123.21062265875359,389.59969488797196,48.53590739817483,-0.40936170385876275,0.8547605274176598,0.31907277568375336,-178.10586929551982,38.48392691842621,9.0,-3.0,left
35.29352552856058,390.28135220638285,-40.219569232607,21.937595125375914,368.9527019996806,-40.16034565307418,0.5307266260545042,0.8475397984853729,-0.002353376335416443,3.0060135875833645,-54.46767731041142,-3.0,-3.0,left
144.54425962862643,284.5910045953012,-50.9487435854013,118.462350887763,277.2272448628093,-51.577094458820156,0.9621204797700846,0.2716374831737935,0.02317887275061775,178.09939967809393,-37.66342522456392,-9.0,2.0,left
70.55882569918845,368.360670165079,-49.59339072172497,52.73753587426647,350.16638860662056,-49.21230313459646,0.6996678513614214,0.7143115908069289,-0.014961584480481441,50.70465549312394,-58.493715266970746,-5.0,-2.0,left
-57.06151537119632,420.41622226033155,2.544562069786511,-57.858218613268114,397.2662834514506,-0.35475666584837384,0.034128255638120525,0.9916704086979755,0.12419767582321854,-105.78489652219322,-17.917650980059463,3.0,-4.0,left
-153.25089584467,386.4944489443593,90.0818820233907,-142.07265131760624,370.74478227454983,78.46642627948563,-0.49599152339956054,0.69883076414021,0.51539108627041,-189.01819699238706,83.55944354104471,12.0,-1.0,left
22.959545972064298,396.6597842484641,-30.98615125211144,11.385207874865564,374.6300690334746,-31.816173042239093,0.464850628021132,0.8847613459030547,0.03333548295996685,-12.720906232123028,-46.366047455376375,-2.0,-3.0,left
-117.47919667362022,413.2408382679747,49.38603153651389,-110.1808508514135,392.9128599752919,42.546389534529986,-0.3221440541931343,0.8972632292689655,0.3018971774459621,-163.8519273325557,31.359933831971226,8.0,-3.0,left
92.19106732985615,351.1691486975565,-49.85135881882309,71.64047009714626,334.9437121986727,-49.554832129634974,0.7848086503204564,0.6196346887321164,-0.011324085041932833,82.327448663767,-54.46306561947522,-6.0,-1.0,left
130.00814908493564,309.73519149597837,-50.773678882687314,105.30596079816101,298.85862977793573,-50.84511200610319,0.9152080131551749,0.40297306151046164,0.002646573906568313,145.72213688706404,-44.725998619613485,-8.0,1.0,left
112.27785409615399,331.5495568390517,-50.050998692173515,89.37971215171095,317.762582100077,-50.289015696956255,0.8566641763209012,0.5157976305403731,0.008904680643839638,114.12690740602378,-49.74862537762094,-7.0,0.0,left
150.19253083155496,271.80167429727624,-42.27095521378387,123.26650096336067,266.18252175626355,-43.342423984857135,0.9781690884607255,0.20413263098458964,0.03892432847491132,193.7852877527738,-24.37441753882075,-9.0,3.0,left
58.93668900982617,376.41259287301136,-40.01998872169062,42.39973638593584,357.0335757794893,-40.27563610529005,0.6490909366930904,0.7606446389193615,0.010034400137541833,34.71957932544734,-50.21736583793074,-4.0,-2.0,left
-134.99066764640105,402.33772281228255,71.49191215699764,-125.71420924557205,384.14789950123736,62.280611142794854,-0.41412330761761745,0.8120372526951554,0.4112145259145749,-176.13754802983271,58.34765546803677,10.0,-2.0,left
10.225045063312095,402.39074814063616,-21.88194469769395,0.32207791981705824,379.9830878725219,-23.530242736503105,0.4033171597500508,0.9125945552506765,0.0671300705941215,-28.441478523811558,-38.27098494262331,-1.0,-3.0,left
-102.44084431547648,416.00765833829166,42.78776404225416,-97.2852931119138,395.06912411910196,36.19816486077157,-0.22864503046440515,0.9286091060677047,0.29224403872802857,-149.0940460186334,24.830436548339968,7.0,-3.0,left
-165.6336861917847,352.7635776413364,122.21819816224453,-151.4980671818725,341.9581342706921,107.0006960751604,-0.6037634590874625,0.4615243139942558,0.6499730710290033,-191.25517862735686,136.5177479797739,15.0,2.0,left
-157.0470191978408,376.40024818153427,102.55085761656298,-145.27786031056996,362.3506498742894,89.81917959622882,-0.5273886527784066,0.6295775929535335,0.5705201691188594,-188.37527480944073,102.6272657532403,13.0,0.0,left
154.62404959197477,258.31881401022645,-33.68234967979635,127.22911577102207,254.31150482712292,-35.49729509746999,0.9873507101952537,0.1444288784842056,0.06541310370806966,209.56351761964794,-10.540759719422525,-9.0,4.0,left
-165.55469485988675,341.3373194713168,130.52177513855713,-154.08122968905866,332.24084125833923,115.51525178720702,-0.5472359507372575,0.4338636871357883,0.7157479411116937,-188.96298671509473,154.10496285479792,16.0,3.0,left
-160.72962998339676,365.27913800327974,113.32737905450637,-148.65040847144633,352.69713287200005,99.62594004857164,-0.5446044254886347,0.5672729545721525,0.6177438099642719,-188.39626336087272,120.96838607586632,14.0,1.0,left
-2.959029080705508,407.1919382177315,-13.159853949657615,-11.30436596352742,384.38581313137445,-15.425979484790492,0.3421544075037189,0.9350390914044918,0.09290995087309811,-44.07624397593042,-30.315746902805927,0.0,-3.0,left
81.15023942143033,360.3501348742782,-40.04017958308589,61.87303441870091,342.9679478524215,-40.82096831923614,0.742331590842007,0.6693577488241268,0.030066814381849955,66.24307041354322,-46.05794292290058,-5.0,-1.0,left
157.50280855048754,244.50953443625332,-25.370542323960855,130.17341756795315,242.12605398739476,-27.652782196276583,0.9927888515888396,0.08658417668798365,0.08290643224851232,225.13803039594936,2.9709199891273244,-9.0,5.0,left
-87.68157671601756,417.63733651154786,35.61080032723694,-84.33356424411002,396.06473564259403,29.599339449085775,-0.14785814785867774,0.9527099542615158,0.26548391884033534,-134.6236077220342,17.224987115015573,6.0,-3.0,left
46.63890270227154,383.5039478777966,-30.612780352020838,31.801258481571523,363.1928089328478,-31.68168746978732,0.5893522170094952,0.8067597921301763,0.04245706193399921,18.652050592818725,-42.15163921511544,-3.0,-2.0,left
137.26546604455632,297.94272842171927,-41.47417665723323,112.03768008330567,288.81364683216543,-42.918697701322714,0.9389668410595202,0.3397803087074012,0.05376442323143376,161.2760228518259,-31.301594054434972,-8.0,2.0,left
-16.284716418197448,411.08377929360745,-4.5016662329688675,-23.135448749714385,388.4222775763111,-7.5232457272518065,0.28704479072302563,0.9495139648041778,0.12660378651772283,-59.36277283007913,-22.201251695755197,1.0,-3.0,left
158.11311617057476,230.09194458441948,-17.415858807430332,130.75090783368128,230.08387087161321,-19.604211381092675,0.9968170424741963,0.0002941288371989993,0.0797226274104363,241.01530252648706,16.082738762255048,-9.0,6.0,left
156.33459885788565,215.6156686593863,-10.27466609486537,129.19385334125545,218.82253698472547,-11.362544004123734,0.992305867581707,-0.11724785724276172,0.03977442815298265,256.91630027431347,28.526652734553906,-9.0,7.0,left
-73.10457363900277,418.282833377874,28.08033707339719,-71.64024433255116,396.2983556132591,22.753955789769023,-0.0645993635907075,0.9698523864892135,0.23497504259995994,-120.01645025082966,9.633433323540459,5.0,-3.0,left
-119.9219977844864,407.5357056589844,65.92699468656383,-112.71128909402182,388.1359785820056,57.05840802771302,-0.32024021795265367,0.8615758996850323,0.39386948585485004,-162.1221347625291,51.48703187030185,9.0,-2.0,left
102.16308871679178,341.7541928055351,-40.47229347270598,80.6509444762585,326.8827901984292,-41.28139464473335,0.8221855091863917,0.5683790322398906,0.030923521694002146,98.14552902161957,-41.795403792691914,-6.0,0.0,left
-30.05593852664912,414.1800315775696,4.024919789445957,-34.89521333137027,391.6290755911269,0.6366259674151671,0.2075881666578989,0.967358085356419,0.1453460964703752,-74.63985859014419,-13.967425335358662,2.0,-3.0,left
-138.08421764739484,394.47929518770576,86.35266411221609,-128.8707961259554,377.6194728556812,75.30884135784308,-0.41575069328879133,0.7607904193848226,0.49834656495470603,-174.5977700817878,78.17607279146483,11.0,-1.0,left
-58.48508198844701,418.0536537853634,20.243625949491875,-59.14105567827919,395.5827258303136,15.637624522882327,0.028585834719536636,0.9792317016281593,0.2007190189787873,-105.08344300173047,1.74935667628705,4.0,-3.0,left
121.17265504489544,321.3120342399094,-40.95734528204811,97.41117400195186,308.8246446979946,-41.855060207957436,0.8847098416096874,0.46494224849787924,0.03342456762171189,129.63964228290257,-37.054501849659864,-7.0,1.0,left
-44.20122565069307,416.63566181918077,12.220752726853622,-46.911977471598384,394.03821526478185,8.38658487270796,0.11744945743117784,0.9790855129842947,0.16612399951061427,-89.97025916885723,-6.026148835958679,3.0,-3.0,left
34.48135146550255,389.96238290654946,-21.251229733608096,21.159178441648983,369.0211921390515,-23.450680910881715,0.5346643836729248,0.8404416332856446,0.0882715009038014,3.022773929763365,-34.01340942081937,-2.0,-2.0,left
143.57848795963818,285.34498243163716,-32.60085632097237,117.77446753981405,278.02933264016383,-34.932047061151216,0.9584690403653272,0.2717337733113623,0.08659015592512795,176.91360628632165,-17.623794213397993,-8.0,3.0,left
69.6368937523906,368.47986168108616,-30.36847570963319,52.03583621418228,350.6237531457871,-31.793993663188523,0.7008703648720471,0.7110264412898383,0.05676382149601686,50.318217894931074,-37.764479750129766,-4.0,-1.0,left
-104.89579431839566,411.2344136479311,59.33301773492826,-99.55169126777953,390.8491143319036,51.084275913034915,-0.23614095442399974,0.9007693135989686,0.36448881096978214,-148.01187595667238,44.356196589721726,8.0,-2.0,left
21.833204817689982,395.89866607362563,-12.433842335867954,10.292172020721207,374.563434424918,-15.196054747293143,0.4727322364883882,0.873912408943195,0.11314298069163925,-12.767523491010218,-26.28939859603224,-1.0,-2.0,left
-141.7265335796015,385.36825842660693,100.02032998459569,-132.28603376795175,370.10194568271277,87.51468089311084,-0.4315391135115966,0.6978455801631555,0.5716515894811928,-173.7213841048324,97.7108406498156,12.0,0.0,left
128.89593531478073,310.0483466277077,-31.766871385184885,104.23053673409963,299.0283545426619,-33.88251277801359,0.9102316868644468,0.40667277084508935,0.07807389884641974,144.96529987371733,-23.855956499411576,-7.0,2.0,left
148.74476964714648,272.0980944856959,-24.007978533189643,122.01813712856901,266.4042049835015,-26.87555746474837,0.9727099166101176,0.20722785704547775,0.10436490498571346,192.1841265721132,-4.493676394373608,-8.0,4.0,left
91.43410218097837,351.1643209987511,-30.76091149056963,71.10152022918152,335.13756883783157,-32.31598006223766,0.783944643160208,0.617928728067851,0.05995734724670376,82.11313326863365,-33.676417568777595,-5.0,0.0,left
-158.42775898134482,327.01286104067196,148.97949343340264,-147.26819569180893,318.949242740149,131.8453874138196,-0.5077065632161657,0.3668559269056993,0.7795195793316481,-175.38305877449164,187.5446573320827,17.0,5.0,left
-89.95530180699058,413.41874656202384,52.56888496934822,-86.51298550904161,392.349691926381,44.772913245480794,-0.15146149863753441,0.9270358426655735,0.343021808116922,-133.70923953461835,36.870338509217554,7.0,-2.0,left
111.35561971003119,331.80863444104267,-31.17217465813477,88.56269525818712,318.0827969467298,-33.12525875017343,0.854362631828679,0.5144948674958273,0.07320877444148557,113.59115766833801,-29.105189848535566,-6.0,1.0,left
-122.99126879078538,400.5261332299166,81.36562106823823,-115.58476976588875,382.5813277836421,70.92855619730263,-0.3360331797716429,0.8141565960145742,0.47353008273869973,-160.89881873629633,71.247173037809,10.0,-1.0,left
-157.35566757567685,339.1510846051508,141.03548954892324,-146.3318306565408,330.1158897701862,124.97844452580253,-0.5134377202047976,0.4208162613162061,0.747860536251747,-177.4610429174615,169.3308965970493,16.0,4.0,left
8.8048164996985,401.1586847927756,-3.8430884880555483,-1.064537465101072,379.59427077706124,-7.093992404656076,0.41229944463898854,0.9008690897454109,0.1358088770723637,-28.51996264016364,-18.640153705317715,0.0,-2.0,left
57.78838533427404,375.91886454430494,-20.994531603900572,41.43184207285943,356.877325297518,-23.28109055374167,0.6489133252606084,0.7554352012666189,0.09071467900225916,34.43787817517163,-29.705323725742502,-3.0,-1.0,left
-145.84375279423278,375.31734079098726,112.35477770772252,-135.78556348383728,361.4370193665741,98.9324411151616,-0.4619929968842091,0.6375512624278281,0.6165150919536599,-173.57095091117657,116.67466912296695,13.0,1.0,left
-153.59235875995302,351.90760138870735,132.94000803555204,-142.47348392515593,341.33489464460126,116.96194885997645,-0.501936109434948,0.47728060331475924,0.7212928446510524,-174.94160198907855,153.35863571081492,15.0,3.0,left
152.80133027260518,258.19976931257384,-15.779878401258607,126.13393979560023,254.37107079059376,-19.226631668789203,0.9818472732826902,0.14096606892485866,0.12690350412505752,207.49742465899163,8.812693615331924,-8.0,5.0,left
-75.1849158708012,414.44104160344284,45.252268550680355,-73.66417296856258,393.16617116420923,38.11555739610539,-0.06761426056000679,0.9459091547566605,0.3173077098282729,-119.18159469725506,29.27957219687425,6.0,-2.0,left
154.40512122642946,214.36660515821683,5.104489097789308,128.58244095772642,217.6089434783083,3.0127302784229855,0.9890197864393586,-0.12418295543036911,0.08011526453819319,254.03767498713498,43.76227366712755,-8.0,8.0,left
-149.68883519688927,364.157477517557,123.4252928348951,-139.17869790650565,351.9607958291669,108.7617943655689,-0.482624315377753,0.560070243337878,0.6733461908510402,-173.74330160508555,135.4253201970193,14.0,2.0,left
-4.416834780977956,405.5373633036961,4.4869612183735175,-12.539137171396344,383.8092913570713,1.1777797423201328,0.3466414461620061,0.9273048354830052,0.1412283607939619,-44.038209473414945,-10.985824468133863,1.0,-2.0,left
155.45047232259896,244.1418151715519,-7.828878088765246,128.7604391857239,242.0126069509187,-11.624073840030237,0.9869674693564685,0.0787357302433608,0.14034207927465278,222.67398517285588,21.671177109407544,-8.0,6.0,left
155.9880045061932,229.4043542092614,-0.5627955241934244,129.49275338382597,229.27832377384874,-4.078393675502962,0.9913005058669186,0.004715336865546517,0.13153354198163872,238.14231720538035,33.69168186875718,-8.0,7.0,left
45.46280793614813,382.53163133236535,-12.070247042561451,30.76325667665047,362.7936404871269,-15.140351931768931,0.5926994442827032,0.7958539685128941,0.12378945653508797,18.55688055438572,-22.077790113493663,-2.0,-1.0,left
-60.580154975258495,414.46994527522736,37.49893861432,-61.00386786709052,392.9053301421951,31.19862910906626,0.01885673019227398,0.9597020461322743,0.28038617365337726,-104.60975174255802,21.28418611493884,5.0,-2.0,left
-17.92915603172331,409.0522427842905,13.268315186959882,-24.482417771844943,387.289213506363,9.120175317067167,0.28364534119409657,0.9419709008662736,0.17954426289933534,-59.21952558646572,-2.637937685375455,2.0,-2.0,left
-31.950362252266917,411.9146759344453,21.3957144830444,-36.56230945356755,389.8105866913577,16.7953985515409,0.20013699023184597,0.9592143404590786,0.19963224739152985,-74.62764565657407,5.246812906298878,3.0,-2.0,left
-46.119775709191885,413.77600348477165,29.603725580502676,-48.690101113309005,391.77259152262377,24.134250208229673,0.11264347778726871,0.9642906857755156,0.23969755993454506,-89.68305005048313,13.394459138770696,4.0,-2.0,left
135.93517052862137,297.66463635241973,-22.844131650476626,110.9172960429366,288.947915067337,-25.91002029042121,0.9380622374472111,0.3268393994288843,0.11495758198787212,160.36582762987538,-10.843046804895003,-7.0,3.0,left
79.91525170330507,359.70295267204324,-21.16997318336908,61.149441367578106,342.94757949365385,-23.592150050773387,0.7425004647633718,0.6629541783523472,0.09583745213297847,65.90357124426528,-25.583617028459187,-4.0,0.0,left
-126.39543661147803,392.37416308711965,95.98806985153249,-119.02700550266903,375.6770610429612,83.97678334578765,-0.33725075149062905,0.7642210572310469,0.5497527683456146,-159.90665806053164,90.9863226037321,11.0,0.0,left
-107.87223347944719,404.8476297208399,75.37935529483367,-102.22706580551684,386.05054175792674,65.62751046300289,-0.25758581842166745,0.8577005266346681,0.44497118194176666,-147.03237844676192,64.2114340274174,9.0,-1.0,left
119.49781744960293,321.0119118903623,-21.838383489229642,96.06019807668288,308.5338728197055,-24.942685126905225,0.8767256527407272,0.4667631458246904,0.11612189942549407,128.65680162505487,-16.1609051023213,-6.0,2.0,left
100.9380387107838,341.3851692940922,-21.597708475643458,79.46248493439849,326.6380741800486,-24.088003862058592,0.8206119339005149,0.563507808318182,0.0951577842559187,97.59789633953561,-21.22595872082809,-5.0,1.0,left
33.0676489241464,388.4215731689542,-3.202470798569106,19.937818043352912,368.4304658253921,-6.932453837396686,0.542411637976187,0.825860544406645,0.15409080498313277,2.9793460003388064,-14.363191543791244,-1.0,-1.0,left
68.07055229429461,367.295334092673,-11.94404569595466,50.5745680157285,349.6148397916905,-15.166326127855847,0.6975593240395687,0.7049156799019237,0.1284712951357964,49.93770534190628,-17.753916927019375,-3.0,0.0,left
-92.869606176558,407.83105406301206,68.93091176248716,-89.17930231813072,387.68938905462653,59.65789651900841,-0.16416861429890206,0.8960316984597988,0.4125237707507614,-133.09660249311952,56.48866852246257,8.0,-1.0,left
141.8117369020497,284.8044401015883,-14.377937784073982,116.06243900964022,277.749220583363,-17.975740262532206,0.9558128668619963,0.2618894550924236,0.13355027836902952,175.4682318460426,2.2722055156049876,-7.0,4.0,left
-149.3200271914959,310.76749203444217,164.6469859097246,-139.49860624671146,305.33411080483313,146.8139170756994,-0.4661038613755408,0.2578567791446738,0.846319722008146,-159.76693313005308,219.57390355226073,18.0,7.0,left
-130.42872627106857,382.88675746375736,109.64703688218145,-122.41403637997723,367.7587466877286,96.47361110229983,-0.3710221842751181,0.7003175017536996,0.6098343508799562,-159.45243341576898,110.7458909292483,12.0,1.0,left
20.178428143838993,394.0123477871248,5.186756045824808,8.951278795478075,373.54338853817563,1.3014510487504931,0.4743816549465492,0.8648766006633354,0.16416610818072824,-12.874338607620354,-7.010541824001855,0.0,-1.0,left
-150.0830091722586,322.88569521338525,158.47985057710167,-139.2495496529083,316.293623826558,140.85744033691117,-0.49898425684956127,0.30362783339707433,0.8116802635292356,-163.9925638820146,201.78150111332394,17.0,6.0,left
146.45441774961648,271.15766209418905,-6.116289526885149,120.46300323350852,265.85137458697886,-10.473876249380272,0.9668324657298706,0.19738406431432107,0.16209415277997655,190.28626773341838,15.000623160118806,-7.0,5.0,left
-111.33414994671045,397.3815558581325,90.68430709855318,-105.3778702298801,379.9178952624998,79.30484345934867,-0.27475763218743293,0.8055823874461063,0.5249240522126859,-146.27951125568077,84.04809451368891,10.0,0.0,left
-77.9351994902132,409.34231894231993,62.17839352113724,-76.09915237494472,388.95531693370236,53.456365137847214,-0.08251795480047995,0.916258464325089,0.3919964460147254,-118.61412530223177,49.169240236413415,7.0,-1.0,left
56.227066034803826,374.32959695434204,-3.0973874176348897,40.00630716406583,355.822702666755,-6.908730775794314,0.6513654558867797,0.7431681668376913,0.15304939946472518,34.20597760009598,-10.21400314499689,-2.0,0.0,left
7.089669184885604,398.9733613589416,13.542246192724924,-2.55200582084868,378.00089238338217,9.306248763258585,0.4108423695209102,0.8936599546757289,0.18050050641319004,-28.58331368006339,0.47288881252275594,1.0,-1.0,left
89.69720776911258,350.17005255538925,-12.192589173736938,70.05609235299553,334.5689141860779,-15.322121778950287,0.7770130696394699,0.6171894089203025,0.12380598986339873,81.42174691042364,-13.485415610037666,-4.0,1.0,left
151.83851611973523,212.37399654338537,20.91208243562517,127.16387908265622,215.423670667798,17.28424508765897,0.9820488121617457,-0.12137681485888954,0.14438767034070135,250.37644383213467,59.61255335320465,-7.0,9.0,left
-134.51855794190794,372.6825404894105,121.91724985422769,-126.10573203136362,359.14112272270097,107.79492154334051,-0.39501372060281664,0.6358203380341808,0.6630962662220471,-159.43699141005268,129.74071867898647,13.0,2.0,left
126.9739584192858,309.22131720589323,-13.085400012123099,103.28818275377904,298.76535315438394,-16.82710663335005,0.9054209340146008,0.39969342238292616,0.1430318158730834,143.8045821358388,-3.3897850460173444,-6.0,3.0,left
-146.4383486327754,336.7805367850459,151.49983756868932,-136.64577581255645,327.9282461484546,134.49245972629973,-0.4548497807770789,0.41117513541640655,0.7899662555719346,-162.0598152332526,184.64105091953,16.0,5.0,left
150.3802261339011,257.3009052524821,1.5103925975870838,124.14223963271967,253.58973785968095,-3.1965421491796193,0.9748847888159625,0.13789017841855825,0.17488838506588744,205.1091530691123,27.422572280826067,-7.0,6.0,left
-63.18824517117464,410.0878021993873,54.825120367820446,-63.523343628577734,389.09302259947606,46.57620896455737,0.014853888498641624,0.9306342907317718,0.36564898319377553,-104.14514877961176,41.2319492225991,6.0,-1.0,left
109.42927490393953,330.7689801137588,-12.436884645818962,87.1430705843374,317.6410499357828,-15.982994963503605,0.8536380271590565,0.5028447310766347,0.13582818196700153,112.72563235981293,-8.633072931742007,-5.0,2.0,left
-6.2636499139659865,402.9961639002578,22.136919225630088,-14.319006810105183,381.69750158558986,17.26795190845386,0.34593425029379055,0.9146629845310258,0.20909595692521155,-43.98084141276627,8.499057006150933,2.0,-1.0,left
-142.92793202800522,349.56236757709905,142.9819059990307,-133.42938885305165,339.16101693835736,126.46386185577664,-0.4375507803221336,0.47913864311174187,0.7609043798773475,-161.01748021198853,166.688849801398,15.0,4.0,left
153.4086082077452,227.74641551376345,15.44567974056076,127.69504782313162,227.73337116109647,11.066520088961486,0.9858059271866075,0.0005000941131091572,0.16788812891217506,235.05904396293937,50.49285417753434,-7.0,8.0,left
-138.79828366501005,361.54519343667187,133.2461382356663,-129.7074982070155,349.65370498487755,117.70753244018778,-0.42134944855502876,0.5511594267419171,0.7201999226019776,-159.9262172496102,148.6292873190601,14.0,3.0,left
152.86746205713058,242.9034770229687,9.058430288539693,126.84971266461986,240.60011161613227,4.405377455871942,0.9806646336779058,0.08681876971156552,0.1753835154145023,219.8823195736979,39.66271758468518,-7.0,7.0,left
-20.075803132808915,406.252823676666,30.801183127985208,-26.23528889265161,384.85442466481925,24.992734469285118,0.2676598632607076,0.9298653778615509,0.2524055796801146,-59.31381623624606,16.81225963974218,3.0,-1.0,left
-48.52608712270063,409.6488662496692,46.936572208251704,-50.87873242043169,388.5951827529919,39.78101257451077,0.10521406837256432,0.9415544693669154,0.32000809525960405,-89.38811158641272,33.13578060925697,5.0,-1.0,left
-34.238387042711295,408.5129816836344,39.011405114641704,-38.45174473541492,387.2113961943712,32.58682659898086,0.18606325571826518,0.9406849921517113,0.2837114915051103,-74.51934267040566,24.99365295119923,4.0,-1.0,left
43.84755865970796,380.61717469314965,5.607441897451465,29.00288418589729,361.440173016075,1.4211150493909384,0.6031993466445505,0.7792393765603041,0.1701074431807616,18.399134951882186,-2.7645353084270123,-1.0,0.0,left
-96.16853586000173,401.2013451174944,84.78979919998747,-92.10354240014243,382.2950847267296,74.03798127781673,-0.1837178563262208,0.8544706564563255,0.48592967240331636,-132.5554073726816,76.20595896051641,9.0,0.0,left
-115.05025557522264,388.9375918446638,105.24063350843946,-108.82995700239167,372.3604521175505,92.49707916873547,-0.28513931122207076,0.7598982827716368,0.5841662203829662,-145.6421525004567,103.84581841939641,11.0,1.0,left
77.99820549820913,357.8508535394932,-2.938845728308089,59.888387058706954,341.701084036694,-6.776229922761085,0.7371795271512351,0.657393639005594,0.15620482753123865,65.49333134048338,-5.643323359318476,-3.0,1.0,left
133.7023557135285,296.6180423099476,-4.570837626650238,109.21810068470768,288.0361298072653,-8.808793483902953,0.9313654949117556,0.32645049546908916,0.1612091464395452,158.74487936345358,9.137529357894813,-6.0,4.0,left
-141.69143554915266,303.6422676398506,173.2311294826786,-132.66516833832384,298.7546781423216,155.33753028792847,-0.43755887787627945,0.23693162700667567,0.8674131844257503,-147.73062038572266,233.68153611992952,18.0,8.0,left
31.089250394795187,386.333414926827,14.118380723702066,18.125101684947794,366.4147792887444,9.5001587597023,0.5354758961941459,0.8227265444097556,0.19075271352895282,2.591523853676311,4.620731236415839,0.0,0.0,left
117.30077821278064,319.4806321824565,-3.761774732462201,94.7820679434347,307.79571733315174,-8.058354561592175,0.8751549453943523,0.4541161946917289,0.16697994870795643,127.64429078301173,3.6956521930896784,-5.0,3.0,left
-81.08179246240007,403.41050686739277,78.26026113272147,-78.99665945032056,383.72192864176077,67.99518498136436,-0.09349717230006376,0.8828340350668261,0.46028506960308657,-118.33540808148001,68.58883859157682,8.0,0.0,left
98.63981664139487,339.8627749983888,-3.2084633589208744,77.94554418741647,325.80205635489665,-7.150644328174291,0.81705760075126,0.5551495982880799,0.15564639595948926,96.61754836134267,-1.1622666568947793,-4.0,2.0,left
148.04211857353042,210.48243539181527,36.56865933100809,123.2038589921257,213.57964747714584,30.8255182683806,0.9671829855172456,-0.12060308902290247,0.2236335561674086,243.7019810973552,74.73833791469471,-6.0,10.0,left
139.08102972078387,283.40122763960824,3.1941613854208564,114.22548482298981,276.4278357919125,-1.1556466044360691,0.9494410117899043,0.2663721209375417,0.16615552449015503,173.53470406393694,21.488897313917647,-6.0,5.0,left
-119.201982896722,379.2958450164806,118.96191905526294,-112.59674223160616,364.45655179178345,104.99069887694748,-0.3082965528621233,0.6926171475092128,0.6521002395870847,-145.27977783748645,123.70058476893726,12.0,2.0,left
66.20708209072697,365.1240120947045,5.738684372443455,49.281895510063954,348.25477391027107,1.5196803280180493,0.6974889720353207,0.6951833319062013,0.17386566345573845,49.65074446775568,1.6378236752465174,-2.0,1.0,left
18.1449557540002,391.49521239503133,22.63222003281934,7.017196569330396,371.20428679175416,17.513728080024563,0.46950161216420555,0.8561132681741506,0.21595904294885845,-13.12913151965748,12.177418792171224,1.0,0.0,left
-66.345487636927,404.51452102449593,71.4151079565489,-66.1881598473876,384.21048135709793,61.62909312854738,-0.006979983689005447,0.9008063109146919,0.43416502627913806,-104.02022638136711,60.8719531837105,7.0,0.0,left
-138.63930223939147,318.83013666351314,168.22623849690086,-130.094933102258,312.1047030681986,150.0446891363747,-0.40332065471756473,0.31746127038605243,0.8582253732459025,-147.4274298150462,215.64394270188518,17.0,7.0,left
-99.92331000795684,393.2248812238581,99.98974396336405,-95.46659619355542,376.0310729795428,87.61090485238007,-0.20585228360781907,0.7941691655340511,0.5717693362260647,-132.11113550029302,96.12912140822033,10.0,1.0,left
-132.93973528171875,296.76451210229044,180.5808419392689,-125.72308037060228,290.8967031694792,161.49305382168234,-0.33987366899618565,0.2763487759254104,0.898953415460222,-134.58240051953732,244.9813731208697,18.0,9.0,left
4.887974318931816,395.8219976590202,31.425325227286734,-4.482208521234966,375.1498736751105,25.394686596130136,0.39900017555334166,0.8802582873071892,0.2567960426786526,-28.614627700489212,20.248831515113622,2.0,0.0,left
150.01531841122437,224.99846150709357,31.234099199425355,124.81752989623244,225.08977238603998,25.548766561163788,0.9754722439508138,-0.0035348827509202613,0.22009408416743306,231.8352522009494,67.42328241399169,-6.0,9.0,left
143.74327584644004,269.7116048461598,10.871198325359284,118.61174771471832,264.17955095309253,6.0543041450566655,0.9599462389577054,0.21130725917371554,0.18399038162754083,188.0561696002747,33.44583346537435,-6.0,6.0,left
-123.53556454032352,369.0111313123384,131.37214580954205,-116.67429575407883,355.86378768227814,116.119200520028,-0.32251936583587193,0.6180012854902476,0.7169767568012428,-145.42427928353,142.78773303868905,13.0,3.0,left
-51.45688974629256,404.50985063931387,63.933970805472214,-53.54090589150657,384.0508605288553,54.89553114831413,0.09277362655986694,0.9107677561225331,0.4023619621962993,-89.17626799595301,52.91995002955707,6.0,0.0,left
87.36968720524936,348.00364697537566,5.600283423533011,68.33163346055086,333.0434874246848,1.2641571466826047,0.7739712247518992,0.6081889023533363,0.1762804649139806,80.73331066431072,6.060021709038889,-3.0,2.0,left
147.4887567057178,255.35609561453256,18.325823664804894,121.96985536707083,251.45103379137447,13.01934027437225,0.9682500284349318,0.14816767270410494,0.20134106188555528,202.64266381242402,45.67533546116628,-6.0,7.0,left
-135.65737545362506,332.8307038199995,161.00977173412372,-127.75133510468856,324.5437288155354,143.84099312661647,-0.3830730122842076,0.4015305181323813,0.831882389684891,-147.27847630182816,197.42108230137285,16.0,6.0,left
-36.985475721249784,403.94452763436243,56.150116322435544,-40.85928207568708,383.3031410977467,47.90134357949877,0.1716839759000554,0.9148096173255511,0.3655789606471191,-74.5096324512895,44.580701345851764,5.0,0.0,left
54.18616336712303,371.9016022813927,14.478870117856157,38.61882121018827,354.0183641757746,9.595401940790566,0.6430806432234721,0.7387493733961736,0.20173410623403817,33.854526062806116,9.086349629239308,-1.0,1.0,left
-22.69065741981725,402.16835178219503,48.23877115558912,-28.644151764937483,381.4211651057186,40.75709136307778,0.2606109749011977,0.908196805569396,0.32750646117991644,-59.35671624990917,36.46675795307739,4.0,0.0,left
124.57714252988788,307.4250123327676,4.739119393096756,101.4666515402869,297.3257000815952,0.051460686675033854,0.9008962116988182,0.3936927238775982,0.18273493074000793,142.49036746580816,16.208781805178063,-5.0,4.0,left
-127.8197870642456,357.9348201184139,142.61799897456223,-120.43183205958883,346.38297381014,126.39636873029617,-0.3478203143762744,0.543853720283572,0.7637042358406217,-145.8258147625507,161.36549461876626,14.0,4.0,left
-8.723706816121592,399.33719678407795,39.91942129520629,-16.233002818915033,378.83786773813085,33.37331844057445,0.3294744284652462,0.8994191624383916,0.2872138075130115,-44.042857492455624,28.322045699168076,3.0,0.0,left
149.7486442024667,240.50622815854018,25.271697057498535,124.44003736593403,238.3617930740466,19.740072798121638,0.9736074148517487,0.08249517298271106,0.21279837447745523,217.0577621962529,57.19299282276587,-6.0,8.0,left
-131.74084572186143,345.90732119995414,152.53045240862622,-124.2138135003357,335.8235920287899,135.5876649475083,-0.3566569486115601,0.47780213648186237,0.8028081585163787,-146.30348687847527,179.38616538027398,15.0,5.0,left
107.07594498060838,328.8631657360937,5.478956802521183,85.69620713203234,316.34622957865315,0.9740967980928419,0.8490572538420592,0.49708726625292543,0.1789022901680529,111.67671807594387,11.036358449749823,-4.0,3.0,left
-84.59503561587276,396.24441884777195,94.0867470675893,-82.13730127506048,378.1941803916006,82.30222343773612,-0.11327930722723943,0.8319526132860194,0.5431598731503274,-117.94682624254003,88.46798479923504,9.0,1.0,left
-103.65097906723602,384.2780346491307,114.40940167413643,-99.06962524927908,368.3613902702589,100.71533989356493,-0.21317716392006766,0.7406249861149825,0.6372049330672028,-131.47667227552301,115.95954592178015,11.0,2.0,left
41.567192680896405,377.70614889414344,23.207891166936022,27.430819263211383,359.1651573589978,17.623235972368995,0.5896332603019362,0.7733514788468856,0.23293799284583033,18.07107493390647,16.642684293598876,0.0,1.0,left
130.95305094678764,294.68234883492846,12.66515949483167,107.28174561913359,286.35276466590096,7.493568492408893,0.9238867260215103,0.32510214965006706,0.20184625281178784,157.07972557931703,28.10922577301551,-5.0,5.0,left
75.89376647114351,355.4555700449081,14.514463821968178,58.168914452960365,339.7802761583181,9.709067571132634,0.73410281369184,0.6492171181901778,0.19902309508839494,64.9883206074651,13.533281694451967,-2.0,2.0,left
-122.9754529642629,288.5399410218509,188.10085021325605,-118.16403483980254,283.5184757934417,168.55458817696143,-0.2319136249744268,0.2420380381998129,0.9421431200277414,-119.05687448770098,255.0179125882767,18.0,10.0,left
-69.60410852698183,397.93841759351653,87.46310174636619,-69.2739197883495,379.0480303440107,76.15490213424691,-0.014995709100773302,0.857917666023058,0.5135683080507535,-103.76552708844896,80.4781686970424,8.0,1.0,left
28.839951496001348,383.0385027420415,31.72355979435698,16.134877599243822,363.9146878076647,25.387549954623907,0.5334292713542216,0.802923520858943,0.26602073624810296,2.4137101699434282,24.116258779408913,1.0,1.0,left
-128.9905642595303,312.0355010062033,176.59760641370235,-121.76965517746274,305.77678934305845,157.79412413779679,-0.3423485636528298,0.29673008257588246,0.8914868025155248,-133.00477812904074,227.38881541002792,17.0,8.0,left
146.0046166658254,220.34656669921563,46.89963297953044,121.49982825461339,220.78720868202498,39.306117287526305,0.9550491800479304,-0.017173572663219432,0.29594954315179667,229.13012120033173,84.94245688194188,-5.0,10.0,left
-108.01797405176313,374.72237437257735,127.842674137741,-103.0682965535691,360.1689500868366,112.89727017282678,-0.23086359011037438,0.6788029685230019,0.6970857427072437,-131.4519729223278,135.28133813460013,12.0,3.0,left
96.0741525541006,337.41145909188964,14.476336937196304,76.2027271814762,323.8212346776916,9.097480479834875,0.8055616539244799,0.5509299635540106,0.2180518217874668,95.65647470780891,18.327515185534686,-3.0,3.0,left
114.84201065161909,317.1947712915829,13.93406367715107,92.63388572148389,305.9734149744989,8.625563098985715,0.8728892515226909,0.44105485481116075,0.2086503525605986,126.47734779549315,23.211827776575856,-4.0,4.0,left
136.18700290939628,281.2789928717914,20.337724103512095,112.3500542705946,274.29696336586983,14.73292225164084,0.9361418548530422,0.2742033030885727,0.220115824437095,171.5500735059593,40.314428666411246,-5.0,6.0,left
15.59486559637402,387.783223198152,40.24098861499186,4.739214770611975,368.3384679150828,33.32012490001803,0.46549978695815947,0.8338080864061738,0.2967726796482164,-13.36012966247038,31.77982626063338,2.0,1.0,left
63.76399666062574,362.3270890958856,23.32484347260781,47.30826510344497,345.7909246739183,17.616678869636615,0.6851685556306857,0.6885175449843041,0.2376712869148206,49.03625858097703,20.991298062507607,-1.0,2.0,left
-54.93716534348804,398.8230926490438,80.37770605319227,-56.227747828408816,379.3176748219187,69.77061497922745,0.05802863188172378,0.8770246954490002,0.47692804641216485,-89.41962282189732,72.39021387878786,7.0,1.0,left
-88.21329179260442,387.8708857389656,109.0845089518206,-85.7907628534715,371.2502027187363,95.75276442118538,-0.11296927179654326,0.7750687421007756,0.6216963797932881,-117.36955154877087,108.27212023493786,10.0,2.0,left
140.6347652625161,267.1475128759994,27.872651611242837,116.2101929079451,261.67580944451646,21.563912535779373,0.9462202480305675,0.2119765498010257,0.24440373268717638,185.81646583976865,52.17815070559641,-5.0,7.0,left
-125.17922217065026,326.887550984722,169.68883965655874,-118.657743765249,319.0649329854696,151.81103223530346,-0.3169581364437915,0.38019637097949294,0.8689006037724353,-132.87509334950147,208.6617569180489,16.0,7.0,left
145.9022483855078,236.90416289515275,41.491639609735174,121.10291949834499,234.76204120655757,34.38724184901088,0.9580331404995497,0.08275318973326572,0.27445293092539585,214.13395981903184,75.18677482085484,-5.0,9.0,left
2.1569208688499373,391.5646707502702,48.90487474432064,-6.769163522766986,371.9683151675099,41.27810254529666,0.390736580459507,0.8578243980157223,0.3338595915347869,-28.834291175844726,39.879194295269166,3.0,1.0,left
-114.86243189573514,278.6928286305846,194.39695469899914,-110.87296005464432,275.8681189665706,173.41205396673053,-0.1851545274418365,0.1310969982577686,0.9739257559052398,-104.91486032067859,263.84088610757135,18.0,11.0,left
143.85174464086828,252.3662404925289,35.08571775131261,119.20483398078322,248.55264991042154,28.169673267166836,0.9523031427474309,0.14734886439030556,0.26722095066864354,199.81172983008184,64.2255544046062,-5.0,8.0,left
-40.17117421440475,398.4141980867156,72.79123075233548,-43.480097866232676,378.79383262587396,63.0831342188459,0.14945831866269846,0.886217737814873,0.43849781318132947,-74.56854884212996,64.0549700109351,6.0,1.0,left
-25.761895107617228,397.07944651601906,65.2791954432281,-31.20318716934386,377.20414481872785,56.00242427427071,0.2407807492565433,0.8794951603562812,0.4105032200815688,-59.55876717414098,56.0456801946116,5.0,1.0,left
-112.51085847417096,364.2068190209394,140.1255073030856,-106.96428944320384,351.5275396583429,124.39901772461025,-0.2647682242008137,0.6052516902318892,0.7507117815280301,-131.58769887231347,154.1904940971739,13.0,4.0,left
-11.676893275258589,394.81648821324745,57.11416923905274,-18.956665009861528,375.04973082273386,48.923973651425186,0.3221014718862552,0.8746018257192251,0.3623841721947944,-44.349942250653,47.79414569699378,4.0,1.0,left
-116.8519436355972,352.7265774855058,151.17994326756093,-111.04028712388225,341.64063118587103,134.53266720673514,-0.2790310174847493,0.5322618206242857,0.799274074136742,-131.74320852275918,172.61875232443808,14.0,5.0,left
-121.30276522030822,340.400934988636,161.09996457637726,-114.9956196654064,330.949958247097,143.83897287431952,-0.30520884156114286,0.45734185738976707,0.8352759954124045,-132.42668400673043,190.56203210652336,15.0,6.0,left
51.32185237656742,368.4462581560317,31.86694300612561,36.420403212697494,351.2272950790749,25.506005831537678,0.6302599746799961,0.7282797205530444,0.26903719621559824,33.20659983531298,28.377442896017968,0.0,2.0,left
141.34266800874911,213.9327036740013,60.09379641692091,117.21010613684932,215.0502648797913,51.940901811307356,0.9464847492206464,-0.043831013185241456,0.31975844285317184,228.32621889488416,99.92888166096168,-4.0,11.0,left
84.91077535667588,345.1596650067812,23.24297402973904,66.32475356159051,330.61657529427987,17.393941026604807,0.7644279319408843,0.5981454296958703,0.24056596143786804,79.9672098535246,25.49665585838893,-2.0,3.0,left
121.81842725558403,304.88029357678147,22.06357218955148,99.26017905611282,295.22244171566257,16.056299082469415,0.8929244685930479,0.3822873196794653,0.23778624560750683,141.06415537885252,35.38893931520526,-4.0,5.0,left
-73.36519704481086,390.32714912290794,103.11892028285384,-72.33027265296899,372.8236363016845,90.25250114945582,-0.04758643909352488,0.8048219303320366,0.5916056044959452,-103.53710948312892,100.26192988803682,9.0,2.0,left
-119.44032877375598,304.08051924286946,183.98913240767797,-114.13898849134833,298.54923855716265,164.8112957645357,-0.2567035772160511,0.26783784155846124,0.9286367234143756,-118.52180563340681,237.69194538202748,17.0,9.0,left
104.40734799564888,326.1622289761429,22.9507121645667,83.81681919555189,313.9108323471586,16.860540401729907,0.8328967748521525,0.4955748751662706,0.2463503715134562,110.55234910605918,30.36724749376637,-3.0,4.0,left
-92.43666621301053,378.81373803700774,123.1394424012156,-89.46208613841134,363.63317888881977,108.72969087175944,-0.1407024984277627,0.718065254964866,0.6816047949863818,-117.27685997921655,127.60571331793084,11.0,3.0,left
38.810098017537,373.8470805697126,40.57491468226162,25.193415530012135,355.97312551655926,33.24002590545142,0.5760825666158871,0.7561954912315256,0.310317990909911,17.64678910752875,35.98929329143194,1.0,2.0,left
-106.31094357642573,269.8115197885838,198.38584875345987,-103.26370120249541,267.0633232595424,178.12044671569396,-0.14737585839825174,0.1329129005226379,0.9801094414584719,-91.25070772698379,269.81591746879616,18.0,12.0,left
25.91731085682951,378.873152984871,48.9434402435639,13.413164254167281,360.4702358478181,40.80866452729799,0.5278334651762306,0.7768363432122231,0.34339063601780734,1.9859442447605566,43.40434966841679,2.0,2.0,left
-58.53830230633437,391.7584722613709,96.36153372299327,-59.42736168968804,373.43305784913525,84.04395965777482,0.04023206701120691,0.8292689042436163,0.557399735592508,-89.33909972136274,92.01804866102547,8.0,2.0,left
127.78989926685071,291.6779950836653,29.784693988666298,104.91990534634688,283.52002295065773,23.2271319451489,0.9092946380752595,0.32435515041657387,0.2607239873234234,155.48217921771197,47.18921486194841,-4.0,6.0,left
72.96700821925822,352.2025750962335,31.89645872426984,55.81513102327989,337.1630109468584,25.477408866224163,0.7237790427868036,0.6346431483614966,0.2708726111300767,64.06462637938326,32.78677386440792,-1.0,3.0,left
141.6144905671307,232.01911510700336,56.76352991826166,117.34283065829288,230.21347547082885,47.770316889177316,0.935428832953267,0.06958928165378013,0.3465980818738035,211.68509664207303,92.76234982408428,-4.0,10.0,left
-96.87802334618527,368.79988081382567,136.22307878051436,-93.45771925128167,355.11027152085666,120.81831255518597,-0.1637257628801109,0.655304809990931,0.7374072691342793,-117.14745219915929,146.67343870175043,12.0,4.0,left
12.545769945261863,382.9173837607157,57.636288455362596,1.8712726683146244,364.483122786702,48.61958974600735,0.46146955370452947,0.7969321611915562,0.38980120762036885,-13.64188705222297,51.414535445928806,3.0,2.0,left
93.23231882940573,334.2338730194142,31.613301683270688,73.77944571795958,320.9292481373832,24.952283749816097,0.7942949460955372,0.543251181609571,0.2719810513379427,94.64392496572215,37.38082522467704,-2.0,4.0,left
132.74682979098571,278.05960444530433,37.313608646773915,109.31990718889895,271.21103333246833,30.129454789638814,0.9207685243481192,0.26917529137597673,0.2823649891230232,169.53318841275396,59.2733557588993,-4.0,7.0,left
-114.89612287760488,319.390899889706,177.7095572832614,-109.9389059368023,312.2438917285343,159.02247595022936,-0.240499749051981,0.34673763318414874,0.9066051425178377,-117.67876596535612,219.48054062708275,16.0,8.0,left
-77.25070263777101,381.76049587052574,117.68035006089426,-76.04957578224254,365.56453722366973,103.5454421164201,-0.055788129493003734,0.7522454719044613,0.656516895903606,-103.27195353253781,119.53840087222353,10.0,3.0,left
111.63042242917362,314.0239479281679,31.252075863888056,90.5134721031627,303.3854347888349,24.209029919938555,0.8559071927403182,0.43119767653199603,0.28546705793978405,125.06452891764152,42.536872701639524,-3.0,5.0,left
-43.64314992894437,391.9645634148498,89.10425250902836,-46.55664739084118,373.59380398980716,77.66702835300771,0.13343018757373734,0.8413303625669197,0.523793476541139,-74.58609944845946,83.57896134242664,7.0,2.0,left
-29.23779532728041,391.11449337368043,81.57180606120578,-34.15030690381861,372.19117979501345,70.67166855927309,0.2194666037942315,0.8453996085175458,0.48696397375720335,-59.80744072033479,75.22859662697465,6.0,2.0,left
60.70273907232469,358.6147353157759,40.5311961699786,44.78595122669259,342.81016485913426,33.18987041286384,0.6744016304826995,0.6696469280365986,0.3110553529091293,48.19611941127524,40.15199939227403,0.0,3.0,left
-1.0603712129409195,386.5410394431933,65.87763492623179,-9.847321263138369,367.6830997836656,56.54118815301777,0.38533265094835717,0.8269740739298591,0.4094296388403793,-29.220241584534627,59.20717017588895,4.0,2.0,left
136.58692912553332,263.5799568840292,44.60400938197662,112.92373146900468,258.3389842686512,36.68537496658765,0.9280616758754126,0.20554896676455225,0.31056585136383835,183.18423747472363,71.03162865199218,-4.0,8.0,left
139.88752153056137,248.19212821818923,51.27157327713872,116.09645216862589,244.59696371313817,42.72105827080229,0.9316933920629868,0.14079194851554877,0.3348507882913828,197.24319392790474,82.57093962281058,-4.0,9.0,left
-15.045210625820168,389.3027400429138,73.9562510543976,-21.766450354120742,370.3238250162409,63.75252659984227,0.29777034065115265,0.840820774311316,0.4520544764904063,-44.70580609245077,67.21175285325528,5.0,2.0,left
-101.54026663179967,357.9786271257577,148.27317818093644,-97.58536587363672,345.8778054849182,131.98047129667017,-0.19127386505749208,0.585241215177757,0.7879765406426963,-117.15384315970326,165.30560214421533,13.0,5.0,left
135.6660679136254,210.0301671079925,74.76766518800535,113.29263382650957,212.1735934415085,65.36962152444049,0.9183889676013987,-0.08798377083744209,0.38577267951121386,221.75405284959288,115.82071334159461,-3.0,12.0,left
-110.45431407320254,295.42559200350524,190.55150249301417,-106.33708165181108,290.844962525786,171.09636461964186,-0.20175818761381337,0.2244661964559937,0.9533669599788784,-104.34594455265464,246.5177013632292,17.0,10.0,left
-110.62649719410491,333.4117041850097,169.19668340473467,-105.97929734360957,324.7087159812763,151.43314336734468,-0.22870647841691244,0.42830733512948194,0.8742117440325405,-117.53748181346282,201.5353727087303,15.0,7.0,left
-106.13458662938572,346.06268526072256,159.3047659085205,-101.90475189148815,335.88598967718406,142.23879108958266,-0.20821115405565171,0.5009419192993809,0.8400626814800584,-117.19877598064657,183.73094276603268,14.0,6.0,left
48.14566991195245,364.2527952177453,48.982062596077554,33.6533233750628,347.6830554540108,40.85081797851076,0.6175620091196826,0.7060859159719173,0.3464965283493613,32.472183163326356,47.55185076567575,1.0,3.0,left
-62.262154965555865,383.62536153674256,111.50327547778821,-62.83537543340252,366.8155081644061,97.68800989266612,0.026335519597357707,0.7722966079332432,0.6347159914342348,-89.02312085170087,111.38493573611558,9.0,3.0,left
118.33419682001465,301.3743351028578,39.08259119177946,96.4587474487654,291.8743732277736,31.58785397962542,0.8750490244493855,0.3800119590697137,0.29980012637451786,139.52051257705207,54.5014544635882,-3.0,6.0,left
81.65846264575728,341.5257758554127,40.350802446727855,63.475089176530616,327.63166858499073,33.146042317964316,0.7579104463913597,0.5791273583725605,0.3003052747376739,78.86219728279697,44.61333884599979,-1.0,4.0,left
35.40596914831403,369.34452830381474,57.40329445254593,22.072417741825305,352.11497584444976,48.42891500346611,0.5658856946525049,0.7312348349498803,0.38087924168097315,16.861612861820483,54.97240463486355,2.0,3.0,left
136.6421531518323,226.38958047979474,70.99467134256946,113.36405278940836,225.01664478906378,61.076906897635354,0.9186296646521198,0.054180514454736484,0.39138729038454223,209.518721112696,109.6598590186981,-3.0,11.0,left
-81.71208239321673,372.39870327988103,131.26639076069398,-79.87347790604456,357.76712844647096,116.26339143243322,-0.08739879733798199,0.6955177432246593,0.7131735546720386,-103.32573756822515,138.3852567868244,11.0,4.0,left
-101.5855226891297,285.6440920808029,196.21960099245456,-98.91816334413424,281.6943668423338,175.96699512483463,-0.12820240488736648,0.1898372917642745,0.9734094441891867,-88.81574089431611,254.7742979804433,17.0,11.0,left
100.90757011272314,322.39987766816216,40.23745667894879,80.85053115662438,310.7120082612148,32.430871725849414,0.8189385685433499,0.47722134171438235,0.3187466265931193,109.19600452608766,49.75792845222021,-2.0,5.0,left
-47.516537215315665,384.3709258838684,104.82465333924164,-50.14546193026051,367.11911365310823,91.53406110417325,0.11984671094472368,0.7864709635612136,0.6058879346470172,-74.6082361973959,103.03294113308284,8.0,3.0,left
-105.65419934540073,310.8224399761107,184.7801963555762,-101.81711113944083,304.54025365428447,165.670561050694,-0.18737192357426172,0.3067704655692225,0.9331578878788538,-103.45506098343529,229.17404745070218,16.0,9.0,left
-89.03356792379176,262.00615296526263,204.31511391123178,-87.60152824664718,260.98161782094894,182.83079609331747,-0.0664323750622995,0.047528224292826014,0.9966583203079945,-61.60966825952926,270.86161289491906,17.0,13.0,left
22.368083172569285,373.61835772105354,65.98994921322873,10.362862116843392,356.2742869462911,56.12227857269093,0.5155195440586399,0.7447765781590333,0.4237303957934732,1.3467143584883186,62.767185659569925,3.0,3.0,left
124.06692531269255,287.74816790362695,46.8398108259733,101.88600325160486,279.6932199253657,38.55436938120524,0.8868651649354283,0.32206293082013715,0.33127880677097216,153.6773780252543,66.48785581679012,-3.0,7.0,left
69.46137399446363,348.13101899517926,49.01408462304498,52.568165067801495,333.5714890366871,40.83688926971516,0.7111893464871334,0.612943499443583,0.34425278493144934,62.91634053246713,51.97367971586995,0.0,4.0,left
135.40601703333763,243.01515394589913,66.46315403134338,112.08022524915745,239.4575392322659,56.2747845710295,0.9075757222214695,0.1384220854316815,0.39641598693660474,194.96047213116177,100.42677899486823,-3.0,10.0,left
-93.98883408097346,274.2774632390891,201.5992879825371,-91.76329207784248,271.76307757243325,180.51790127502625,-0.10425484881573611,0.11778564375458953,0.9875512486062307,-74.19742068224879,262.77653278136546,17.0,12.0,left
-32.97454526716128,384.1350783333423,97.56451972628366,-37.63784632785996,366.45086690167386,84.96262384597392,0.2099637320131518,0.7962263172745782,0.5673965834568202,-59.929402097973835,94.52444774387742,7.0,3.0,left
-81.34467065441001,251.89697127794426,206.1974394393169,-80.48801856429309,251.30900139773505,185.31783138225637,-0.040977464293844745,0.02812520397731215,0.9987641464936962,-44.48674860696215,276.4991476858869,17.0,14.0,left
-86.23801606030364,361.97372518069017,144.15299744905752,-84.03360225331664,348.97275666011893,128.11520138973208,-0.10617111176845276,0.6261652315552975,0.7724278592963563,-102.91864142400534,157.25709990437022,12.0,5.0,left
8.898835981821403,377.4536005737698,74.21370994308253,-1.2235099123151998,359.7413562877673,63.94343929448316,0.4431857253916801,0.7754935381879887,0.44966230110798155,-14.301981116995531,70.44158670122773,4.0,3.0,left
-18.664879571448296,382.8118962260778,89.88436343968625,-25.230871066333236,365.0031574289078,78.1044032436728,0.29392505205227887,0.79720396866511,0.5273271243930693,-44.938358247397474,86.13778660253985,6.0,3.0,left
-66.5664379500056,374.62456382276343,125.75976102220598,-66.58091684797154,359.0978532183883,110.78389221361003,0.0006711862271348178,0.7197588058757611,0.6942238910274892,-88.94460367342953,130.41089339210296,10.0,4.0,left
132.4018336303143,258.7681020060943,60.579777961440726,109.38824467358708,253.58894136793833,51.16231332719853,0.9060625234797611,0.2039074985713132,0.3707727546245508,181.05899271619163,89.51999312038446,-3.0,9.0,left
-4.706501815377033,380.4503243454584,82.41027091641072,-12.972163338906938,362.5304350315042,71.34112651889939,0.3653049447254599,0.791978253245093,0.48920623845774913,-29.645121384720596,78.43715723990648,5.0,3.0,left
108.01554734020317,309.9270322152066,48.06073914345673,86.87626797261802,299.4952511656032,39.7940555131254,0.8462286137390724,0.4175956740498804,0.330924441986496,123.76104922410057,61.57276364420892,-2.0,6.0,left
128.50611650748408,273.83802551130486,54.25409429009887,106.10989359105227,267.0956613889464,45.435535177612465,0.8959799115424578,0.2697340007946418,0.3527939440065343,167.0982373526242,78.58630788725822,-3.0,8.0,left
-91.06513304014894,350.5714078316903,156.16910880900883,-88.60825863953643,339.3669196695959,139.01779539426025,-0.1190716891040116,0.5430221954666774,0.8312333174773899,-102.67032132796963,175.97126102872375,13.0,6.0,left
89.52041480597407,330.04671675035695,48.69008171056841,70.63569247604649,317.37237734178063,40.46612168800377,0.7808504886030908,0.524061934668974,0.3400464719407134,93.3778439073426,56.659662582646504,-1.0,5.0,left
-100.47477607848374,325.193721582803,176.7330145072216,-97.4194413716925,317.26928183907575,158.27484358766486,-0.15037307161741348,0.39001368408596865,0.9084477230738345,-102.40434139665581,211.67871671399976,15.0,8.0,left
130.72194374829593,219.66936821057746,85.05756019921567,108.35251879640455,219.30740672816847,74.31330228128799,0.9013181530118883,0.014584302255777408,0.4329120986747197,207.184660205449,126.92605386415413,-2.0,12.0,left
-95.50685321737168,338.1501972738861,167.13605197517114,-93.165088748556,328.8536953453017,149.17342729740147,-0.11501303279605761,0.45658685808894983,0.8822133774249369,-102.0907024543132,194.3087860691188,14.0,7.0,left
57.1373568665054,353.96536887776455,57.62973207160769,41.6767769684531,338.8001878485243,48.57080423825312,0.6585971777279168,0.6460136354166656,0.3858965409854907,47.255916082100335,59.43851679728099,1.0,4.0,left
-96.6651976364974,301.4837128201275,191.08192773209242,-94.1102155288263,295.82763189355376,171.289113496004,-0.12317284360943473,0.272673366016721,0.9541895440960757,-88.87281928714778,237.98180550358046,16.0,10.0,left
-51.66536794481836,375.7534262741035,119.60351164861846,-53.76654084749734,359.95670146143095,105.03079050694542,0.0973020070878483,0.7315214410616664,0.674839759264182,-74.463502443486,122.11048397479607,9.0,4.0,left
44.397716029792306,359.0964552575539,65.88099084372328,30.238004968300146,343.3343524515798,56.078588727188894,0.6065195850256211,0.6751567183464231,0.41987783777193693,31.63586421096896,66.78072172600858,2.0,4.0,left
-71.21521429655769,364.73465731045764,139.0430013971664,-70.6803705912659,350.8268786885191,123.17806120353835,-0.025342388549241854,0.6589893948582938,0.7517251763822462,-88.82274423066387,149.06263040178428,11.0,5.0,left
114.3253068546313,296.755121972487,55.977399198983015,92.7729309249335,287.6118432538613,46.77473804497683,0.8567698482396925,0.3634720156015766,0.36583264072778043,137.94539162702327,73.84324129225526,-2.0,7.0,left
77.6982297866333,336.9012587845589,57.386257890623455,59.98592951227719,323.44924573644994,48.25593257771422,0.7367058406215702,0.5595081625285784,0.37975665953075755,77.57603131406195,63.91637363432446,0.0,5.0,left
123.29570042177886,213.24292018347654,97.02084443935355,101.76470655628066,214.697129072842,85.22866882711094,0.8755375259876554,-0.05913403074739199,0.4795176816291368,203.25262336046225,142.9948714384994,-1.0,13.0,left
96.87821925720951,317.7536371559497,56.936157560962286,77.10134162900371,306.43240071585524,47.6387738931827,0.8035553725082784,0.45999376321669333,0.3777624929963624,107.90365930848812,68.86380751377563,-1.0,6.0,left
129.78878280907958,237.1386497135844,80.87022045688298,107.5575704755147,233.93786504368478,69.73521503370921,0.8867971064816494,0.12767844331423636,0.44417238438316636,192.5480454276532,118.20121703790812,-2.0,11.0,left
31.521103575292685,363.6226182932672,74.02728714190152,18.64446095340646,347.6350500508987,63.56054626083768,0.5588182006560258,0.6938255864056166,0.4542337220687868,16.11552225594554,74.08656458496206,3.0,4.0,left
-37.10399630410251,375.89565107814735,112.97832271282502,-41.28972850411951,359.714115440614,98.70760636270077,0.1904542957654845,0.7362733273375645,0.6493294608099535,-59.86723815964966,113.82013206492664,8.0,4.0,left
127.24784384571242,253.18354354521955,75.821722263179,104.85037308374754,248.06064002000096,64.75536857310624,0.8782612661737085,0.2008819560191056,0.43393961340823967,178.69778991016332,107.88016775450171,-2.0,10.0,left
-91.18532736062596,316.09316176378303,183.41595599709444,-89.50351648696422,308.75219529365427,164.1414852427892,-0.08127217977543623,0.35474639629767823,0.9314235487190345,-87.8051473696959,221.06186954077688,15.0,9.0,left
-76.04676040922068,353.87132971872484,151.74762527972575,-75.29933676496177,341.5968479829292,134.8472672947431,-0.03576051970652602,0.5872731607728736,0.8085984292998334,-88.39433068682166,167.78662032394166,12.0,6.0,left
18.35428991763149,367.6159671578987,82.22146989374484,7.128743177323392,351.21065268360303,71.04618246399312,0.49225655865390894,0.7193969107762408,0.49005261475459183,0.5998402975014834,81.63266110817968,4.0,4.0,left
119.47912611718542,283.0385336063671,63.35329301482093,97.91101398212011,275.12386121390944,53.474449876823996,0.8624367955650892,0.3164813245291477,0.395021954933769,151.475829617133,85.59665483465716,-2.0,8.0,left
-22.915274133596135,375.2551623149251,105.42890239016444,-28.909357116878013,358.7860790277348,92.15508793296641,0.27264035848835233,0.7490948630370242,0.6037583300418179,-45.26725721842189,105.14690732388762,7.0,4.0,left
-62.48699728744643,242.05373014946682,207.74413406708376,-62.345895402184155,243.68382088551812,185.9072966712928,-0.0064435823428515195,-0.07443999677638881,0.997204676646937,-9.22614034839836,279.01690053831106,16.0,15.0,left
-88.0428913687652,291.0248623792653,196.45870407466492,-86.61239182076159,286.32741531998875,176.28883434483137,-0.06890985649958566,0.2262848689612667,0.9716205996974275,-73.41159830474274,246.02710319321812,16.0,11.0,left
4.863006348678903,370.90449052093453,90.15340182984893,-4.620311034330269,354.24599646094873,78.2948401505703,0.4207275785607413,0.7390544453234755,0.5261053425750639,-14.87966295481795,89.25135042192082,5.0,4.0,left
65.4567266682499,343.00301022941267,65.76868610589749,49.19204699557436,328.94894838836535,55.893805833588374,0.687572363005942,0.5941208006767309,0.4174502603109325,61.87178955183805,71.12728059969899,1.0,5.0,left
123.90618102764552,268.46038328657517,69.85321039920957,101.67760264350332,261.9447112227975,59.570973553244585,0.8770952508841295,0.25709538975892277,0.40571650378215257,165.26275049707886,97.02960567307389,-2.0,9.0,left
-85.78592686703219,329.4149604006342,174.04693460490495,-84.86224747229102,320.7725013431541,155.44755095725532,-0.04499161233494115,0.420966592681981,0.9059596473713526,-87.26414139095124,203.94288439877133,14.0,8.0,left
-8.84982555528289,373.4616114569501,97.9354379965994,-16.548992869689446,356.795438772877,85.45697635178539,0.34684083516345254,0.7507966792598261,0.5621439152704016,-30.12471047761499,97.10782557298167,6.0,4.0,left
-80.99286877675904,342.0939930762016,163.54008468418428,-79.96317877999607,331.8536069042585,145.65975396416502,-0.049910205642020214,0.4963627706417682,0.8666792782186491,-87.92691088537595,186.2198486732476,13.0,7.0,left
-68.38549899034521,254.23913100619978,207.3388778251439,-68.47259569570996,254.30712183203298,185.2570847726873,0.00394422748287787,-0.0030790060624198328,0.9999874813172567,-26.966478969977494,270.9997316109604,16.0,14.0,left
-56.21030499119598,366.2828328185204,133.50758056533317,-57.67791704517387,352.0248768903257,118.07074447082607,0.06967025827548265,0.6768515353259286,0.7328151569384743,-74.28478879834137,140.83750095925794,10.0,5.0,left
-80.70412065197382,279.6076555236092,200.88392066724498,-80.04136934131628,276.0599715976517,180.3357519034583,-0.03176727320947261,0.17004907078181591,0.9849234253885302,-59.09775655456134,253.79892823593087,16.0,12.0,left
-74.21150938411971,267.7563058289202,204.34204031805,-74.14562810845462,265.1905118479452,183.299484954758,-0.0031078259461050895,0.12103653163867858,0.9926431883747392,-43.91937729263678,261.8277755027484,16.0,13.0,left
85.40158917968552,325.0594444428416,65.29491697801313,66.94272237277326,312.85405476392657,55.42438698878334,0.7617954854966742,0.5037151442386139,0.407355731200089,92.17436262944334,75.72797418643336,0.0,6.0,left
123.61156916575979,230.30412367345315,94.03626108500173,101.94869142118432,228.1203758469597,82.31904254105379,0.8761408864399179,0.08832024900035819,0.4738952212512693,190.63390389582364,135.4398492199348,-1.0,12.0,left
52.82762998430101,348.3118439379456,73.98740352103216,37.97427799523369,333.8620990063447,63.44308861043331,0.6388318262065023,0.621472981295206,0.453503287028566,46.253055274850055,78.38292729131119,2.0,5.0,left
103.57906161750485,304.88911408322065,64.54438243852624,83.38355611452235,294.8925617429197,54.90232568385831,0.823957236334391,0.4078497385455405,0.39338665897628866,122.22740186026728,80.68936148579473,-1.0,7.0,left
-82.44268418046457,306.2547587931473,189.41142193180397,-81.78967355471954,299.6818008306595,169.60595267219657,-0.0312775972805862,0.3148284637150593,0.9486330957452249,-73.32788744548705,229.43696695148276,15.0,10.0,left
40.13820218917306,352.8763069419771,82.18007833914838,26.557017492349452,338.0828744136545,70.7475451739556,0.5877169704848091,0.6401762101542307,0.4947354672516663,30.874498358702862,85.76793138196848,3.0,5.0,left
-61.21361013775781,355.999208052518,146.57960844525914,-62.06875824955814,343.09200665204526,129.98251431834723,0.040638916037797713,0.6133845900594512,0.7887381207858994,-74.22707260938319,159.2978459384413,11.0,6.0,left
-41.69044707014294,367.1026969163091,127.3090790981566,-45.05757759700178,352.4659037853004,112.298060885565,0.1585688705249243,0.6892930750315177,0.7069165226630684,-59.96408001580872,132.367112267742,9.0,5.0,left
109.32405945231025,291.4176742918323,72.02557959828188,88.76269380053003,282.6400458025438,61.36378868176399,0.8301338140652605,0.35438337801410086,0.43045356559422115,136.02505316508527,92.78311866584974,-1.0,8.0,left
117.01980228486556,222.08906492038193,106.71250146324833,96.25873588436285,221.3385083823779,93.71444438547032,0.8471895764250579,0.030627698175431213,0.5304071697302042,189.58888713191934,152.90555715244002,0.0,13.0,left
73.2921877951871,331.3918951809236,73.7014514962373,56.31697511441125,318.5737294210187,62.88546642906966,0.7113574782937635,0.5371536865422448,0.45325098467583474,76.4525434634275,82.87334337009162,1.0,6.0,left
26.99660511576294,357.143257128187,89.96782226767608,15.027200623765587,341.90751954526576,77.92865705424384,0.5247236904392275,0.6679156391129694,0.5277819130286213,15.225504757737124,92.83458783497969,4.0,5.0,left
121.83032463345876,246.71683013710827,89.86836059486194,100.16985905441736,242.2550863771191,78.34191041712224,0.8685460534787489,0.1789079703864575,0.4621901027917933,177.08613379965712,125.57978664899026,-1.0,11.0,left
-27.43854748771473,366.70193687873865,120.39801118160645,-32.79711192138383,351.64568572745964,105.77094306000427,0.24734165066310537,0.6949693446171213,0.6751590315545658,-45.327269954158865,124.0137472282696,8.0,5.0,left
118.43566784760023,262.4837456494413,84.84133613065521,96.76931188189837,256.20746608780945,73.14851696003865,0.8527519453326199,0.24702398567185815,0.4602100283937997,163.12066739479522,115.44046428284874,-1.0,10.0,left
-76.72544588287303,319.89811573641816,180.43137941626188,-76.85907298605719,311.9247068857409,161.21723178503822,0.006423366189261695,0.38327647314197016,0.923611328158469,-72.78402823566289,212.76296062286116,14.0,9.0,left
114.27189557523961,277.3269303806336,78.78179556492951,93.09374383307042,269.74631220913244,67.52331946850155,0.8419334329850529,0.30136604737666894,0.4475785963499222,149.54829100915276,104.19786820048546,-1.0,9.0,left
13.82623790078052,360.6111224707287,97.86862986394341,3.380543993048243,345.18910591905615,85.02667718480912,0.4616988440822823,0.6816519111338606,0.567613292145841,-0.10896305379079507,100.29202471526801,5.0,5.0,left
92.30221512845992,312.37298977319756,73.049824649908,73.25804394246644,301.4193524676032,62.47958753306219,0.7811337489112303,0.44928475433080367,0.4335588493362767,106.51417475070511,87.72555467503301,0.0,7.0,left
0.4189953417218035,363.36986515764863,105.54092456223486,-8.479207873265988,347.80477719443627,92.1395028435319,0.39752332407299584,0.6953634747521603,0.5987026347015331,-15.25320589053399,107.91446412461141,6.0,5.0,left
-66.07448932070206,344.83165626812877,158.9477524449273,-66.89567150374108,333.59336900180546,141.42540474651443,0.03941772872773139,0.5394512545180206,0.8410936848299844,-73.52657547615134,177.59421791033924,12.0,7.0,left
-42.71709815356992,234.83651402628072,206.31536338304392,-44.28222730519556,236.1726066997836,185.32807103489796,0.07421915807832645,-0.06335814091700177,0.9952272416657845,26.359146982005768,280.02342167702716,15.0,16.0,left
109.58884993586958,215.1821474950972,117.48184224470975,89.21990321983311,215.89682783116257,103.93671656435863,0.8323393212460021,-0.029204089642994313,0.553496499949068,186.62739637478347,168.73666004579337,1.0,14.0,left
-71.29728591004792,332.6446460605778,170.23854037573514,-71.70404450899102,323.2647905565897,151.7310090586953,0.019600244066670252,0.45198173478315595,0.8918118309682463,-72.8281974969816,195.5378650545833,13.0,8.0,left
-13.376355268167497,365.6246822241627,112.97424489188384,-20.307717865111577,350.2932020826622,99.19356263430488,0.3187026148874557,0.7049382776981745,0.6336329125762246,-30.478875019090456,115.6591960507225,7.0,5.0,left
-48.9121188138018,245.2076190701816,206.83259465401804,-50.625092348126,246.17870892169634,184.87564825496264,0.07770327344597948,-0.04405021955148526,0.9960029013277247,7.173905070873005,273.08465732143947,15.0,15.0,left
60.71935038640113,336.8790636542344,81.8749263390316,45.15921167136073,323.7238987590615,70.4567843984832,0.666186897050147,0.5632211024717398,0.48885274667246675,60.794593059308724,90.06789059062943,2.0,6.0,left
-74.04203997240175,295.47503093790675,194.6489831446091,-74.21656098781105,289.9044811563956,174.8579579606625,0.008488049338427893,0.2709307029686031,0.9625614303551576,-57.82093624179309,237.44483461632976,15.0,11.0,left
-46.51125163677215,357.2515816613943,140.845374230833,-49.321017187160706,344.0364145057447,124.77612995358854,0.13383538379748153,0.6294678102162855,0.7654138527262851,-59.79736520121915,150.76925817302083,10.0,6.0,left
98.55974083686645,299.0827210342953,80.15325204854992,79.13563911538836,289.50897809867774,69.22697936767004,0.800807877758884,0.3947018437410436,0.45046331422961977,120.71992610769044,99.3652963323349,0.0,8.0,left
80.43231645536633,319.09025351789285,81.27591306259268,62.8621202410172,307.512672493855,69.92507139120595,0.734907810197401,0.48425496300434,0.47477114625525224,90.81591629948818,94.67895469726002,1.0,7.0,left
-32.20801051882485,357.5280074679573,134.61503117105286,-36.97815224665548,343.95206783068613,118.55779821855626,0.22123497693486288,0.6296401373144734,0.744720338424594,-45.291145434628554,142.45619609153525,9.0,6.0,left
115.65758469840091,239.74733897506144,103.27767087588242,95.21439016786968,236.09560044304936,90.56816624034772,0.8396494258816058,0.14998537323970768,0.5220088403761334,175.20812258406593,143.22780905159829,0.0,12.0,left
48.22162641825767,341.75939988037226,89.986041191151,34.15306822922271,328.32200342614743,77.84743750178006,0.6135153071426436,0.5859909950997415,0.5293519826766331,45.42593479905612,97.24865919289743,3.0,6.0,left
-54.453140208492,259.3629213982739,205.020969253614,-55.61696722605939,257.4729152369272,183.98570850459816,0.05502197413361909,0.08935337344149494,0.9944790379978173,-11.054540921670068,262.8046910301055,15.0,14.0,left
-66.83133875685124,284.02930651241087,198.98852160270312,-67.52803780720453,279.58149992474904,178.918000591043,0.033870896321436195,0.21623568413377514,0.9757534992453682,-43.34240300630866,245.4516866766487,15.0,12.0,left
-51.51885911939311,346.44377983438073,153.59782852985145,-53.96865132692706,334.66659014542756,136.4210557112459,0.11682309112180522,0.5616181241658622,0.8191077145218232,-59.336956049649366,168.98547857548436,11.0,7.0,left
103.9290518449975,285.2328357746028,87.12937141071716,83.94902779980058,277.02464120563496,75.15580561157776,0.8090059250192366,0.3323558582804619,0.4848185193971315,134.3896835096358,111.30403443619974,0.0,9.0,left
35.45729369119235,346.0298129548,97.6933920540988,22.65873829486134,332.1844829589346,84.85040822930071,0.5610173328645779,0.6069020968676704,0.5629648275364459,30.14067998666588,104.29882927013291,4.0,6.0,left
-60.17013287763718,271.9596533071866,202.52087172888744,-61.4128201924516,268.678706133908,181.97257111040886,0.059613718619798035,0.1573923377687827,0.9857351858202065,-27.530370724448154,253.9402211638419,15.0,13.0,left
-68.11636171325489,309.60921313948927,186.22946739734158,-68.88194568794422,302.537270613058,166.8083627297098,0.03701550805465928,0.34192401382934845,0.9389983072030976,-58.102154107930616,221.0674929750973,14.0,10.0,left
-56.88463459321302,334.8204504567219,165.6210717082842,-58.93678440078094,324.60335424974994,147.29608090657217,0.09734625975300118,0.4846605728380194,0.8692685631313399,-58.62278354057364,186.99188289884185,12.0,8.0,left
-18.076565984265656,356.81288294816164,127.62807564841182,-24.552428401698386,342.8498215810798,112.15834818722246,0.29675323695537326,0.6398504772636475,0.7088927162145134,-30.464937095708187,134.2222732164154,8.0,6.0,left
112.77792771010442,255.76381506348565,98.83024404354802,92.36461218065304,250.18030740900278,86.19604022132174,0.8282084390675301,0.2265339088287314,0.5125945469941144,161.61795363346567,133.34511757069302,0.0,11.0,left
68.21284717663124,324.90737294579463,89.32697575318542,52.037619140119745,312.68266221712975,77.13775539406691,0.6837365601998994,0.5167458316005791,0.5152456324603203,75.32363362637355,101.63189382581916,2.0,7.0,left
-29.684607127908563,235.21721741207702,204.92088728138478,-32.75222622312887,235.88320401452148,183.60587733693478,0.14238249379573437,-0.03091154095315762,0.9893289150208887,41.73880032297721,276.5892289838296,14.0,16.0,left
-62.304503362896185,322.53107486707046,176.51496929304602,-63.86455931943118,314.0299907356992,157.51817826404164,0.07474911815079541,0.4073241985224065,0.9102195156300251,-57.97870210866954,204.39609950644592,13.0,9.0,left
9.101189198896645,352.816626755469,112.97433809069815,-0.6369193153979194,338.5082734135506,98.73533450246194,0.43449936784313375,0.6384166363327975,0.6353223573883052,-0.5204458607337727,118.75888624081334,6.0,6.0,left
109.06866453781018,232.21657994396185,115.45438314845353,89.29317422962419,229.56392619525928,101.53005083000812,0.8127720251213546,0.10902398502788396,0.5722896171247315,173.89529467805426,160.68808130789432,1.0,13.0,left
22.359763404656558,349.86101248554957,105.39300981924902,11.171856428030043,335.81128530402435,91.96293385447643,0.49887831647103037,0.6264893208211163,0.5988585444427816,14.648591454836605,111.36918599372677,5.0,6.0,left
108.59523256081239,270.78968503794727,93.46227281752755,88.59522117971702,263.9446740485504,81.04633532473304,0.8158106023156746,0.27921146801924673,0.5064523840163786,147.79201020749568,122.63825926337609,0.0,10.0,left
-4.233091644862316,355.1602855290913,120.43830099974218,-12.484762545174014,340.9894936290946,105.74014042432425,0.3747132807327971,0.6435040839097117,0.6674522089513125,-15.415265500477496,126.38735600674637,7.0,6.0,left
87.0699104633091,305.9161997104808,88.48043167910623,68.70992727179703,295.81042938592395,76.47125247310203,0.76010866246978,0.41838184079476076,0.49718352399449967,105.27787627664544,106.49005039747726,1.0,8.0,left
101.89354089872178,224.1428301550842,126.67670277055798,83.11163871045403,222.5309024252445,111.75703004679765,0.781254692535097,0.06704997663928593,0.620600842752056,173.56568087527774,177.57781791497598,2.0,14.0,left
-37.14863358096461,347.25827784661124,147.89911178124692,-41.595221661096765,335.204823642734,130.87354637582592,0.20847581007490046,0.5651194992811959,0.7982341687410933,-44.88357375148705,160.63024074841235,10.0,7.0,left
55.8749278132335,329.90363965525484,97.35307549093065,40.964910518537664,317.5268630530227,84.47500370330442,0.6408315882737534,0.5319530655768876,0.5534987005349604,60.07408537047962,108.72770159767467,3.0,7.0,left
94.3882461627594,216.0212157692967,135.89660736306368,76.82272006882049,217.4823511955961,120.917352464733,0.7593808387423259,-0.06316680978443442,0.6475729270844008,170.5210136852886,193.49496789375098,3.0,15.0,left
-60.270091417599055,298.7548784015813,191.1699738256912,-61.52623463866666,292.5467754983891,171.7360677148458,0.061455034232320856,0.30372267272930425,0.9507764284192536,-43.093284763830184,229.2176011439218,14.0,11.0,left
-54.38081345263895,311.9411349548904,182.02891959054938,-56.42061308957169,304.19133565275786,162.51196992967618,0.09668149290431899,0.36732145288823254,0.925055478972948,-43.821444316119354,212.90703164330648,13.0,10.0,left
-34.930421187073534,249.31382673498632,203.90222556616948,-38.032382340753635,247.93309868115813,183.14867951556948,0.14750549693957574,0.06565684340589406,0.9868795809452046,21.953015376662435,265.69209934744384,14.0,15.0,left
92.8674215110556,292.28028133359294,95.28600706935303,74.4140804431797,283.57817847299737,82.6619511995339,0.7691435129730427,0.36270754113480824,0.52617629750439,119.24186556158463,118.20053487020658,1.0,9.0,left
75.21281307436323,312.2497638156516,96.28621179075506,58.292002899092545,301.2517249307517,83.62786495660305,0.7102913549932006,0.461668907156715,0.5313642923519113,89.88614400270207,113.14410945398458,2.0,8.0,left
-42.602553019573804,336.1121884071447,160.2122306793692,-46.3494594707323,325.5672124170137,142.41992019675737,0.1782620691294424,0.5016856608042185,0.8464833917172412,-44.425244563244284,178.46245716111247,11.0,8.0,left
-23.22115854502161,347.0798647840619,141.43828536033254,-29.04843101639876,334.7912496743066,124.6763185983854,0.26996326001359655,0.5693014377441443,0.776540862559905,-30.40166172818435,152.49241370605054,9.0,7.0,left
106.46393309662739,248.53362971730516,112.09986059264347,87.10431694386214,243.714688211593,98.21020093577975,0.7963889079095642,0.1982348995316217,0.5713734610272859,159.98297601945936,151.10436364060425,1.0,12.0,left
-53.22470548571104,287.1817933866661,195.63297856247112,-55.202531311173715,281.9388099866198,175.64518423150992,0.09527817958148843,0.25257123630465017,0.9628758170642662,-28.493973178615114,237.68860147826803,14.0,12.0,left
43.2922690468437,334.3781463094748,105.0626625908012,29.933000952805926,321.79419322784906,91.43861154594921,0.5844726182008474,0.5505523171749905,0.596056964246451,44.848914053376795,115.67910559902765,4.0,7.0,left
102.69721824106966,263.67692933887065,107.26489621292583,83.47004289695656,257.36566657408116,93.44553199584261,0.7846250803056134,0.25755083443231586,0.5639424181941165,146.55716222739986,140.68796101207727,1.0,11.0,left
-48.3953724457062,324.360821063236,171.70895069798345,-51.387775188486515,315.3057807053483,153.02708703447206,0.142663646065885,0.43170160696007526,0.8906631274726021,-44.04422862736297,195.9974992580072,12.0,9.0,left
98.03270413913228,278.2568769749088,101.62524309628904,79.42321783216445,270.71097840330174,88.34800611045215,0.7730244065002027,0.3134510898693204,0.5515266822328224,132.8516796589162,129.81585920994132,1.0,10.0,left
-16.861212596902476,235.96827958493276,202.3047700602595,-21.53769630848528,236.15948804717777,180.84885105362477,0.2129500125391731,-0.008706936010879554,0.9770242993011323,55.88576524977307,271.79568989323184,13.0,16.0,left
-9.342850829637634,345.9638350974033,134.58106987976032,-16.86738880936793,333.39241642909235,118.33004223522434,0.34389282470482324,0.5745496518242524,0.7427182660371078,-15.49271563976216,144.64562417911108,8.0,7.0,left
17.372696893333845,341.58723747278805,120.14489717321204,6.672545767586827,328.70278794614205,105.31264095610818,0.4782871310731904,0.575923304926837,0.6629885120361637,14.348368009921952,129.74304567103565,6.0,7.0,left
-40.872353553246526,262.1676091427634,202.3224253326973,-43.43217996631695,259.5021319745264,181.8678946638917,0.12315324823099257,0.1282361060413464,0.9840674664663536,4.231675122573378,256.05909327561403,14.0,14.0,left
30.537359418791254,338.25367903144803,112.67402591141284,18.5938321918214,325.6085462159363,98.64153884548939,0.5344205527759439,0.5658143311241479,0.6278923597760907,29.676217606376333,122.70219535819524,5.0,7.0,left
4.187889092946317,344.1300518927634,127.5093445667271,-5.039174650502579,331.3456992227021,112.0022372733978,0.4172414461520438,0.5780995931627019,0.7012206756778279,-0.5713347593749347,137.10857656569146,7.0,7.0,left
99.93992188073034,240.48777108883047,124.08072308487127,81.27093947961458,236.6892320604076,109.2671093948303,0.7735864641385852,0.15740002924393204,0.6138315838204896,159.27941533221795,168.6248548305815,2.0,13.0,left
63.0282581652472,317.60076950906273,104.19793012978204,47.45777366886307,306.1483124169507,90.79924204942111,0.6620503672048432,0.4869535964016553,0.5697065088582242,74.62703919723059,120.02969196600381,3.0,8.0,left
-28.625436776332783,336.4109764284509,154.34787790134325,-34.04833610056143,325.60947208243925,136.79016212323387,0.2544101883087203,0.5067423513485867,0.8237036150427088,-29.977795600629065,170.42328180772068,10.0,8.0,left
-47.06012826076805,274.9613775526745,199.53631963616658,-48.91082295887837,271.0415258930917,179.4567612799226,0.09009265301723182,0.1908201475945227,0.9774819615442124,-13.115867613369183,246.76990197757195,14.0,13.0,left
81.46053710155974,298.7595973918874,103.02385040757048,64.06853094918537,289.394482880482,89.88334381865985,0.7330767148944718,0.39474154508014375,0.5538751146849532,104.23177406876113,124.86543299172966,2.0,9.0,left
84.48306817135966,221.17707327156734,145.32055024144373,68.35828042137038,221.4009742938935,129.04408215558442,0.7037552793080792,-0.009772006239562816,0.7103752633221835,160.03948389683734,204.72421388544336,4.0,15.0,left
50.51284600792749,322.2136234644118,111.84459983623526,36.48511442914444,310.3980416352923,97.63032976391612,0.6045365169904967,0.5092021218880326,0.6125755452919451,59.44249731140309,126.92317424232749,4.0,8.0,left
-46.70915639852946,300.83109945429084,187.08136723488138,-49.493211650089485,294.02311355880624,167.52312041660713,0.1332366555134901,0.3258100826084926,0.9359998844541738,-28.66394477189467,221.55691231718268,13.0,11.0,left
-4.696413013616137,235.19673815383226,198.488424960747,-10.660884338177482,235.13296961734216,176.69774538455576,0.2640044325486882,0.0028225764488469165,0.9645173366284483,69.28827469727375,267.4286898253317,12.0,16.0,left
-40.5502564553386,313.3494855393258,177.18541327860945,-44.36290605236675,305.2210868292505,158.0484424461897,0.18036627455182647,0.3845328441803119,0.9053190038604597,-29.53141206869094,204.94679470286923,12.0,10.0,left
-14.978980772740883,335.9676891474728,147.9291062619165,-21.573030587026835,324.5774834906638,130.6325673032731,0.3033908984505291,0.5240610588456398,0.7958102596341464,-15.529602013015399,162.59202687911153,9.0,8.0,left
96.45838433316258,255.9673353337963,120.07799505760096,78.18264726648769,250.29001618123368,105.50125443922042,0.7597001278620165,0.23599924152881396,0.6059373513196397,145.5447730431636,158.2408677983219,2.0,12.0,left
92.55294656851233,231.8554933524386,135.14371846858816,75.24648465562977,229.4709318844108,119.8095286860094,0.7445191684838749,0.10258316981896924,0.6596725710759633,159.29107530979766,185.99460040205395,3.0,14.0,left
-34.32219103074115,325.16961410188674,166.32483254555274,-38.96269167707577,315.7609718592113,148.1058159519815,0.22072876317291915,0.44752886027558225,0.8666006763951848,-29.630446327918992,187.92143257720562,11.0,9.0,left
86.86885276893594,284.9796511300163,109.45547457837358,69.46203213649477,276.9486349698185,95.5541771438534,0.7350864480185945,0.3391481573709885,0.5870489258070996,117.9109436375387,136.5266650108967,2.0,10.0,left
91.99458580929917,270.745933615506,115.12837260950432,74.18850918511302,263.7075843337549,100.69803103894291,0.7426748554232876,0.29356298670213166,0.6018760935279975,131.91060276230704,147.7896347643963,2.0,11.0,left
69.59572707197597,304.66812163275966,110.74716762494836,53.37742043633581,294.55740953350943,96.67502989805925,0.6833471740009012,0.42600788697485703,0.592919825963173,89.0048721000144,131.48564394291452,3.0,9.0,left
37.85396764880293,326.3067108052062,119.38943274487136,25.365119544568834,314.6358596207249,104.53160020425868,0.5514308980461335,0.5153131734734947,0.656030714162615,44.26174586413496,133.79102425204474,5.0,8.0,left
-21.783063115801248,250.62985565230497,200.65564141533946,-25.952558926264217,248.3831225720623,180.3495931402932,0.19996533056976976,0.10775133097996288,0.9738601117420147,36.51160941076869,259.96986185731834,13.0,15.0,left
-1.4185177600257481,334.7203320241964,141.04474555587763,-9.706064895935267,322.9496188668709,124.38884302869565,0.3764531284650122,0.5346722883951578,0.7565768870981919,-0.7869100184126907,154.9726563629491,8.0,8.0,left
-40.0395527681667,289.1195194328418,191.69548243263108,-42.98570251492778,283.1513304809374,171.8422104692683,0.14069998285932164,0.285024236856022,0.9481374896226965,-14.28772558971307,230.49883260830816,13.0,12.0,left
66.22145032051667,220.04311171778386,161.3075486671743,52.170232497094204,221.028663377009,143.79224359972739,0.6251509529621545,-0.043848054076209536,0.7792712198998755,143.49334436460256,228.50193834580006,6.0,16.0,left
11.964255261167626,332.6154493721065,133.94513088572086,2.0719757996851795,320.94009263203463,118.12034948322179,0.4493730029811155,0.5303722099229559,0.7188666240222691,14.220402146977115,147.6823650212183,7.0,8.0,left
57.24070131988501,309.47411698915505,118.55120955540039,42.51968723436103,298.9607070205352,103.53817876820773,0.6262100774527648,0.4472248469088915,0.638632034276328,73.87092576732101,138.45425610674235,4.0,9.0,left
19.252892891923565,231.66554044845896,188.5988667093161,9.965893174651882,232.0934522429712,167.1101499317253,0.39664988655036215,-0.018276210823091436,0.9177880188897297,95.2756226023279,257.96200235443956,10.0,16.0,left
25.139616748224768,329.804041122605,126.67319458592151,13.898783525045289,318.1879611754295,111.6337602712498,0.5091229491347351,0.5261187282714664,0.6811702477548215,29.319022387927824,140.61983923493702,6.0,8.0,left
75.46533984227594,291.1298861985391,117.08448910480632,58.819042180961276,282.44754264876747,102.45491470047479,0.6993830568330339,0.36478285417337064,0.6146517787463162,103.03946802604858,143.09049176920078,3.0,10.0,left
7.12413882648309,233.23553326987386,194.16379612133628,0.06267658980844715,233.72710187715828,173.28459040405977,0.32029890493985425,-0.022296923971111476,0.947054094904698,82.50487567962784,263.35588475512384,11.0,16.0,left
-27.310437750610895,263.95242273202814,198.60422391490908,-31.271052088414336,260.5699109470926,178.5990148718662,0.19159214192930857,0.1636268070312416,0.9677389726427786,19.140473047082708,249.54569724702344,13.0,14.0,left
-33.403373299069855,276.7201685467211,195.46484433760696,-36.906889166605126,272.0834580557297,175.80214099773747,0.1708736130582525,0.2261418255993746,0.9589901371103879,1.9633951670691374,239.88567737342458,13.0,13.0,left
54.85921326550435,223.26194282059,169.08438359131367,41.6924498295073,224.25034140588104,150.10909416382174,0.5695671248759201,-0.04275609136536542,0.8208320211296185,132.8617996106547,238.28770432366372,7.0,16.0,left
-20.49689345637571,325.2021967043113,160.39399739672268,-26.470712620626163,315.29401918064514,142.53852792610266,0.28077484692507915,0.4656932108293795,0.8392230446797927,-15.060778726160997,180.1519748685332,10.0,9.0,left
-33.13893039396551,301.9177049576922,182.2618079558393,-37.40552837714975,294.59100446132254,163.0992440869816,0.20361314624189622,0.3496491925223573,0.9144873584943313,-14.367902470165376,214.06907247452452,12.0,11.0,left
43.28042516562762,226.57978402055818,176.23950182303744,31.231731961026426,226.72050091878413,156.61780330287993,0.5232621505792093,-0.00611118778926379,0.8521498548700369,120.72031020913039,245.58777182753917,8.0,16.0,left
89.45591996521271,247.92818454944393,132.37832086280878,72.63420350062421,243.01965006921182,116.98896308558062,0.7212939689674728,0.21047176276650642,0.659876236433098,144.43842949400596,176.24966986451858,3.0,13.0,left
31.249523533626757,229.57754149030183,182.5596788833511,20.900396822976973,229.92399351641484,162.10986515998147,0.45149264462465555,-0.015114371084506077,0.8921468195518909,107.85791007139647,251.96579271780917,9.0,16.0,left
75.16730986050248,228.17187994528956,153.5042724197038,60.02334042236282,226.86172900610092,136.57328617633243,0.6655711946167321,0.05758059201624613,0.7441098442565551,146.72317816705856,211.9006328154196,5.0,15.0,left
-26.707637832185796,313.9017237054004,171.75381625075607,-31.864132408773024,305.30266217820775,153.28280013413695,0.24534945532316355,0.40914908968709107,0.8788632812792053,-15.092628643841017,197.2061224878716,11.0,10.0,left
85.43083365759949,262.7761016320281,128.04614015905582,68.82217257916952,256.42114234408405,112.58136039116687,0.7047492143530328,0.2696576529724358,0.656211318907393,130.7445312475814,165.61300112251075,3.0,12.0,left
82.43175187213255,238.68195923486252,143.35224479468945,66.27076278875958,235.2037781621134,127.21966581951244,0.6996588151888803,0.15058113311120033,0.6984288544149929,145.25224884420123,193.6547566378391,4.0,14.0,left
44.82107416608231,313.81663150408065,125.96761600539492,31.742427570224002,303.134839752273,110.42227889600944,0.5698179664842407,0.4653904216932246,0.6772881517256649,58.83705276509621,145.11062810943997,5.0,9.0,left
-7.175202350355205,324.5263425117695,153.91228638032533,-14.539453528287911,314.2758575440794,136.29292516802923,0.3397792113089534,0.4729471624070473,0.8129397696837003,-0.7348363601163896,172.64358436061056,9.0,9.0,left
80.68904625706227,277.2045658327381,122.88693319130363,64.19015207047647,269.79724080242806,107.84663888498294,0.7014189171174847,0.314908250379687,0.6394093341143368,117.00567401786863,154.5047525334523,3.0,11.0,left
32.29331608870608,317.5319774803353,133.1186427594365,20.457171146580478,306.81955639734923,117.18914611672787,0.5248345986215431,0.47500679037344296,0.7063407061672743,44.000181260463336,151.70778322634953,6.0,9.0,left
-9.062408830415869,250.28411433460684,196.610766197528,-14.341181730177151,248.1285056238668,176.36459140804868,0.2509665016866447,0.10248320725526018,0.9625554567202051,50.70386076251366,254.82415703091274,12.0,15.0,left
6.293714919967753,322.8049453135425,147.19905250250198,-2.746149637786915,312.4065272945843,130.1240822749401,0.4120106992868751,0.4739296094644511,0.7782274146713241,14.278610996122737,165.53057712742807,8.0,9.0,left
63.37311103069406,296.45774351669763,124.79444836722745,48.42859147075811,287.15262213282676,109.43818291745609,0.6397194086382285,0.3983177060408838,0.6573447217905406,87.8987598689639,149.88670975656368,4.0,10.0,left
-26.429535486122468,289.9684329692331,186.91426765920443,-30.910284313083032,283.5832500672538,167.6441810821151,0.21553425561179532,0.30714188562468714,0.9269351901577482,0.3698471259174738,223.44437806599612,12.0,12.0,left
-13.35631144502629,313.64875720000646,165.87319750750595,-19.70051749398406,304.48028797278846,147.57877784814963,0.2961236086317631,0.4279495609445233,0.8539145049115233,-0.7901835497026681,189.91596097317031,10.0,10.0,left
19.40954616396418,320.57074904121737,140.25047822498436,9.147992211978973,309.9645075760799,123.88932440925274,0.46572314149921623,0.4813668687759974,0.7425549764945978,29.08369016758146,158.5590251375462,7.0,9.0,left
-14.221503372665133,264.33500415278195,193.94821441619058,-19.30441916027702,260.7086434601531,174.19178087296217,0.24531881383939744,0.17502050807878794,0.9535127169200598,33.411112163701254,243.4540088949066,12.0,14.0,left
69.09992025803905,282.85969129967634,130.49836619151284,53.72522221548954,274.8082517502814,114.76734043256451,0.6563721127495865,0.34372970272888714,0.6715843514157807,102.25757757342261,161.21186240560672,4.0,11.0,left
-19.5793328311385,302.0524426877553,176.82816457404692,-25.144482938268673,294.4505052645626,158.16831588322822,0.2662323718379559,0.36367066328494385,0.8926723771078757,0.0965769909707106,206.8654327639522,11.0,11.0,left
78.73962024636728,254.2122266462822,140.0605476091285,62.9803441847491,248.80693385232274,123.83225077068406,0.6775882926463267,0.23240681241904765,0.6977543831534514,130.37447134533932,183.38338021443087,4.0,13.0,left
-19.869825418983368,277.5436347983831,190.62009967499665,-24.753160086339292,272.39454920981996,171.38087080162074,0.23813836861770526,0.25109785125525386,0.9382110564724189,16.55248138674466,233.10646649109506,12.0,13.0,left
74.18846550946515,268.6981805037565,135.6194599650487,58.56308042908631,261.9971916417736,119.5180135481698,0.6672931409405581,0.28617047721500577,0.6876236776204119,116.26984631818857,172.29376858342786,4.0,12.0,left
63.680250231556634,234.7768251806882,160.794312786749,49.82972407034461,232.61922093377365,143.13435060258007,0.6142961156856039,0.09569368648088915,0.7832515564116527,132.08794910799418,218.743259497986,6.0,15.0,left
51.10529932583813,300.89266726487153,132.18042641283108,37.67952483480897,291.3771077712498,116.30066703640263,0.5870883062904976,0.4161006659429299,0.6943972612408584,73.03831622601307,156.5225040368396,5.0,10.0,left
3.376531837034597,248.89793798474187,191.91621640354708,-3.4004997544172726,246.59594411469973,171.89924642936222,0.3187977551364508,0.10828789392585446,0.9416165479371432,64.65512244064342,249.88128718703956,11.0,15.0,left
0.16205879686074573,312.3792145336222,159.4913786256402,-7.821239286169284,303.227166740327,141.68571370631662,0.3704019385128696,0.42462854433619424,0.8261313474749842,14.247582984166513,182.9463628706955,9.0,10.0,left
71.63775877329581,245.03970597844548,151.0411373641549,56.63264432659999,240.95878388137697,134.08024787289372,0.6521010174548053,0.17735109326261558,0.7370962303206842,131.05821242839747,200.66973769208275,5.0,14.0,left
38.76639841194458,304.60360101296567,139.40009002237196,26.69827774765133,295.1514292580247,122.98006447753835,0.5372369568720307,0.4207826662258226,0.7309708612350891,58.4545744825087,163.1675848383969,6.0,10.0,left
15.840786182621635,247.11179589339787,186.55620699520753,7.4106087954947615,244.72741922163584,166.71776644048006,0.3887240727225664,0.10994603887782509,0.9147707165301351,78.57827836811381,244.5698661367416,10.0,15.0,left
40.10581027158298,242.30874733693406,174.6733886131911,28.771860444949056,239.72018406670335,155.19712951016112,0.4996840143558962,0.11412294090481719,0.8586569979662497,105.28893362764396,232.71159271356095,8.0,15.0,left
-1.2755275541781472,263.4998333945348,188.89629827305492,-7.914960613286553,259.24073179624054,169.43386070126112,0.3161604342704756,0.20281240866966635,0.9267738163605576,47.73344281058299,237.7512501282784,11.0,14.0,left
27.982139668069387,244.89837429930398,180.85711768814528,18.125893587312483,242.50635273683682,161.01701948281368,0.4423370211336281,0.10735118459500533,0.890400855177418,92.00658061924355,238.99446681729174,9.0,15.0,left
13.263812537430535,310.53360386431336,153.01074454221572,3.9014775127690884,301.2952807990155,135.6923840032462,0.43051450947505343,0.4248119846547165,0.7963617487205014,28.927331081965043,176.23728537939067,8.0,10.0,left
57.07422636284461,287.74519074859506,137.80713827175452,43.21761472954175,279.1561494207824,121.67940912345222,0.6042453536668155,0.3745423810760285,0.7032819899229357,87.46493975292982,167.7372336491161,5.0,11.0,left
67.4932623794152,259.7791772723473,147.45526909906525,52.66144455270269,254.03771917271743,130.55769452073804,0.6391628644089296,0.24742259160127947,0.7281846564751819,116.15802402754869,189.96127019173198,5.0,13.0,left
-6.294489261687666,301.33720238039393,170.94003045635344,-13.279291404353035,293.51530146521486,152.69011838892163,0.3318471460062048,0.3716176123573055,0.8670512221739799,14.696057719031373,200.06000107403494,10.0,11.0,left
52.01612432366181,239.10548220919588,168.08689121419422,39.562704389709054,236.4184460476482,149.62237473483435,0.5551347075908075,0.11977971045205454,0.8230906860073746,118.48604009060762,225.90411427547966,7.0,15.0,left
26.17523673708618,307.99155358077803,146.35853835172094,15.426288659281497,298.58538117790795,129.57551686721067,0.48773988719924155,0.42681064542731123,0.761539542889792,43.67226735049623,169.64658787479667,7.0,10.0,left
11.247674138410886,261.9858881362886,183.45934391758752,3.1264692947417236,257.43152079345805,164.00023412863658,0.3764689131201285,0.21112356559283477,0.9020521035425376,61.73998441965192,232.20045050934243,10.0,14.0,left
-12.981873511412271,289.82386854262467,181.46503336294847,-18.78594828635471,283.1402543790715,162.88292666545988,0.2819863097810564,0.32471802432963115,0.9027967245019907,14.969906987966837,216.65317029457614,11.0,12.0,left
-6.653085213315968,277.2125940720658,185.311396800123,-13.052491552241353,271.32105167251075,166.5449350040326,0.30938381662143655,0.2848307759853002,0.9072778422646312,30.93606529133467,226.78977343582397,11.0,13.0,left
48.0000529341695,254.0112504036938,165.40708784479975,35.775025067518854,249.16727196498212,146.77510196469086,0.536068746913233,0.21240895972094972,0.8170145239915506,103.06068294470435,214.4867839173251,7.0,14.0,left
0.15928197272788464,288.86479465275636,175.5542400525305,-7.3296386753234675,281.78078159653097,157.05544276529602,0.3536317380807484,0.33451173638908077,0.8735253242121553,29.605203351886658,210.2288250148124,10.0,12.0,left
62.49526623651783,273.9810972284825,143.04054300527784,48.24721090458852,266.76133105248357,126.59690862023845,0.6215253020093504,0.3149389336605708,0.7173003325155568,101.6095912827356,178.91380336335757,5.0,12.0,left
6.918902888799476,299.8404993805891,164.68996891991964,-1.5704561532340562,291.86638610536784,146.88945456283986,0.39907901022005693,0.37485765621424766,0.836790105808703,29.530644631044332,193.51788271003727,9.0,11.0,left
50.54039785988412,278.119462122962,150.1214233089746,37.65497680864668,270.7374630408227,132.9783873127356,0.5681240945790426,0.3254757084030973,0.7558442805222811,87.41621031752368,185.5173147419174,6.0,12.0,left
44.84900519160233,291.4800835600722,144.93724550424537,32.63506487740081,283.03378753324296,128.42222264590137,0.5499397342710673,0.3802993688423731,0.7435984660607905,73.13703223879452,174.39847258039975,6.0,11.0,left
6.155682791654179,275.83465684929376,179.65916108555766,-1.6699683306023858,269.7034803584786,160.89180127069173,0.36847675496956267,0.2886911238677597,0.8836754585519905,45.366829498075816,220.89719267161954,10.0,13.0,left
60.046323525804084,250.22985549341192,158.4293987884572,46.76745582165951,245.58797096268682,140.97187502960446,0.5922871095884785,0.20704539219774903,0.7786707811296157,116.85190959501901,207.49627490785304,6.0,14.0,left
19.76877620797692,297.71388741296175,158.49535337959293,10.058522189824725,289.5466517998298,140.93922944421882,0.4482773974169983,0.37704339329352676,0.8104848268405433,44.04873593006417,187.2021601497359,8.0,11.0,left
13.06452078180589,286.9035682678715,169.56615047410173,4.3065209147034835,279.7399137652449,151.27943028752009,0.40727190258805024,0.3331303086367199,0.8503844982300144,44.383300110123436,204.21615088166615,9.0,12.0,left
35.81858271953978,257.1693129048738,171.87609652208448,25.23778636955299,252.35401900011482,152.87664410848967,0.4750345606236233,0.21618703816406398,0.8529978492018433,89.32627107700257,220.87735038390676,8.0,14.0,left
23.592102432749385,259.79211185595227,177.87275832788228,14.414885408606441,255.20990395047681,158.72089318898225,0.42241033692188046,0.2109105603698801,0.8815249530138137,75.63676160633725,226.71200008585083,9.0,14.0,left
32.458177978440204,294.8932780115341,151.85614122179658,21.489060945448365,286.6620227409306,134.79523120371655,0.5011134282436567,0.37603688017865544,0.7794110576450614,58.668813835567164,180.84337658834505,7.0,11.0,left
55.51950709807199,264.42578215537424,154.7116661682942,42.294012213107045,258.30421522045793,137.38882657666147,0.584222833855152,0.2704140157671142,0.7652188840318555,101.74949975309535,196.77582188014054,6.0,13.0,left
38.348368256428095,281.63385132701103,156.82322572750547,26.969012673525874,274.19116830961025,139.26790702610143,0.5124627315800994,0.3351769475516524,0.790593677290313,73.2711416385765,191.82960998846085,7.0,12.0,left
31.245172612243177,271.1960929152978,167.83501863518597,20.961004864001044,264.9392803721991,149.37457598279076,0.46664348936086525,0.28390249059166417,0.837641468453518,73.87031046976884,209.32602855891295,8.0,13.0,left
18.617284313003324,273.72414068102944,173.92658460097385,9.727441142040192,267.69649809100065,155.2647210715711,0.41286661727934637,0.2799388423906793,0.8667037561112079,59.56086913844001,215.2765958710818,9.0,13.0,left
25.79827374980102,284.65540041184227,163.3188272015515,15.843184071522753,277.4024549362998,145.37835047944284,0.4574600861935771,0.33329012290452814,0.824407644017236,58.79201030956933,198.01163236772038,8.0,12.0,left
43.56615544622709,268.0262226945517,161.4693831081313,31.79450932997567,261.7938245098299,143.4927370678212,0.526141972194626,0.27856140424444986,0.8034787919792965,87.98255327600614,203.27544009989387,7.0,13.0,left
-76.13288023201062,-341.46579357688256,-200.30941930408557,-74.22659242378445,-328.39868110187365,-179.0886291595674,-0.076269495989676,-0.5228077723671278,-0.8490317998367329,-119.89087734787967,-268.48031189903423,-10.0,-17.0,right
-66.41340155983067,-333.63331058052484,-209.97916668717716,-65.52100081806441,-322.5719173404416,-187.7955025285145,-0.035977298616135696,-0.4459420853027612,-0.8943384653139494,-110.52970748201874,-279.8027939758898,-11.0,-17.0,right
-56.06641772644193,-326.15398877618185,-218.67037258156677,-56.46796541889688,-315.61057869837964,-195.99427782559113,0.016055101649261872,-0.42155769715438146,-0.9066594408491684,-96.92222803676462,-288.0204843745424,-12.0,-17.0,right
-97.00889703796915,-359.6005841198025,-173.15924289063003,-89.95933950452256,-344.1529750773832,-153.87205731431553,-0.2743370709112767,-0.6011514619425962,-0.7505705105638646,-143.7606226866261,-234.29755589873122,-7.0,-16.0,right
-86.68925281109995,-355.0752537814824,-182.47094613761573,-80.75888008753674,-340.6332882793798,-162.26009101479372,-0.23221244000514246,-0.5654963362401185,-0.7913856685623394,-133.14461544792124,-244.72761379604384,-8.0,-16.0,right
-106.698371948576,-363.9044658626758,-162.4322940280652,-98.72422336810325,-347.6124996181296,-145.32853908059496,-0.31984901336061805,-0.6534828485367478,-0.6860442954507654,-153.63003988453934,-221.29168103799108,-6.0,-16.0,right
-75.04886441227049,-351.9781870553159,-191.3454824983544,-70.76374242671167,-337.87994514870957,-170.37554101747062,-0.16719620067475768,-0.5500829360102423,-0.8182018051741745,-120.08592772483613,-252.8156284426504,-9.0,-16.0,right
-46.40607358552711,-317.3402319294305,-227.1119726861344,-48.24279448950561,-308.292645181927,-203.83865149281763,0.07335859652299848,-0.36136043548002483,-0.9295359874614122,-83.04975444764165,-295.81960653233125,-13.0,-17.0,right
-62.42476948305841,-346.54768462974346,-200.00906288306976,-60.46426649577662,-332.9866963809312,-178.52689296542673,-0.07694298339911178,-0.5322220371368063,-0.8431011092932994,-105.23231005822115,-261.24559856114183,-10.0,-16.0,right
-36.16060494499581,-307.7355544588786,-234.46884430541405,-38.504854480419,-301.3033885185223,-211.41251778900232,0.09746894148967866,-0.2674358664549405,-0.9586333307257665,-64.67603888312213,-300.49928976077166,-14.0,-17.0,right
-51.31503909416783,-339.447561091067,-208.94433858053702,-51.25172137841237,-326.7315187978111,-186.90633708251355,-0.002488554708737164,-0.49977429772731796,-0.8661520988987025,-90.86254558844661,-269.93954231375466,-11.0,-16.0,right
-41.2361958522049,-331.19805619044655,-217.79727363997534,-42.64588766848625,-319.8316316697126,-195.14507389947158,0.05553649035702307,-0.4477938500450122,-0.8924104246929713,-76.10964368226814,-278.18118292926636,-12.0,-16.0,right
-82.51296257075222,-366.9640745257667,-170.26074595527572,-77.31791242861158,-350.207725020781,-152.0893098161905,-0.20567966481766792,-0.6634084860503442,-0.7194338441558628,-128.45144561095373,-225.04637622219172,-7.0,-15.0,right
-107.9452928870499,-371.5446409483612,-152.3922506599682,-97.6154052973499,-355.0422797729334,-135.0315644114384,-0.39600852006232196,-0.6326376322943957,-0.6655425442772165,-157.0148705423304,-205.9821340556989,-5.0,-15.0,right
-94.22244604131889,-370.52009284359684,-161.1254938157794,-87.10826390114148,-353.2722371221461,-143.3843959069905,-0.2763238941967244,-0.6699286812715293,-0.6890868359689852,-141.86062910231993,-215.19377217707944,-6.0,-15.0,right
-70.95489443696832,-363.0367622588621,-179.25902185291153,-67.32372406449556,-346.9163756031616,-160.57252479421783,-0.14556888581892427,-0.6462452828514819,-0.7491173031466068,-114.9310361862211,-234.00728018519663,-8.0,-15.0,right
-58.85337895340959,-358.25817468207134,-188.26756527329036,-57.10234585820356,-342.68647813951543,-168.94619839589157,-0.07038797562679208,-0.6259505886587862,-0.7766797238533277,-100.43244044212045,-242.585707095437,-9.0,-15.0,right
-118.53395084348519,-372.49670289761076,-142.6660180015124,-107.44184750176129,-355.5960016301528,-125.79495336039798,-0.42126260157415574,-0.6418650426358602,-0.6407394849367717,-168.6317221016282,-195.303771156084,-4.0,-15.0,right
-31.615240178206008,-321.472433865864,-226.04814672798028,-33.95343318701387,-311.64904337404704,-202.6589412207096,0.09178061336327274,-0.385595543759488,-0.918091714178647,-60.87643931166193,-286.0205763422207,-13.0,-16.0,right
-47.167354712573875,-351.6525534185023,-197.26143076662012,-47.254426501336326,-337.02367852683443,-176.83222809895113,0.00346527415074092,-0.5821984679196186,-0.8130393199760445,-85.61023177109848,-251.3266130669385,-10.0,-15.0,right
-22.85480796789014,-309.6151655211037,-234.95311908155742,-26.78018032675294,-302.3759781457566,-211.31514488771217,0.15681827891791972,-0.2892048960407775,-0.9443349805568279,-44.77944409104527,-294.6952702040694,-14.0,-16.0,right
-92.22678533069897,-380.27465636737077,-148.33675903354185,-85.49851329964355,-361.61308570390497,-132.58851436588196,-0.2656407473516405,-0.7367825728385248,-0.621760752788326,-140.43308397411244,-196.74353134180754,-5.0,-14.0,right
-36.25865985913026,-343.93702622740545,-206.11849284267038,-38.112947119198196,-330.16699359337656,-185.21693668181268,0.07388083981088764,-0.5486429191063482,-0.8327860282349262,-70.53419029980921,-259.5861028409525,-11.0,-15.0,right
-104.83795817810292,-381.6956523321428,-139.50048678035773,-95.38617373472829,-363.4290819592976,-124.11408185710243,-0.36798122689006113,-0.7111625341376598,-0.5990306058085739,-154.71126755966523,-187.40572849697486,-4.0,-14.0,right
-117.9976732504457,-381.5676919589947,-130.97414916922318,-106.14184950257538,-363.9575677512313,-115.69844850946349,-0.45331077766428973,-0.6733280849270339,-0.584070739638522,-169.60525116581047,-178.4418073158282,-3.0,-14.0,right
-79.5412707298384,-377.48112737711966,-157.0919801513176,-75.06221778987931,-358.7891241997993,-140.81510919593592,-0.1778313100162277,-0.742126395112609,-0.6462386856689067,-125.95772106278336,-205.85016322241205,-6.0,-14.0,right
-67.45536642621308,-373.3211009889488,-166.1386277752382,-64.65031371218043,-355.4739485527706,-149.54120862940627,-0.11433837785193578,-0.7274781142687262,-0.6765370120031912,-111.63210565229426,-215.0600402611202,-7.0,-14.0,right
-129.24955995124756,-380.585908074968,-122.473320087458,-116.34142085620368,-363.08278928661224,-107.75760536530785,-0.4915713767442152,-0.66655868338242,-0.5604079792198643,-183.35787263628464,-168.89051205922834,-2.0,-14.0,right
-26.166169157863017,-335.03204296286566,-214.87133471547511,-29.542457436404007,-322.34184235181726,-193.15104502180822,0.1330225549130633,-0.4999818642176057,-0.8557588067545018,-54.88061912803193,-267.5499070895774,-12.0,-15.0,right
-139.5819722096209,-380.1357339246318,-112.44660770715191,-126.04999174559286,-364.53615117171853,-99.6380024491164,-0.5568566081858389,-0.6419408278036954,-0.527088883888163,-196.08415226366103,-156.83346525631038,-1.0,-14.0,right
-55.35152946893434,-368.5471650419918,-175.04077416903118,-54.2046995379692,-351.204172989618,-157.9314430142062,-0.04702240619101454,-0.7110986510161521,-0.7015180695028576,-97.01638592537925,-223.73688173690496,-8.0,-14.0,right
-16.14737334756944,-297.81568009789953,-241.48362859932985,-20.604767374946817,-291.70017081981894,-217.15380653351093,0.17493998151718398,-0.24001626813886562,-0.9548760096973112,-30.558368899886446,-301.7045459320519,-15.0,-16.0,right
-43.47770346367875,-362.52562584921554,-184.15373454131282,-44.25746894880448,-345.78631174027277,-165.96805468396448,0.031532220013456444,-0.6769057433626117,-0.7353939989582,-81.98357511238308,-232.46899935867276,-9.0,-14.0,right
-16.731857605163157,-324.47855679974566,-223.387614421592,-21.25752505049642,-313.53971044452027,-201.15674409151515,0.17968739434123304,-0.434316666527583,-0.8826559202153614,-38.81660899573064,-275.6184343826618,-13.0,-15.0,right
-32.13611952990304,-355.1889937895012,-193.1037381084532,-34.53926605276082,-339.6781854498497,-174.16821770469588,0.09770872667200539,-0.6306487424323222,-0.7698929590538323,-66.77089967530445,-240.9384705978403,-10.0,-14.0,right
-102.88829007780015,-390.65700613627087,-125.89238077092503,-94.32159077940956,-371.2313289051566,-112.43137550157083,-0.34078011695506333,-0.7727462267753575,-0.535473791041673,-153.90796627831645,-169.26895841128498,-3.0,-13.0,right
-77.11375245749034,-386.73980428160706,-143.26840935135567,-73.40061687644902,-367.1490646151011,-129.2295132251898,-0.15226530067208968,-0.803361418026274,-0.5756958487240049,-124.55372504672218,-187.43615762909118,-5.0,-13.0,right
-89.86324651142533,-389.46620537482545,-134.42231754540876,-83.90711988245445,-369.5314036900158,-120.62133649587918,-0.2385623081191943,-0.7984538607179178,-0.5527743277771631,-139.19001131471023,-178.2104383483461,-4.0,-13.0,right
-115.47961648406371,-391.0135760730438,-117.17161880935967,-104.8947421896667,-371.9262746493433,-103.98801458313503,-0.4151179887255012,-0.7485664880685587,-0.5170350746102232,-168.4105992941607,-160.38246532777146,-2.0,-13.0,right
-8.535698072679015,-312.8467792062186,-231.92444029798787,-14.150973082368477,-303.76681198872177,-208.70897879214095,0.219753667780343,-0.3553443234618277,-0.9085365910520846,-23.17919792231845,-284.0252291232142,-14.0,-15.0,right
-64.49753960344162,-382.73146507127416,-152.07965744543463,-62.56127186710774,-363.7446212837957,-137.71552414211192,-0.08106026397796307,-0.7948686747399064,-0.6013426839340841,-109.67593407788736,-196.41511754467837,-6.0,-13.0,right
-127.64479980643772,-390.60206619327295,-108.26026077410825,-115.41222283583556,-371.7634681291971,-95.792431061776,-0.4761612528522097,-0.7333050491100238,-0.4853186234134844,-183.0770913870591,-150.52033755839648,-1.0,-13.0,right
-21.670001206244898,-346.63759566674685,-202.06142615339576,-25.391644639690817,-332.1800084323837,-182.34603066250358,0.15049148623344588,-0.5846190880877731,-0.7972282197806781,-51.41816855106644,-249.27962093717932,-11.0,-14.0,right
-141.03508680247944,-388.1834021751595,-99.56164070255817,-125.94916818611631,-370.0852046868179,-88.0276430792942,-0.5750772221594866,-0.6899056930083292,-0.4396775219499239,-199.76762465946334,-140.46713938073813,0.0,-13.0,right
-52.16527927516987,-377.9773756555687,-160.86177072618833,-51.9138211360791,-359.4142569225445,-146.0842358853626,-0.01059743215633251,-0.7823226247298211,-0.6227832731115501,-94.72398844403398,-205.0605131116921,-7.0,-13.0,right
-1.1292120145149624,-300.2639662796413,-240.361256581396,-8.11126637878715,-293.4956398857665,-216.48226152967055,0.27080015882586833,-0.26251068336355976,-0.9261508597954662,-6.305513837855877,-292.19484019338245,-15.0,-15.0,right
-151.32427394587168,-386.23257724766484,-89.36558891617939,-136.19574422959099,-368.7022326250309,-79.45065936346455,-0.6005980441631648,-0.6959493679369028,-0.39361969795172436,-213.33974894901715,-128.3113128175904,1.0,-13.0,right
-40.104692906384514,-372.14668322216005,-169.96644931136905,-41.66666284439114,-354.1461918734969,-154.10795997617498,0.06497224400134782,-0.7487546895697884,-0.6596552299168703,-79.5044895172602,-213.8552343840072,-8.0,-13.0,right
-11.34102933878587,-337.1111590665825,-210.7967884759303,-16.6555732274292,-323.7782932162193,-190.36925125473567,0.21287248833702527,-0.5340440101163755,-0.8182189798385415,-34.65686166178607,-257.09575019671155,-12.0,-14.0,right
-100.99750993976281,-398.99006012020413,-111.1905605864807,-93.4043160145345,-378.66267712025933,-100.0565874998872,-0.31133653356781854,-0.8334644185342512,-0.45651574551524177,-153.60405010171573,-150.39909296221091,-2.0,-12.0,right
3.853139365116135,-286.49726851152167,-246.1505081125647,-3.0051383290112597,-282.3580281640136,-222.59363089134123,0.2756361373401764,-0.16635725058008113,-0.9467576168014828,6.971494756354609,-300.47307412194306,-16.0,-15.0,right
-28.46730421030422,-365.21471962712803,-179.03217106425308,-31.552341918344354,-347.88988083572355,-162.13320340581356,0.12644843903936165,-0.7101043906440251,-0.6926489346361452,-64.06569027770095,-222.40462444600234,-9.0,-13.0,right
-113.75517785347759,-399.32783129156326,-102.76862748179943,-104.21089947537445,-378.9983579887796,-91.71349308984976,-0.3812843989197015,-0.8121421758180629,-0.44164158929831826,-168.3706133181082,-141.92132141884937,-1.0,-12.0,right
-87.85978422960159,-397.6062766857235,-119.65722382435226,-82.64977812050539,-376.9551182343128,-108.03150596451574,-0.21471615576312655,-0.8510810279090666,-0.47912217271542706,-138.66970958071482,-159.37358727331005,-3.0,-12.0,right
-2.2253654804734184,-326.5353551129537,-219.57807123607472,-8.687781202103167,-314.5593436413129,-198.1558498844031,0.25463523608855626,-0.47188460783693703,-0.8440887473652906,-18.511406590924167,-265.2234707672004,-13.0,-14.0,right
-74.84629093052882,-394.973667664888,-128.49724991129614,-71.73882218099351,-374.4815849239717,-116.33820369160432,-0.12931808681824414,-0.8527831326936866,-0.5060017401302205,-123.69710019708833,-168.59455143992548,-4.0,-12.0,right
-126.70053218043421,-398.46281210903965,-94.10715481322792,-114.9897752432949,-378.4467317447253,-83.67072024969846,-0.46050254688636466,-0.7870931004653352,-0.4103923190205165,-183.72334062500875,-132.6445342311263,0.0,-12.0,right
5.806588193093804,-314.90877480984625,-228.25223292520184,-1.5145017110031276,-305.07924402410646,-206.28859477133767,0.2910747113956421,-0.39080626984415023,-0.8732387828288691,-2.7089452649038535,-273.66106998847687,-14.0,-14.0,right
-139.3544177488021,-396.6023704325745,-85.28107914856558,-125.4592608180387,-377.40911112716225,-75.67817795642307,-0.5434798102584948,-0.7507039306949707,-0.3755972634092415,-199.49559883165867,-123.2242851269912,1.0,-12.0,right
-61.91911738498645,-391.2390271997057,-137.35641996999664,-60.72201267512071,-371.1708610378866,-124.69061122054305,-0.05038098774915824,-0.8445827881339402,-0.5330494067732549,-108.48464270231764,-177.56706282551772,-5.0,-12.0,right
-17.283299701806882,-357.187720466996,-188.09466737066987,-21.738488439088524,-340.96372378754586,-170.14679191575564,0.18110029425746324,-0.6594940744246147,-0.7295685363409535,-48.3444386013625,-230.80513065866364,-10.0,-13.0,right
-152.2718322273846,-392.93695451545875,-77.2626571740673,-136.80166793072294,-375.2628675931532,-68.13233641863492,-0.6138847321190929,-0.7013404581676237,-0.3623080145515653,-216.27160503270753,-114.45024895781846,2.0,-12.0,right
-49.37141275221485,-386.5780359969658,-146.1234429407207,-49.843944657854706,-367.1197965777671,-133.09093558020462,0.020172818443680077,-0.8306900049545516,-0.5563696370801029,-93.28659389000936,-186.26092056660008,-6.0,-12.0,right
-6.8194590580392145,-348.08175019422936,-197.09293422569036,-12.703063208087642,-333.1910538567661,-178.52661767305517,0.23998569025521638,-0.6073749946106648,-0.7572994681065228,-32.317878383883546,-238.99189320801665,-11.0,-13.0,right
-162.78940169654163,-387.7884786352319,-68.54207138111855,-146.44257364834945,-372.0351558626826,-60.52117153217905,-0.6789285204162244,-0.6542786215206409,-0.33312992898640337,-231.1147841988298,-104.01087297740604,3.0,-12.0,right
13.122567644661657,-302.3831847431878,-235.9687924344749,4.939080047353622,-294.4582296335585,-213.37497043601434,0.3234162816999844,-0.31319892450728753,-0.8929212408823269,14.266097864918649,-281.76772277154055,-15.0,-14.0,right
-37.06579091661031,-381.11909953607153,-154.92973191489574,-39.290182759022485,-361.8010357699884,-140.95399529060612,0.0928882904803948,-0.8067022565038777,-0.5836122298608739,-77.85430246973254,-194.71907483287345,-7.0,-12.0,right
2.9891399361274837,-338.12295848217883,-205.95063137778249,-4.344611402652653,-324.60541779920595,-186.49415356535025,0.2957104084324593,-0.5450522238499,-0.7845211454262954,-15.747647728714497,-247.02218612066602,-12.0,-13.0,right
-112.40699537967143,-406.0917493267189,-87.37809666902123,-103.79693584451962,-385.10898748898603,-78.73296087244248,-0.3547268211839507,-0.8644711893072485,-0.35617193206433445,-168.8277581168485,-123.63435848357699,0.0,-11.0,right
-125.55334192576288,-405.3455199948318,-78.92847864613796,-114.85550137099234,-384.94461098825354,-70.79494706919832,-0.4379085794012576,-0.8350968623832362,-0.33294039485236177,-184.22951992503405,-114.62000834480077,1.0,-11.0,right
-25.161499772846156,-374.4740710031164,-163.9997093129375,-28.907819361218603,-355.8956542393478,-148.94441287699664,0.15477826130967792,-0.7675626643032696,-0.6220058248872106,-62.217164734674604,-203.31372090466115,-8.0,-12.0,right
-86.11405872515498,-404.6488042662411,-104.1988143185491,-81.49157774357637,-383.25100668801986,-94.9427018999589,-0.19448495275325198,-0.9002848616594658,-0.38943904660339607,-138.74398341096364,-140.82869525683816,-2.0,-11.0,right
-99.34371553590582,-405.96805432354506,-95.75073996257228,-92.63439178776073,-384.48704986684163,-86.63920691838408,-0.2763429606711545,-0.8847574796784614,-0.3752849187490988,-153.78880627261464,-131.9308795169793,-1.0,-11.0,right
-138.619412413163,-403.23192283591123,-70.58536783216653,-125.8359687018324,-383.70218202944335,-63.21114042054094,-0.5222273677951588,-0.7978261073769648,-0.3012508567846069,-200.1292241544659,-105.92681481248434,2.0,-11.0,right
19.425380938531475,-289.5482207022105,-243.2514259975972,10.614063566094131,-283.5870165549455,-219.26581234530943,0.3358099999336598,-0.2271887255541963,-0.9141208491909675,29.690304059893315,-290.3462772559372,-16.0,-14.0,right
12.028029198799477,-327.2639696205062,-214.8376282302725,3.772156942190162,-315.2244538664488,-194.78705287963126,0.3328723845943219,-0.4854268808732657,-0.8084285490382821,0.7284183977617786,-255.20360026161336,-13.0,-13.0,right
-151.1033830790579,-399.66243975221266,-62.37739051557672,-136.76702724770303,-381.0464140637571,-55.70901182380521,-0.5869668911513283,-0.7621874660817048,-0.2730203934509191,-216.2251419105719,-97.16365750593337,3.0,-11.0,right
-72.66558989583622,-402.39580750479945,-112.93605286277258,-70.1765600892868,-380.8958217195846,-102.72987347215337,-0.10401604740490578,-0.8984800160910812,-0.42651415283344457,-123.37658309071597,-149.78267055349505,-3.0,-11.0,right
-13.575530859219793,-366.89210574921054,-173.10360067255482,-18.711153921264636,-348.9826081185581,-157.20396796539683,0.20967437938326688,-0.7311990688191101,-0.649141414784412,-46.234476696984146,-211.72246171476698,-9.0,-12.0,right
-59.51409537413231,-398.83574240029327,-121.73257447519563,-59.005929122795266,-377.2978205550525,-110.64103100746652,-0.020971360662805104,-0.8888420389103592,-0.4577335817892608,-108.0129559186426,-158.66472683938463,-4.0,-11.0,right
20.219838720995135,-315.65706036885933,-223.2560962867401,11.22296335231621,-305.31811980409196,-202.3919221169781,0.36040846166313656,-0.4141706438600537,-0.8358040551027257,16.862558947594955,-263.4853613555769,-14.0,-13.0,right
-164.0895702096914,-394.2384898393636,-54.72437641039386,-146.7442842110409,-376.5397151474751,-48.152550938670984,-0.6765524616001307,-0.690340279545398,-0.2563338938571826,-233.26554139978293,-88.49060530173983,4.0,-11.0,right
24.10327778803881,-275.5946974057194,-248.20587356313337,15.174871921178863,-273.3208389331524,-224.55210047460994,0.3517225833106516,-0.08957560711062798,-0.9318086901290652,44.84597476886366,-298.48041993984685,-17.0,-14.0,right
-46.86031925869686,-394.4237234939993,-130.5326055055605,-47.895660897756116,-373.4282220349932,-118.99473229526008,0.04317652334455191,-0.8755687250239818,-0.481160259780207,-92.81248975747405,-167.38771081449067,-5.0,-11.0,right
-2.584425600619767,-358.4299350770699,-182.2190210185915,-9.217158518411662,-341.5454114952298,-165.48401611316376,0.2687408650878415,-0.6841164162977281,-0.6780583134095415,-30.213377825849726,-219.97865394247103,-10.0,-12.0,right
-34.45363169676061,-389.0806969825604,-139.41165105500514,-37.04834448622191,-368.69218962371167,-127.1703193201821,0.10846441956488838,-0.8522822354188619,-0.5117132604084823,-77.33416224644685,-175.95301467654977,-6.0,-11.0,right
7.668412381741732,-348.7844544331066,-191.26386470828788,-0.339272629969976,-333.5044256476333,-173.66264632739382,0.3249134826126758,-0.6199903417590622,-0.7141730917235565,-13.932624884417152,-228.26574998602095,-11.0,-12.0,right
-174.2364559217059,-387.7458566344689,-47.107825326470405,-155.50912753390887,-372.7966045244715,-40.55565707410143,-0.753858179538307,-0.6017738220709193,-0.26375388568388347,-247.89955197964738,-79.92268174788134,5.0,-11.0,right
27.78547373986317,-303.19043717052415,-231.23219253456128,17.65732652126365,-294.5941596489894,-209.44450322105936,0.3968988975672318,-0.33686843188984605,-0.8538096536734592,34.20953026204337,-271.7414193203139,-15.0,-13.0,right
-124.7795433092559,-411.0799337612709,-63.09996150917986,-115.04344161222394,-390.2615341500133,-57.47526463004496,-0.4114861411594568,-0.8798678555055999,-0.2377219225937656,-184.41167946990805,-96.35871849964349,2.0,-10.0,right
-137.9503064105162,-408.87174804761764,-54.830555460809045,-126.28211472355775,-388.4078356079801,-50.05864116233097,-0.4854631725934586,-0.8514152083844305,-0.19853878962860286,-200.02288347867886,-87.79514244353389,3.0,-10.0,right
-111.37448134556503,-412.03305500138066,-71.3736527751837,-103.57641913745799,-390.4096569590773,-64.97357105425635,-0.32681352544745296,-0.9062275675374688,-0.2682247479628412,-169.000140139659,-105.07870867370866,1.0,-10.0,right
-97.87809529989384,-411.7997470458339,-79.63377546351673,-91.87038579543142,-389.7649373988599,-72.7214091192431,-0.25176643013594685,-0.9234177117623752,-0.28967808729715844,-153.68217859370964,-113.26567980332231,0.0,-10.0,right
-22.15072091631255,-382.8145751194744,-148.32892304966123,-26.43075994118444,-362.93017904311193,-135.11605386454164,0.1764626464397921,-0.8198180283173856,-0.54475621598772,-61.418052677873874,-184.33465836403872,-7.0,-11.0,right
17.297098181985426,-338.48331186997484,-200.34129739883656,8.129100113461877,-324.55169696392346,-181.98141379626344,0.3696210322887505,-0.5616730985910142,-0.7402051221174893,2.8206324956769038,-236.46122640760422,-12.0,-12.0,right
-84.38064583843382,-410.7151364242817,-87.95664279304609,-80.63297184561182,-388.44991612916465,-80.59911302383529,-0.15781696806078652,-0.9376027815949236,-0.30983032217257644,-138.4677911126507,-121.9433793112104,-1.0,-10.0,right
-150.94760341428736,-405.1750379524726,-46.92125379291396,-137.12639077391518,-385.4680925390725,-42.588406949473,-0.5651143182441445,-0.805766998290557,-0.1771591143048572,-216.10325482114678,-79.4274009362385,4.0,-10.0,right
34.02819236824625,-289.6723822971352,-238.47657268433156,23.29862406292962,-284.0317000021539,-216.05146025027634,0.42090443932330746,-0.22127527885661172,-0.879702622438322,50.42732178200487,-280.82777040881956,-16.0,-13.0,right
-71.12838840463283,-408.5902990225326,-96.67764450113272,-69.11675449336583,-386.15835347880613,-88.61030263899431,-0.084087058756883,-0.9376638126857323,-0.3372179427748062,-123.36031241715148,-130.8285787841122,-2.0,-10.0,right
-10.421324492012594,-375.50962018343876,-157.51986348341916,-16.188659859410034,-356.64415878582565,-143.45682396310715,0.23805620704738795,-0.7787027974656017,-0.5804749740561237,-45.49126693110056,-192.86824516765276,-8.0,-11.0,right
-163.57458803208831,-399.6950395702889,-39.80199268561386,-147.52308274548864,-381.6408990740674,-35.3935245735579,-0.6536475558195745,-0.7351986369546448,-0.17952113243606851,-232.11078126650452,-71.96245448126103,5.0,-10.0,right
-57.79437001359294,-405.5796580821956,-105.43010066406842,-57.509548400348365,-383.1919737372059,-96.43202586698841,-0.011803651321675743,-0.9277962332201305,-0.3729005543546612,-107.92230486622435,-139.48106977344406,-3.0,-10.0,right
26.245952179042128,-327.3213083974923,-209.20127205010044,16.39313272517029,-315.0528118029562,-189.97241998619273,0.3965494272542072,-0.49377392132377546,-0.7739094691014591,19.47846604647122,-244.76148677218757,-13.0,-12.0,right
1.0352701669722677,-367.5333851302454,-166.60982461630192,-6.256123518381264,-349.4954191940697,-151.79009489037776,0.29812812146804746,-0.7375304546315888,-0.6059442645003377,-29.276574618717433,-201.02309596173873,-9.0,-11.0,right
-176.13710619109304,-392.77115553415865,-32.738266685988236,-157.15954102730265,-376.8462429874624,-28.787360102156423,-0.7564683399702584,-0.6347859725101197,-0.15748783993382828,-249.3991222205791,-64.41764775021628,6.0,-10.0,right
39.2260978562837,-273.5066297347761,-245.86499497058506,28.661359491213517,-271.97313792970994,-222.64241227267212,0.41334989034143804,-0.059998520319189695,-0.9085934435787157,68.0564479644318,-291.57856909391364,-17.0,-13.0,right
-44.79977618296727,-401.17199209363486,-114.12070752151104,-46.248852053326225,-378.9424945237555,-104.21782742648004,0.05944042359884277,-0.9118437336312595,-0.40621157231151717,-92.53090204843528,-148.22173024855164,-4.0,-10.0,right
34.6102337904253,-315.484383576754,-217.53715449587534,23.73602143821612,-304.81156818960113,-197.64066061102267,0.4339186563851177,-0.42588222140971266,-0.7939388724127712,36.06233083307252,-253.08986788785435,-14.0,-12.0,right
11.860730217768868,-358.4783313798947,-175.80779024374007,3.229913001539802,-341.5867534528541,-159.9354808863847,0.34895235347521414,-0.6829429617009233,-0.6417329398334484,-13.01309164123601,-209.34387749652586,-10.0,-11.0,right
-32.17065535909259,-396.0090120947125,-123.12409761393863,-35.13982073897208,-374.3117628015956,-112.5321821862496,0.12205511720886444,-0.8919207813506247,-0.43540770337468965,-76.93069366143993,-156.93812302319614,-5.0,-10.0,right
-124.23804974345424,-415.4475739865242,-46.56352260023465,-115.22258101612557,-394.08751604639934,-43.21904148116886,-0.38487028225183023,-0.9118606893295932,-0.14277587014182563,-184.05249432898302,-77.69771493365936,3.0,-9.0,right
-185.21552012255484,-385.740933557289,-24.923018932719074,-164.91041540624582,-372.8810685539722,-21.688573299199362,-0.8372722640322738,-0.5302710050950015,-0.13337097524501818,-262.77134712679265,-54.7745480970722,7.0,-10.0,right
-110.70673040601434,-416.7873731663353,-54.53078600972978,-103.50858216038677,-394.7635249787188,-50.61496936051247,-0.3063189222711867,-0.9372301334850788,-0.16663851519429743,-168.8876824030484,-85.99034758819546,2.0,-9.0,right
42.10792759272236,-302.8776463762997,-225.6330373096793,29.895614661055127,-294.44892768953594,-204.94913558739677,0.4797421189041964,-0.33110937993982525,-0.8125355855992871,53.38531422963234,-261.641975919139,-15.0,-12.0,right
-151.0740667023085,-408.96981005732016,-31.012604741545445,-137.8697344281423,-389.04219841840415,-28.91861737867973,-0.550252698845632,-0.8304260948744995,-0.087260921176589,-215.46257990784073,-61.648842037468114,5.0,-9.0,right
-137.73972394433702,-412.9367054977604,-38.657509354517146,-126.58692923048031,-391.66638848930904,-35.88599851002931,-0.46131145770420456,-0.8798010899284354,-0.11463760792845891,-199.53292900089636,-69.62479818602529,4.0,-9.0,right
-19.62817097797099,-389.97965283102997,-132.08031280434258,-24.475894201733343,-369.1236105856751,-120.63914010426556,0.19968333974958086,-0.8590845593446693,-0.47127516773327754,-60.873019766430225,-165.32531053545335,-6.0,-10.0,right
21.955394110247695,-348.46451964327605,-184.93225458525058,12.14017215558611,-332.9401351053052,-168.2871608189298,0.3959797904620423,-0.6263070325657054,-0.6715202949311193,3.3947955508303664,-217.65007499331597,-11.0,-11.0,right
-96.9684216283151,-416.7683488297836,-62.789423073376796,-91.42883975983857,-394.29239493121145,-58.105495077822184,-0.2345523626384182,-0.9516581241378206,-0.1983229788582768,-153.59882615924934,-94.12902833784,1.0,-9.0,right
-164.0367365994692,-403.3888766797809,-23.97403499885536,-148.6554261168278,-384.7496999490936,-22.005156556861944,-0.6343792333459174,-0.7687450726618381,-0.08120345779331777,-231.10026420744586,-54.132234334439104,6.0,-9.0,right
-83.32812168147746,-415.7536645580747,-71.26246826960829,-79.47862735306714,-392.8579494394794,-65.86212368003258,-0.16149331900265385,-0.9605170731523371,-0.22655432041869136,-138.43876082568372,-102.97866224483465,0.0,-9.0,right
-7.768232633573922,-383.29462766097737,-141.07414035275826,-13.837028159051926,-363.1631653942819,-128.94643027334132,0.2500205915357655,-0.8293705206030478,-0.4996341094868677,-45.114666211399474,-173.5699737033293,-7.0,-10.0,right
48.24102142628246,-289.4848818751846,-233.0504788383427,35.458449062986226,-283.68113239653314,-211.62074050739673,0.49895721024867107,-0.22654459263341672,-0.8364922294256073,69.27616524255048,-271.00805530156896,-16.0,-12.0,right
-69.74927308175397,-413.70870204091625,-79.9121322785474,-68.09420026924487,-390.4746297740651,-73.5652613690075,-0.06855527599623168,-0.9623855970153051,-0.2628956766296761,-123.19213276005166,-111.7917805877403,-1.0,-9.0,right
31.321374727236005,-337.7872086230543,-193.92415210939134,20.756126114853153,-323.6972156036935,-176.46106857004827,0.42599327025901673,-0.5681117808443601,-0.7041155715931002,20.03249822962586,-225.9547016933455,-12.0,-11.0,right
-176.47209910948953,-395.9749673150773,-16.58571458314313,-158.21956787591517,-379.4781436830209,-15.004682987969243,-0.7403598225999412,-0.6691447482761022,-0.06412985992730266,-247.5806678706869,-46.29903220528266,7.0,-9.0,right
-56.492691855893824,-410.79119125347455,-88.68031140111265,-56.48245293288825,-387.7287484490457,-81.45588719818485,-0.00042366473800626745,-0.9542745641513487,-0.2989312240665789,-108.0000133582835,-120.46128241995267,-2.0,-9.0,right
3.933611102093697,-375.43636264156555,-150.14814593577978,-3.820848626860247,-356.1501858291057,-137.1087659754545,0.3160183444186604,-0.7859716704288431,-0.5313952759238484,-28.83293813127448,-181.8091577342665,-8.0,-10.0,right
40.26677510845804,-326.3641576143833,-202.63165381406088,28.678240296747312,-314.2323872359735,-184.67683992747556,0.4715896164464309,-0.49369631558503185,-0.7306621528707182,36.801834733374704,-234.28543062343647,-13.0,-11.0,right
53.754638174340386,-276.41680464133185,-239.91714483462374,40.72693916464587,-272.66962501960825,-218.30306302679887,0.5106229093125447,-0.1468713514748338,-0.8471676638075537,84.67885138840288,-280.46080408222224,-17.0,-12.0,right
-43.2055796409036,-406.984287538162,-97.30338191224652,-45.215426885152006,-384.06261103876943,-89.42464738385121,0.08263791724878598,-0.9424594884914214,-0.3239461177190911,-92.5362475686846,-128.99702324850094,-3.0,-9.0,right
15.283621251806636,-366.8706256534,-159.35374018071457,6.086002961055835,-348.8248963693132,-145.51458530647827,0.3749395843005536,-0.7356315539839086,-0.5641511543086197,-12.348808880785448,-190.02645635511368,-9.0,-10.0,right
-30.156228623033396,-402.02485332415563,-106.26436569948692,-33.699048588025924,-379.522530503624,-97.43741067163425,0.14501968178831223,-0.9210966764263038,-0.3613173183926199,-76.77885143897132,-137.7394789662045,-4.0,-9.0,right
48.645944925014646,-314.39461623108105,-210.95491678360062,35.53476880346366,-303.83778149020736,-192.24058889029186,0.5208856247799094,-0.4194058114023526,-0.7434896981529587,53.41283410345905,-242.67031264805132,-14.0,-11.0,right
-188.16270421282573,-386.06020330038655,-9.445040002342015,-166.51693374573688,-372.7399853619806,-7.833656758208699,-0.8499562708235298,-0.5230399528950961,-0.06327357555294605,-264.7980138991108,-38.42719506840589,8.0,-9.0,right
-138.1123383243151,-415.21639673399386,-22.256151833351193,-127.31007360816452,-394.1901667743094,-21.2965009977122,-0.4565963437005774,-0.8887487923755165,-0.04056307397529805,-198.63060274578297,-51.527673427077644,5.0,-8.0,right
-124.18824850406438,-418.13509747625324,-29.97029159928331,-115.33440358895419,-396.36381135142125,-28.35397401811091,-0.375827511122635,-0.924146329271065,-0.06860935780330647,-183.15793486566233,-59.3213332854902,4.0,-8.0,right
25.954896104839804,-357.3857903703498,-168.62083266856192,15.468552492642537,-340.57597701018716,-153.81886935897268,0.4240130441112977,-0.6797011806379137,-0.5985141965424855,4.059393288638205,-198.33780492186455,-10.0,-10.0,right
-110.41012948428198,-419.70825637605293,-37.54758670758197,-103.42500116468659,-397.6488824286338,-35.43096211881641,-0.30062321337500125,-0.94938268528445,-0.09109445900917983,-168.1516439680806,-67.16577164873412,3.0,-8.0,right
-151.5551440529419,-410.8420981724191,-14.567671436485252,-138.95499840108872,-390.9403951600432,-14.459710270126278,-0.5349171887604249,-0.8448920608595729,-0.004583302860117757,-214.07274556433188,-43.49047516795264,6.0,-8.0,right
56.04573640013861,-301.5769752798771,-218.99040828752197,41.779694846912136,-293.37899565509235,-199.65650249047556,0.5619310366482148,-0.3229136247633013,-0.7615512464658493,70.57157539395901,-251.37450171313301,-15.0,-11.0,right
-17.66216810260064,-396.30807867346954,-115.1999799395212,-22.60226622406092,-374.354159891838,-105.48241587007666,0.20154263722300184,-0.8956604868653296,-0.3964503217924765,-60.98818963945765,-146.12102470349973,-5.0,-9.0,right
-96.52251130363058,-420.2102742022753,-45.580897735544504,-91.3861272700033,-397.4866390307283,-42.749101085431775,-0.21886397243925357,-0.9682658129425216,-0.12066431558197947,-153.06194526018126,-74.98534922021001,2.0,-8.0,right
-165.02206640723674,-404.81782799410075,-7.534887475629107,-150.09224762949765,-386.0485266697061,-7.8063063982518095,-0.6224758575615891,-0.7825571838256239,0.011316395003395657,-229.53404664741558,-35.86593234250451,7.0,-8.0,right
58.18522932044385,-262.2511573580063,-244.67236061737043,45.09751835699936,-261.8273072538442,-220.63095219717724,0.4780686803678654,-0.015482421680653832,-0.8781859891106383,101.84848424380323,-288.8786336940854,-18.0,-12.0,right
-82.613598107313,-419.4997808750975,-53.94292257041923,-79.28725413250581,-396.2282448286053,-50.39105539036548,-0.13991004690995035,-0.9788289258689956,-0.14939582542964105,-137.95060298534975,-83.68612987566853,1.0,-8.0,right
35.825725927408726,-347.0675341704467,-177.83710464489633,24.509954880007385,-331.47513099433786,-162.18641999074512,0.4558833589237747,-0.6281778858764255,-0.6305258969718859,20.392858506489667,-206.77811959694884,-11.0,-10.0,right
-5.162015748564784,-389.9138547593667,-124.094712282536,-11.934960177889256,-368.6906526667146,-113.71411799740167,0.2755749227806982,-0.8635213737350996,-0.42236157381686423,-44.730205799603695,-154.17205293906423,-6.0,-9.0,right
-177.8336806265319,-396.5763649578058,-1.164169564152009,-160.05793397627144,-379.88077382463337,-1.1974636572224537,-0.728905454211792,-0.6846130110704026,0.0013652448197852033,-246.21487783656494,-29.378930019881253,8.0,-8.0,right
-68.86451635999154,-417.77425638743176,-62.63006212613248,-67.37730250452019,-393.90014422191086,-58.09621122821457,-0.061085902823204266,-0.9806065821455627,-0.18622363848091886,-122.80499007249081,-92.50072978664167,0.0,-8.0,right
62.216389610712184,-288.1681659070698,-226.4321624731923,47.492073601652294,-282.00175072887237,-205.9556265023102,0.5671095328125547,-0.23750052828831356,-0.7886572619686563,86.30642116646152,-260.77326866646854,-16.0,-11.0,right
45.352158386481946,-336.01687057824057,-186.75574225671755,32.736284074281244,-322.22932897686223,-170.70262692913445,0.5120797947815436,-0.5596379053132956,-0.651597804410849,37.42570320136508,-215.05763456979727,-12.0,-10.0,right
-55.39856177453517,-415.2672510881878,-71.1478174991453,-55.65487944183049,-391.5918492524947,-65.9631420393618,0.010575118625613871,-0.9767964321907739,-0.21390861816539597,-107.58909479516801,-100.81973456830096,-1.0,-8.0,right
6.691362162705344,-382.4828466963543,-133.24347560874284,-1.5058758993238848,-362.13937486697796,-122.0349514131008,0.3328026594420641,-0.8259320366041859,-0.4550589640685604,-28.536470902011445,-162.3998648423096,-7.0,-9.0,right
54.056015593330166,-324.5093712831533,-195.40913116867804,40.254258397559056,-312.4460183247112,-178.6808001880773,0.556156342851824,-0.4861055131410072,-0.6740857159142319,53.857231927143225,-223.48899588473736,-13.0,-10.0,right
18.235736883750384,-374.27792116309695,-142.40309083761684,8.380385246507668,-354.9965621092628,-130.36542357021625,0.3977930562304044,-0.7782564264187264,-0.48587819374080565,-12.18473271789135,-170.5678472524237,-8.0,-9.0,right
-41.99603956150399,-411.80424520910157,-80.0252114008273,-44.3371949576565,-387.92777620616675,-73.67896096571363,0.09433996347144975,-0.9621340032643175,-0.25573058294772627,-92.27719758978999,-109.60565542526136,-2.0,-8.0,right
-189.58786659799281,-385.9281155049066,4.917052149924309,-168.9351969117041,-372.3917466784053,4.921029834545632,-0.8363625433013768,-0.5481766779194805,-0.00016108263371628214,-263.13559843894546,-23.182443472932746,9.0,-8.0,right
67.76739600302727,-273.9752296645358,-232.9180102402588,52.7332421487878,-270.3379231845423,-211.40972312131356,0.5674832732840805,-0.13729476279252217,-0.811857673889045,102.78538686158282,-270.4300622323586,-17.0,-11.0,right
-28.849132779277596,-407.1508475667489,-88.86369568382301,-33.013701294393755,-383.7862015914918,-81.7856022072593,0.16815737757038604,-0.9434200880112351,-0.2857999893378658,-76.69157691733534,-118.22206209350446,-3.0,-8.0,right
-138.87095327690258,-415.7111001323392,-5.374234087744465,-128.53338124953774,-395.3226756812773,-6.3407972807100474,-0.45181994059066116,-0.8911083472822175,0.04224517355398313,-197.15606907204258,-32.86719292718273,6.0,-7.0,right
29.433162950839197,-365.12217698174163,-151.6692067613373,17.928460620499166,-346.91311616487803,-138.76051626650533,0.4581538751079191,-0.7251427751695039,-0.5140651537918784,4.4866028826978095,-178.75907658444234,-9.0,-9.0,right
-124.71939935455524,-419.10469261324766,-12.889930706379412,-116.12306609823784,-397.8903678173176,-13.238944185832764,-0.37550879511450813,-0.9266934291354098,0.015245759702479798,-181.96795153899214,-40.47485712394398,5.0,-7.0,right
62.275135326899324,-312.1288532947842,-203.6963576070445,47.217394156746856,-301.9571842130624,-186.28593485904423,0.5983396740986253,-0.40418500322348555,-0.6918266528320386,70.4395715902929,-232.03339006769093,-14.0,-10.0,right
-152.54766861338865,-410.81653025096426,1.8869188741907328,-140.2454467803617,-391.26773973157,0.41912423744152943,-0.5315464948056413,-0.8446515775205354,0.06341952737057668,-212.3310983355432,-25.34197892475831,7.0,-7.0,right
-110.5353234901422,-421.21821781363906,-20.483564337121766,-103.77170382843897,-398.9268834543704,-20.246121874273996,-0.2903331723109542,-0.9568713415711002,-0.010192386167166457,-166.97298109057607,-48.35717546170161,4.0,-7.0,right
-15.91446280023269,-401.8884176407147,-97.8172874112061,-21.324271021820422,-378.85267951073314,-90.18642472424341,0.21758952365794978,-0.9265273520806767,-0.30692322336486105,-60.82816535679776,-126.63149472797512,-4.0,-8.0,right
-166.33499290930735,-404.2321508927097,8.08325085172073,-151.63191973784728,-385.7601232735245,6.732990432114775,-0.6217517499405077,-0.7811302687026799,0.057098728202958374,-227.87312470366948,-18.693471232011923,8.0,-7.0,right
-96.41658961667424,-421.97936898306733,-28.1994094836706,-91.69850791350287,-398.9997368072381,-27.236583329570884,-0.20095130525362517,-0.9787424997064219,-0.04100844041522483,-152.03825048098852,-55.84827772402592,3.0,-7.0,right
39.64191810096686,-355.22132908024753,-160.95664414064453,27.194437341027026,-338.1464542054886,-147.25926851587093,0.49431003466003587,-0.6780715032973986,-0.5439454256176809,20.57028046329667,-187.22697009534343,-10.0,-9.0,right
-82.33267902406313,-421.80035544749046,-36.289820360122235,-79.38068799944546,-398.455537494189,-34.6986019669605,-0.12516678473426704,-0.9898389863160176,-0.067468934837929,-137.11991897074932,-64.24531438909261,2.0,-7.0,right
-3.310990460379453,-395.61318671709,-106.86307887205598,-10.395359417664281,-373.4071604775366,-98.20576161733234,0.284918635331811,-0.8930803478000687,-0.3481793555252331,-44.63865181814998,-134.87098369728494,-5.0,-8.0,right
69.29604461591975,-298.9590724631091,-211.75820304323946,53.55702167213876,-290.7803523030922,-193.20299606758047,0.6131499431254542,-0.31862090924360104,-0.7228608880262047,87.20104512196302,-241.03452141475861,-15.0,-10.0,right
-179.35454876210332,-395.3968357958816,13.76831468048081,-161.95342726180718,-379.226108647502,12.428136423418533,-0.7313671466433925,-0.6796538127417808,0.056327538879863095,-244.31477009948097,-12.968310872003272,9.0,-7.0,right
72.14483478788716,-258.96878253937456,-238.3316975019432,57.833839442281345,-257.86350478269134,-215.99523971878898,0.5390048372849204,-0.041628834543546024,-0.8412733357940227,119.86126539604463,-279.8618139827708,-18.0,-11.0,right
-68.42476242123877,-420.42295279106406,-44.92258602899851,-67.26417905728212,-396.63289700240773,-42.282608208934896,-0.048429868357664434,-0.9927328840370634,-0.1101633732340925,-122.15789357948351,-72.99041758954851,1.0,-7.0,right
49.46117393182672,-344.60392480893773,-170.11666809945774,35.96738207379664,-329.279988240452,-155.6246205942658,0.5389224185512657,-0.61201573613276,-0.5787912970222777,36.980422249924956,-195.68519536995424,-11.0,-9.0,right
8.884456287097954,-388.5074716265859,-115.9995733239519,0.21574488283210513,-367.21205308690355,-106.54231603510988,0.3486838275544464,-0.8565711441421807,-0.3804017132255538,-28.345946872427195,-143.0195959012632,-6.0,-8.0,right
-54.66735727263581,-418.3042409012811,-53.40746813662297,-55.395623547210164,-394.1626631460068,-50.21023207051525,0.029891987231419285,-0.9909009372001326,-0.13123186257634098,-106.94513397281543,-81.25301626422163,0.0,-7.0,right
-191.5330333170203,-383.67771512354915,18.434756191616238,-171.00642479519217,-371.25004879134303,17.291199841030526,-0.854462615841137,-0.5173273642221692,0.04760290281972928,-261.61324455249866,-8.727260605585357,10.0,-7.0,right
58.60091194581723,-333.4047783089492,-179.0017670269017,43.999415414831375,-319.9570098920557,-163.91738137502495,0.5856621444128932,-0.5393864164465932,-0.6050306986877556,53.52309549106848,-204.12210944760247,-12.0,-9.0,right
75.51195525532026,-285.08759800746384,-219.14159400911177,59.303153554528805,-279.132048271401,-199.38164924295586,0.6176634062032963,-0.2269461496101896,-0.7529856318778274,103.15020538865025,-250.4507982706027,-16.0,-10.0,right
-41.090890057274954,-415.21120480556476,-62.12798291905128,-43.67492689308803,-391.2001103705081,-58.02364134213441,0.10548798142107625,-0.9802034740994644,-0.16755129106947336,-91.6769048621979,-89.84766607790148,-1.0,-7.0,right
20.69244782302645,-380.56445996772885,-125.07214802059072,10.3957948462022,-360.2671887576174,-114.81133375712093,0.4124325004900362,-0.8130073274444363,-0.410996980598631,-11.912222355919553,-151.0364754487511,-7.0,-8.0,right
-27.648612485829965,-411.22869488372726,-71.08172738238568,-32.13947646004918,-387.3194320132826,-65.88301251981483,0.1805253244396436,-0.96111293095894,-0.2089797626074765,-76.16043405698791,-98.49894337849483,-2.0,-7.0,right
67.22924013863563,-321.4855209689871,-187.62270009332644,51.656940013169546,-309.77867514835793,-171.77151697595187,0.6200184174059566,-0.46611354520787457,-0.6311222742473598,70.00984279693331,-212.6382551128927,-13.0,-9.0,right
32.09153957523351,-371.8139223426631,-134.25908512336912,20.24981429040205,-352.779885209246,-123.2044727896441,0.47377307052545997,-0.7615287468917992,-0.4422816357280546,4.590284302902596,-159.12376820923578,-8.0,-8.0,right
-139.8921754795228,-414.58710908824503,11.060891544481795,-129.69696314546061,-394.4002284368021,9.126766832167394,-0.4491704256825663,-0.8893733135030253,0.08521172408061904,-195.33721759913766,-14.554891470989851,7.0,-6.0,right
-125.604520167445,-418.59797611946397,4.071280106821698,-117.3231823674495,-397.49173014549535,2.379816934470252,-0.36424268541666516,-0.9283277531109991,0.07439656527246323,-180.3723566416704,-21.611260407597207,6.0,-6.0,right
-153.97819550119007,-409.29579271195485,17.517617978203,-141.55660977218946,-390.02286362933467,15.167724038978278,-0.5389171633030099,-0.8361663716973278,0.10195140970071709,-210.65601138289176,-8.023947470024297,8.0,-6.0,right
81.05050967596776,-270.1949322249666,-225.4787809069942,64.50914694095819,-266.66405666587264,-204.8622531182333,0.620295053131536,-0.1324065421704055,-0.7731122522965352,119.96315889754263,-259.77816720147507,-17.0,-10.0,right
-111.18045844417222,-421.0294238608923,-3.0699920384872192,-104.83316476721683,-398.88150450244575,-4.845934136112643,-0.2746813491769472,-0.958458940213785,0.07685451410685021,-165.55852880060388,-29.074808047774464,5.0,-6.0,right
-14.6799299876587,-406.17549436385667,-80.06751829411255,-20.47666524537381,-382.28102187088564,-74.10453333341063,0.22911726013405473,-0.9444343801369304,-0.2356883169018692,-60.54953161054654,-106.98811036002564,-3.0,-7.0,right
-167.74122396454297,-402.0634216829887,23.28826948710062,-153.08599295859415,-384.16277867439146,20.816507907796357,-0.6298922503648512,-0.7693823661384955,0.10623807041467652,-225.76126961567888,-1.6751855143568974,9.0,-6.0,right
42.76081004423473,-362.28550967660647,-143.44909697363144,29.537329723535912,-344.2598265439982,-131.58727154972303,0.5225045488443768,-0.712255866413044,-0.46870094644361276,20.838216388781,-167.36190941193746,-9.0,-8.0,right
75.33922018186846,-308.48545275639253,-195.92179293571178,58.62246669216747,-298.9231648774328,-179.27400204769498,0.6566777865300492,-0.3756316704907472,-0.6539687552187229,86.76026475667199,-221.30171054217928,-14.0,-9.0,right
-96.82249904369573,-422.44578354081625,-10.794841628462578,-92.4054150541914,-399.32885041678543,-11.89196638556085,-0.18747671721954762,-0.9811646653256076,0.04656586751119462,-150.7596823901524,-36.639334338305005,4.0,-6.0,right
-180.9929788553589,-392.45023174397875,28.268845354265814,-163.56177251582008,-377.0333986338931,25.537827235195557,-0.7439564919431009,-0.6579838970430663,0.1165586947753559,-242.04389370873866,3.388261482925614,10.0,-6.0,right
-1.7639166579979921,-400.2562475637138,-88.90117229581243,-9.259737339587648,-377.2792250798145,-82.2852369410374,0.29913927145802255,-0.916954935033291,-0.26402527036186624,-44.428322328155204,-115.06680140793897,-4.0,-7.0,right
-82.45130742013558,-422.7042106255956,-18.670386088719845,-79.87423171278226,-399.2941415338306,-18.975061794050585,-0.10941389076018804,-0.9939121054869582,0.012935496712503297,-135.97738695556112,-44.87859039303565,3.0,-6.0,right
52.893527035806514,-352.1913341571047,-152.6997171618604,38.79563319674088,-335.72782308315374,-140.28946452360492,0.5644523837633852,-0.6591671193505315,-0.4968824964022725,36.9138149265977,-175.82081734691766,-10.0,-8.0,right
-68.43297275205597,-421.89935038832937,-27.019332845328485,-67.52172372847949,-398.0603036108214,-26.546190367800847,-0.03818965536777837,-0.9990737517130079,-0.019828990417700722,-121.2540274534156,-53.33458303999012,2.0,-6.0,right
85.1966456145386,-255.102998208174,-230.39977694952046,68.70688906382833,-254.1605277380019,-209.65545841862726,0.6218667460660455,-0.035542734833403096,-0.7823160896580045,136.04087392341063,-268.69486730765834,-18.0,-10.0,right
10.735311463737165,-393.4912165014898,-98.12277973683396,1.4619480625383936,-371.49353359980176,-90.5599746370211,0.37031607870072847,-0.8784402508805093,-0.3020078268666288,-28.093162280341957,-123.23216369593264,-5.0,-7.0,right
82.29329835245719,-294.97814696152983,-203.79484582482297,64.96934717209183,-287.4573585222672,-186.2894041349052,0.6727446031492844,-0.29205634334018893,-0.6797924618942678,103.48645067679769,-230.14373331292214,-15.0,-9.0,right
-192.95151352694347,-380.3982602523043,32.33041416961511,-171.98800724263174,-368.25840445560766,29.643343180036144,-0.860095991149128,-0.4980770469528389,0.11024582217906721,-258.4576991982771,6.707351197995109,11.0,-6.0,right
62.73388463745253,-341.1980487743822,-161.79050339759402,47.47771720988129,-326.5569182166108,-148.5551755440282,0.6115753803459332,-0.5869203410406576,-0.5305657993382585,53.50641797485523,-184.19908717592688,-11.0,-8.0,right
-54.30514152524007,-420.15284554803793,-35.511367718519935,-55.34934443035502,-395.9925574417199,-34.172605685627474,0.043113478721674335,-0.9975399053947245,-0.05527535705538061,-106.03973543051666,-61.61840887895248,1.0,-6.0,right
22.560748480727945,-385.95941494128306,-107.12362863257809,11.735601511400745,-364.627635988995,-98.95066892433115,0.42822752715440804,-0.8438550512456009,-0.32331074444643043,-11.97321691349267,-131.18445691309745,-6.0,-7.0,right
-40.63510971555205,-417.49343355918,-44.06436087522785,-43.43100873245649,-393.3157459122199,-42.008052931776064,0.11446630417753796,-0.9898535432694519,-0.08418686408726048,-90.97106567474611,-70.0557816167809,0.0,-6.0,right
88.1932456651395,-280.6391954891111,-211.03223827106075,70.45898360571505,-275.1654701725937,-192.74227539941614,0.6805842973711516,-0.21006408307612337,-0.7019103184689646,119.29489161551142,-239.25476902628742,-16.0,-9.0,right
71.69557818961064,-329.5318307819061,-170.65813763161617,55.291783729078915,-316.6246664915146,-156.60090045172774,0.6518454257496896,-0.5128981603820169,-0.5585991568253116,70.03846463127164,-192.75523233939572,-12.0,-8.0,right
34.2504961239992,-377.6005561924757,-116.36856763709163,22.013508775239522,-357.46533599428653,-107.40889625859684,0.48543932960964614,-0.7987609626434964,-0.35542872959986277,4.560417087119237,-139.19384852184757,-7.0,-7.0,right
-26.936071570351885,-413.89642567082564,-52.971644381825755,-31.598622387111618,-389.6036958113846,-49.84042979180725,0.1869992727326169,-0.9742999046951702,-0.1255825135456947,-75.46185450499068,-78.64163057910088,-1.0,-6.0,right
80.13273740389724,-317.128401407168,-179.22295857171076,62.62756391190475,-306.13562359153,-164.6459504471796,0.6920817431207865,-0.4346087078694975,-0.576314264861542,86.50367542442224,-201.32324198470747,-13.0,-8.0,right
-155.679608403745,-406.31674666476385,33.230099777197566,-143.02814432261138,-387.40815590711077,29.294028405393114,-0.5479510186010346,-0.818955142228704,0.1704762629554387,-208.45372838276006,9.816317165411107,9.0,-5.0,right
-141.478690577635,-412.240271812675,27.276229996628878,-131.11961493099093,-392.11681014747944,23.72969405729185,-0.4521751409715489,-0.8783919941972033,0.1548068035249752,-193.3924461377459,3.7385926667255163,8.0,-5.0,right
-169.55260956713624,-398.3432281774352,38.517450153330735,-154.8459319070779,-381.00697863679386,34.23451558713563,-0.6357208925863997,-0.7493885625853416,0.18513705462555796,-223.1765954000083,15.924210662319823,10.0,-5.0,right
45.17267377502916,-368.5154174468354,-125.62923545062642,31.68122422800141,-349.7904341636553,-115.82470178108711,0.5380363777065408,-0.7467486827994163,-0.3910028912959102,20.69117439282087,-147.4203463861243,-8.0,-7.0,right
-126.96716973066492,-416.66926504444393,20.831287279569622,-118.6445944171966,-395.73083574913466,17.556774971983117,-0.365529917653915,-0.9196218775852902,0.14381752871756487,-178.4972332941813,-2.7416068648323986,7.0,-5.0,right
-13.479297745377501,-409.2709219146634,-61.733010701510864,-19.904474462292495,-385.3789289181244,-57.766538416704535,0.2564244924237458,-0.9535134124794616,-0.1582992479672485,-59.68211760665291,-86.86148201967563,-2.0,-6.0,right
-112.43816632068136,-419.6336427573191,13.81703464996004,-105.9905094323068,-397.9533934780525,10.87391692856486,-0.2826757798591471,-0.9504974409552319,0.12903107462382193,-164.0500893209842,-10.224890279607266,6.0,-5.0,right
93.45507014033831,-265.7130979506091,-217.10048918526724,75.03395801437262,-262.2846411709021,-198.0315400235686,0.689047146927032,-0.1282424397759269,-0.7132796828397926,135.62560370191187,-247.75185446746872,-17.0,-9.0,right
-182.35576645452807,-388.0949208129107,42.94208537651352,-164.7370798456283,-372.95135925229874,38.25238783682907,-0.7433721817686342,-0.6389410656395521,0.19786893139635248,-238.63511441834893,20.641155742177133,11.0,-5.0,right
-97.89198595616405,-421.4386274458515,6.305974430606076,-93.48360518455456,-398.79772348054524,3.982830499564915,-0.19015754430282386,-0.9766258682928703,0.10020988836395578,-149.51753406028226,-17.70588400511575,5.0,-5.0,right
-0.5648629358291863,-403.7910006277835,-70.6949210015328,-8.429235090798525,-380.23441063965925,-66.01050838012542,0.31118159168452525,-0.932099476311321,-0.1853552892605086,-43.93261660415089,-95.08406694544286,-3.0,-6.0,right
87.84650136408445,-303.9347338171381,-187.38797592982883,69.6815649359624,-295.09292783503156,-172.12740886041357,0.7174565430490885,-0.3492228876954429,-0.6027432982171661,102.81329615277981,-209.89194474516356,-14.0,-8.0,right
-83.38418286854647,-421.9330821688688,-1.2677264499644267,-80.74262581341681,-398.759983606069,-3.3356546008318038,-0.11281633920626444,-0.9896830139800601,0.08831763950333653,-134.86465708029684,-25.694825065930267,4.0,-5.0,right
55.73679668094644,-358.6791259840136,-134.91705751440867,41.173042285295374,-341.22058865201313,-124.25314560197545,0.579947419701205,-0.6952213970646395,-0.42465067931819606,36.96248870915473,-155.75881471860313,-9.0,-7.0,right
-69.02385765555049,-421.6959949000559,-9.086222058300436,-68.41229925792345,-397.8379049389123,-10.643880313252893,-0.025570345394290903,-0.9975492170848361,0.06512846482028584,-120.12628801761647,-33.66052678434525,3.0,-5.0,right
-192.00938986028112,-376.4023347816824,46.97615428850126,-172.1873845864825,-364.39466002631525,42.26595759464421,-0.8381700297856461,-0.5077424291005498,0.19916984425409973,-250.56538839228256,24.002299342511165,12.0,-5.0,right
12.124241525161768,-397.3743874201914,-79.76107281052005,2.52684944058781,-374.5957794153484,-74.11877916596572,0.3785400122914053,-0.8984330824613957,-0.22254315409227407,-27.800431712308956,-103.14311151799238,-4.0,-6.0,right
65.83368458033127,-348.09649270485505,-144.16966414719613,49.93552379604493,-332.2323552211768,-132.60603898274235,0.6293452641369567,-0.6279984163223856,-0.45775815405622167,53.23537750732809,-164.20885440111093,-10.0,-7.0,right
-54.72991525709594,-420.48985155630135,-17.366088013474275,-56.109062231059404,-396.3869308820169,-18.20168071497663,0.05709145676054217,-0.9977695484652115,0.03459037034330612,-105.08272540755739,-41.78432199451642,2.0,-5.0,right
97.194188000511,-250.39472192113385,-222.3449159264058,79.15611856457933,-249.63197263055253,-202.49414174643425,0.6722359030926184,-0.028425850117075335,-0.7397910932407697,150.14610588021117,-257.1677723716431,-18.0,-9.0,right
94.31051174354539,-290.0435065100138,-195.20431065097347,75.74920210519903,-283.15205838927784,-178.80317089500699,0.7219449056138979,-0.2680439020740912,-0.6379247759877611,119.14025303881274,-218.53828600615137,-15.0,-8.0,right
24.324904700991254,-390.2542925009453,-88.89438380508196,13.010027072471626,-368.1515145769157,-82.5181955382971,0.4413632000521371,-0.8621704197668623,-0.24871809929872363,-11.59224603320212,-111.11633698802089,-5.0,-6.0,right
-40.644569589821636,-418.2953580142339,-26.06912998641551,-44.03806715364166,-393.9612932851172,-25.65308924601345,0.13809825056147265,-0.9902738118832701,-0.016930761649685218,-90.04194082229174,-50.44264891116417,1.0,-5.0,right
75.40257075699824,-336.8386873247857,-153.17067706326577,58.259303750300816,-322.56539414980057,-140.9275082111306,0.6737039807258216,-0.5609184309092012,-0.4811376728344409,69.59973580781826,-172.60686987886973,-11.0,-7.0,right
36.01530658912061,-382.39168693533054,-98.14666391315842,23.132292572271005,-361.40493356248817,-91.15096645164455,0.5032444050954401,-0.8197977742000055,-0.27327033896281805,4.560096067388443,-119.13903948775479,-6.0,-6.0,right
-26.860086497242808,-414.97042724264907,-34.65993693490665,-31.904252256277896,-390.36533858929863,-33.5137734022303,0.20061952748227374,-0.9786080583202106,-0.04558589018036754,-74.68254375916074,-58.74509160672928,0.0,-5.0,right
83.98895343818043,-324.9099246405781,-161.99104748127382,65.99160181219935,-312.47384596230233,-149.2227866246971,0.7105261695914807,-0.4909699788972074,-0.5040843601495032,85.7716764597538,-181.2443114384101,-12.0,-7.0,right
100.15513625641711,-275.3717913033796,-201.99310740537467,80.90250108963274,-270.40046754188626,-185.05347079560985,0.7370435802436414,-0.19031588309754127,-0.6484956634106646,135.12290165452364,-226.56509871943751,-16.0,-8.0,right
-157.79133999516114,-401.5176978352589,48.97756939306169,-145.23053514956354,-383.24937937787246,43.112528601946934,-0.5477271123215854,-0.7966092490595765,0.2557512751494991,-205.9486698050278,28.470748855679588,10.0,-4.0,right
-171.76719097508365,-392.5891529567839,53.61409772984932,-156.78432931912806,-375.9015557526817,47.19085044032222,-0.6422549509574217,-0.7153300998182579,0.27533874820787746,-220.4975777217618,34.261273032763256,11.0,-4.0,right
-143.44245085121042,-408.33232623157494,43.51038957004172,-132.95664961883244,-388.9029155843544,38.15848612100189,-0.46156832458467356,-0.8552518135108151,0.23558229395809724,-191.15442808598107,22.645692369062793,9.0,-4.0,right
47.233286350454776,-373.6847140656391,-107.48488995662137,32.96350058942284,-353.91063958904397,-99.6410473437652,0.5570707661857454,-0.7719498388947261,-0.3062117040409022,20.75451230313491,-127.26220002707443,-7.0,-6.0,right
-128.9443531988731,-413.46754348452896,37.342671726149625,-120.2807919467101,-393.0280309654457,32.16783795240666,-0.38006489212871736,-0.8966683439549129,0.22701664855322928,-176.69138009784092,16.214068625621927,8.0,-4.0,right
-13.301789118019034,-410.8507347960259,-43.47212563994236,-20.115449850213892,-386.6082116739991,-41.41579325210627,0.26968051955305056,-0.9595042206803642,-0.08138837675100485,-59.08098015937012,-67.01249688243166,-1.0,-5.0,right
-114.18852844911171,-417.00627184735936,30.591916265290564,-107.61705230922414,-395.5297993762383,25.914103712063707,-0.2864469132618094,-0.9361472393948445,0.20390319285433786,-162.41644501381433,8.852873703772268,7.0,-4.0,right
92.20867428868749,-312.1714523898656,-170.4875257183998,73.31703939338905,-301.79443764196014,-157.06100519431538,0.7439452012825369,-0.40864278650989716,-0.528731132544805,102.08993545558815,-189.7135271337189,-13.0,-7.0,right
-185.1409040253658,-380.8826833861271,57.290443004560046,-166.2099597373751,-366.9472272967278,50.71887599619605,-0.7755958631711264,-0.5709320110987518,0.2692353909399172,-236.2276209403371,38.63043438505851,12.0,-4.0,right
-99.5216272277419,-419.2193259976575,23.343658129125444,-94.82504059152298,-396.9886385298497,19.45918765675032,-0.20374726623622508,-0.9644114223695572,0.16851605236413594,-148.17674600376574,1.4973458566667404,6.0,-4.0,right
58.06439528284545,-364.29476938963865,-116.92805398388367,42.64524909062689,-345.81496621156236,-108.12159254601187,0.601646581868595,-0.7210717297242417,-0.3436232691747255,36.927489205001564,-135.62904008558215,-8.0,-6.0,right
-0.05866112857137059,-406.17011022594977,-52.281605252454824,-8.353997929950562,-382.3154482578239,-49.47416883374826,0.3264415601349986,-0.9387386257871199,-0.11047941107707793,-43.446925946993375,-75.05094207208606,-2.0,-5.0,right
104.92037992805608,-260.1723794874122,-207.95951268397695,85.11842331239086,-257.4216673842938,-190.4135065188624,0.7444417004018249,-0.10341123531910741,-0.659630708133434,150.84725452892212,-234.69564171879057,-17.0,-8.0,right
-84.88732394980423,-420.2760887119422,15.82630526020446,-81.89453663662769,-397.46315465564237,12.77587796419698,-0.1289453408553862,-0.9829036446558571,0.13142878069099084,-133.8780691152194,-6.670726801346866,5.0,-4.0,right
68.637325219943,-354.14854114356535,-126.12832097654814,51.91823179368113,-337.32772048882003,-116.61971819417907,0.6543279978499014,-0.658309252816504,-0.37213411411198993,53.32478065796711,-143.80922197126915,-9.0,-6.0,right
99.39972161015109,-298.52627828359346,-178.58195821228404,80.03098988975269,-290.15269325508365,-164.39687573564316,0.7617688571840464,-0.3293316459633502,-0.557896832032216,118.1019935585628,-198.06851206317975,-14.0,-7.0,right
12.924925696763172,-400.10130553744153,-61.30850153771232,2.8399056737204305,-376.83986361423626,-57.7143863364646,0.39383794670123773,-0.9084006282003617,-0.1403565831136583,-27.381098152085457,-83.06827213774211,-3.0,-5.0,right
-70.32339450168104,-420.32093943691484,8.132355793646498,-69.53777513484367,-396.8003174023054,5.560883704670044,-0.03318516679674586,-0.993529180070878,0.10862096046510215,-119.24156616431421,-14.618679058910502,4.0,-4.0,right
-55.972663142867574,-419.4319884347486,0.33546793830645544,-57.37570610327322,-395.5397660289956,-1.7145107760173706,0.058408975337067286,-0.9946382745414193,0.08534104766958478,-104.38570975494142,-22.327493557190323,3.0,-4.0,right
25.214230056648155,-393.50357130084575,-70.43872884953683,13.631595869590935,-371.0127658646843,-65.9510997021367,0.4508081547257097,-0.8753655112669074,-0.17466318821442092,-11.534571404003632,-91.08545355515312,-4.0,-5.0,right
78.38533165819575,-343.2167003514588,-135.2645154520327,60.536729767207156,-327.8948390989448,-124.92566306381144,0.694638076029344,-0.5963015079073746,-0.4023710414501054,69.38305427462903,-152.27136161171674,-10.0,-6.0,right
108.22791127289881,-245.12927917336071,-212.79770934970009,88.38810351327017,-244.63384698601354,-193.85893219781602,0.7232233872829892,-0.01806006131931152,-0.6903779879689548,164.35002039897216,-242.71449823356213,-18.0,-8.0,right
-41.76328333373918,-417.8024833921728,-8.001351691140563,-45.16216921124702,-393.42412212262275,-9.370959377337194,0.13787332933482807,-0.9888904638435722,0.055557137951615286,-89.48722117490979,-30.716244493277454,2.0,-4.0,right
105.55397272728769,-283.94539781170556,-186.0792522762979,85.71814633004078,-277.64470527640503,-170.93144919535024,0.7705836218594038,-0.24476976037400006,-0.5884629522140692,134.65040604515735,-205.98373142216442,-15.0,-7.0,right
37.29390118054003,-386.1185113297288,-79.76185753862427,23.908338468616193,-364.4331190242266,-74.41933749525137,0.514080035727366,-0.8328396415672443,-0.20518247561790934,4.664593165493688,-99.06020965925768,-5.0,-5.0,right
87.45867704333415,-331.8016315124565,-144.25624311551394,68.8962995266609,-318.1878277331725,-133.24315127663652,0.7274131906269483,-0.5334909515100165,-0.4315755493060982,85.23925684034847,-160.799878190862,-11.0,-6.0,right
-27.631871636307537,-415.02817332643167,-16.47343536994756,-32.88283830414509,-390.4670985076852,-17.021802278568103,0.20901784932046896,-0.977668181947853,0.021828070739893356,-74.16051036575688,-38.98696345572599,1.0,-4.0,right
-160.4752675619293,-395.01354235385134,63.880836692774366,-147.60625921550138,-377.51352846267025,56.09077662655795,-0.557655709378926,-0.7583321416786929,0.3375684711197027,-203.9768125778889,47.02714404330479,11.0,-3.0,right
-174.67857097740762,-384.80343762696316,67.41054178132933,-158.90693437524038,-368.7875776330213,59.259792933113985,-0.6596257543261946,-0.6698400423602798,0.3408932118426196,-218.8104035892958,52.22878280567187,12.0,-3.0,right
48.8369367625639,-377.9487704101811,-89.12708969070556,34.07164022479302,-357.4484406033154,-82.96212111400527,0.5677766230985333,-0.7883084501806858,-0.2370643238375425,20.77793728237162,-107.10047288234071,-6.0,-5.0,right
-145.85728862666252,-402.6405290946699,59.07084684748281,-135.01786074126724,-383.8767513767013,51.90778750390304,-0.4749377580333721,-0.8221491591466561,0.3138548806513616,-189.15463584887937,41.61153213701366,10.0,-3.0,right
-131.22160515307564,-408.52500924651645,53.42586048487254,-122.32919194969034,-388.63726357218763,46.770624738182,-0.3903751375386795,-0.8730680047565478,0.29216350056445783,-174.89993088268406,35.4145035307172,9.0,-3.0,right
-186.6764631808268,-372.3571004551285,67.99818145704127,-168.56253646758526,-357.85417853980204,61.05438358085995,-0.747854934249302,-0.5987703211518784,0.2866829255931516,-233.8749013387422,52.81361632358565,13.0,-3.0,right
95.83574300620228,-319.35869777617734,-152.96181666422018,76.3568024649211,-307.5774476438753,-141.38607661763854,0.7627227471196895,-0.4613098667440459,-0.4532628573695232,101.44128828863211,-169.30735807551883,-12.0,-6.0,right
110.88648830750301,-268.89687944431995,-192.81835832368577,90.33398007672798,-264.67565448373944,-176.99677997653652,0.782110850785766,-0.16063566588598513,-0.6020787323336801,150.18987461593377,-213.71345813105916,-16.0,-7.0,right
-13.77706087422754,-411.1535971116636,-24.902189270295363,-20.84145152779725,-386.79183419557137,-24.83019837594287,0.27850439689720735,-0.960430760559732,-0.002838147208577715,-58.4941816088132,-46.90561174390611,0.0,-4.0,right
-116.54735403748947,-412.85290098804404,47.07413451650145,-109.47136482058613,-392.0268094411731,40.84654341049412,-0.309536131385268,-0.9110284953366578,0.27242331774587053,-160.99351123264105,28.12011525312849,8.0,-3.0,right
59.90863225740979,-368.9392707628126,-98.49206658461597,43.68830957960503,-349.641505483784,-91.6014686244871,0.6206611440957495,-0.7384176822180297,-0.26366469387748526,36.95762287175154,-115.22101191225455,-7.0,-5.0,right
-101.73817832574494,-415.7345549658205,40.11856530996816,-96.6273228500659,-393.9396981981841,34.656359750251276,-0.22179801829970194,-0.9458408799057924,0.2370457107339461,-146.92891557106213,20.840358769208976,7.0,-3.0,right
-0.27266885779154393,-406.7514839020274,-33.86845683152603,-9.188747081984708,-382.7869791591519,-32.86353367891469,0.34843219074811427,-0.9365109499708665,-0.03927147864716681,-42.85653944119498,-55.11043093816561,-1.0,-4.0,right
-86.9271388131612,-417.41306712987887,32.93324246824086,-83.66609850592477,-395.15434133524184,28.14077356410855,-0.14177725694359344,-0.9677221956503819,0.2083577727351544,-132.8362344619331,12.776960709114022,6.0,-3.0,right
103.64911255187349,-306.0084229814032,-161.50837262121024,83.26734744509355,-296.0135676667983,-148.97365977808292,0.7859907624234299,-0.38543589860256855,-0.4833815154238583,117.6852557217739,-177.649934091881,-13.0,-6.0,right
70.625533079881,-359.1242550707755,-107.78210908676093,53.24900883847248,-341.38775532936245,-100.22440096886456,0.6694945602098125,-0.6833639414343697,-0.2911885255238486,53.21023618288431,-123.41488786338739,-8.0,-5.0,right
12.876399409406204,-401.46542398049235,-42.49313719569747,2.4179698611176654,-377.9949312495436,-41.091085629947344,0.4064144034633924,-0.9120629687467168,-0.0544837012180763,-27.024134441720825,-62.759639494742856,-2.0,-4.0,right
-72.19335091717849,-417.7931614751717,25.459050071984407,-71.0331014675929,-395.0046794895234,21.2720774844261,-0.050012990179286634,-0.9823061119797583,0.1804810327445437,-118.4157400830414,4.853340668486673,5.0,-3.0,right
115.07493876853613,-253.61051359752108,-198.62210859553716,94.24363303178882,-251.5755469546125,-182.00628974925502,0.7794993279774939,-0.07614765731202523,-0.6217574542926895,165.45956059482504,-220.64316757617638,-17.0,-7.0,right
80.69622720369865,-348.6924110628364,-116.98104087673434,62.090934899341704,-332.4908611251221,-108.82151325923465,0.7159987045870353,-0.6234940348122933,-0.31400803108069414,69.21770863889085,-131.7414488479147,-9.0,-5.0,right
25.62953764297012,-395.42242821725097,-51.551891980339704,13.634323781228602,-372.6118212557034,-49.3952231582272,0.4638102362467128,-0.882001198620587,-0.08339034946932516,-11.143965278545691,-70.66263214178034,-3.0,-4.0,right
-57.571923410480196,-417.4385663950438,17.41070966491816,-58.5777118284987,-393.9543589728894,14.405307314747875,0.0424435421501798,-0.9910165296489196,0.12682580057842252,-103.74612076965693,-3.319460243244091,4.0,-3.0,right
110.46529032005283,-291.6601007520911,-169.4674098590345,89.74435134469172,-283.94430135902394,-156.29489192090648,0.8050952600297842,-0.29979112076366804,-0.5118074893833015,133.87033593108873,-185.4614213862715,-14.0,-6.0,right
-43.02429163259966,-416.29904592333315,9.416997298590047,-46.20603700588038,-392.4201951298236,7.160381230762674,0.13150230762727205,-0.9869186922384119,0.09326648915406423,-88.8576423449458,-11.513789826392845,3.0,-3.0,right
90.30651421082865,-337.43840678773313,-126.10790611721725,70.8999038016755,-323.07079456236886,-116.98138097103427,0.751799978544207,-0.5565923329746328,-0.3535558896904214,85.26301660730525,-140.17244749448753,-10.0,-5.0,right
37.87259829525241,-388.56265354826525,-60.713881178303865,24.31761795318694,-366.4434066799925,-57.58308107028903,0.5187426808528504,-0.8464931065437022,-0.11981423803367423,4.790315861611868,-78.50644692922289,-4.0,-4.0,right
-178.75882618394374,-375.45754764933946,79.87623612022144,-162.04973442893618,-360.87591806666615,70.15427467016187,-0.6900494744227261,-0.6021898722732846,0.40149605300725527,-218.82892607426064,68.94512043046295,13.0,-2.0,right
117.45382885591597,-240.97236633943854,-203.07011424903177,97.31281577358857,-239.0681314907809,-185.60490535653122,0.7535895967327108,-0.07124823194437149,-0.6534725771912936,174.95574298933442,-227.6784281802641,-18.0,-7.0,right
-163.73226698904597,-386.85549393961094,77.85412828124987,-150.25908540077074,-370.37277356547065,68.2968393627778,-0.57736691562967,-0.7063348297691849,0.409558973764729,-202.6916065296027,65.63712675594168,12.0,-2.0,right
-28.972535776834142,-413.99707605671006,1.1552160372601215,-34.02283375692287,-389.71909643172614,-0.6122232225188469,0.20314461869991046,-0.9765643399985882,0.07109397820061747,-73.83006228954193,-19.693841767091328,2.0,-3.0,right
-149.01354423702793,-395.6360518207341,73.83804312473711,-137.70944564887483,-377.7777829904342,64.96567503097128,-0.49315440304671715,-0.7790876765427467,0.3870673417053684,-187.89142770145827,60.48844132769792,11.0,-2.0,right
116.06702648601089,-276.6245626265135,-176.77784648482054,94.82705218588325,-271.1030621487099,-162.83730205018352,0.8169448962122201,-0.21237133204760464,-0.5361897554757372,150.08386034684025,-192.95446989199104,-15.0,-6.0,right
-134.09370855875886,-402.24221991168264,68.79631744036368,-124.79997759331916,-383.3519955576669,60.53421936812393,-0.4109389899780018,-0.8352651637285489,0.3653234905907096,-173.59781147026314,54.57884891033218,10.0,-2.0,right
49.781543062246286,-380.7696599798061,-70.18986041021674,34.56937716120953,-359.70635063834936,-65.96943250956464,0.5779103496803646,-0.8001953532545508,-0.16033410230560222,20.979799878771672,-86.53420011702077,-5.0,-4.0,right
99.06925436371108,-325.48548554808156,-135.0236778992787,78.83437088791067,-312.73281380089793,-125.20830955020622,0.7826636150568059,-0.4932596811451971,-0.3796479324621042,101.10288055628422,-148.63420750948973,-11.0,-5.0,right
-14.860271426146866,-410.41849164316375,-6.893287529987607,-21.926256361215422,-386.2192344266815,-8.63621205538912,0.27962014629523957,-0.9576300976140197,0.06897224028253657,-58.11187061699504,-27.29601111290433,1.0,-3.0,right
-119.10936411993187,-407.275240368603,63.186639969620785,-111.93530502757723,-387.34131187828405,55.38908854757306,-0.3177878367621979,-0.8830091767520756,0.34540654970284596,-159.62077063558147,47.723433146756705,9.0,-2.0,right
61.14932032566027,-372.2440405660725,-79.69453063983538,44.32688439343235,-352.43152752625394,-74.55582337167615,0.6349507211200462,-0.7478090267374883,-0.19395680261095227,37.08828082050758,-94.6807497466058,-6.0,-4.0,right
-104.23306478815508,-410.9875567427118,56.50370366932658,-98.97955171597167,-389.98558423357395,49.51082310817829,-0.23091916147648966,-0.9231456769073557,0.30737338868264885,-145.81546606437362,40.29444025960109,8.0,-2.0,right
107.20700144266054,-312.31753435110284,-143.85071518003232,85.7919680086464,-301.29575588186816,-133.15229704056716,0.812587823885504,-0.4182184916619447,-0.405948668805588,117.45797875571786,-157.0125778517095,-12.0,-5.0,right
120.78964267317605,-261.163475067504,-183.2065427390284,98.94673392060889,-257.95671025939464,-168.35097279672885,0.8208581089152317,-0.1205104560907532,-0.558273405242367,165.59415415365197,-199.3632814597892,-16.0,-6.0,right
-1.125158272423704,-406.34345186390954,-15.341670318639167,-10.232531925457302,-382.25553353785426,-16.263490110885293,0.35342883648637546,-0.9347771675669437,0.03577295815848511,-42.44984892304742,-35.045321217587386,0.0,-3.0,right
-89.28839247454718,-413.0880031831542,49.795598200981814,-85.93427323439039,-391.14579851435985,43.18096231722281,-0.1448132361876805,-0.9473490474453167,0.2855852043249132,-131.76335028705438,32.51263322804977,7.0,-2.0,right
71.86613666547149,-362.98501508399727,-89.05134018192132,54.0740364479752,-344.33777145249826,-83.21731212095511,0.6732893030084727,-0.7056496711577029,-0.22077150189594402,53.03020296743225,-102.82807267798422,-7.0,-4.0,right
12.214487337879405,-401.51513000157735,-23.950295667782505,1.458343963936477,-377.927121770696,-24.222483834720606,0.4148769753872022,-0.9098169455367858,0.010498614560031727,-26.681270798318895,-42.7233667090819,-1.0,-3.0,right
-74.44641696157689,-414.1327637637687,42.5110110939702,-72.9405992322325,-391.43562365423907,36.56425139314365,-0.06404595204696595,-0.9653624862626022,0.25292960709115225,-117.61616140420445,24.47157876100215,6.0,-2.0,right
82.37406334502556,-352.8389448178026,-98.25143190975508,63.22009596566474,-335.9048136755414,-91.9874687575804,0.7276638972082838,-0.6433317765849281,-0.23796948950597097,69.23741807559253,-110.95081990917937,-8.0,-4.0,right
114.38079683751323,-298.69700485635815,-152.1897682990936,92.74478711595137,-289.34202865635575,-140.5662804051646,0.8232287021305488,-0.3559475621752589,-0.44226218125670913,133.34231130097194,-164.81801475324573,-13.0,-5.0,right
-59.71884169785214,-414.11377483362315,34.783497059893364,-60.2240014606535,-391.1091989947449,29.78126982707689,0.02145273584950929,-0.9769406139251898,0.21243073456551573,-103.14194685218393,16.406753234178744,5.0,-2.0,right
25.342474936762912,-395.82544263620275,-32.61474846172237,13.091645048520906,-372.8864833032329,-32.55165792720787,0.4710872829154497,-0.8820832648609613,-0.0024260518473646566,-10.674129387870074,-50.220518611621486,-2.0,-3.0,right
124.63251052297935,-245.19387721726974,-188.692656009436,102.85578430666068,-245.00387481189557,-172.8174011017045,0.8080511768928581,-0.00705026392626563,-0.5890701055906988,179.05188408335044,-206.53686651442032,-17.0,-6.0,right
-179.61592829217335,-364.7521583080564,90.08825081016448,-163.73769861117935,-350.60054478791375,79.14095169238566,-0.6637688720164722,-0.59158991475743,0.4576376921750185,-216.7101192561229,85.12002350693413,14.0,-1.0,right
92.47991467353438,-342.0326325856619,-107.71053570323863,72.06461797323576,-326.77574068512496,-100.44419279136085,0.7703299640858513,-0.5756879834928091,-0.27418076536014374,85.39400171273209,-119.4468993513984,-9.0,-4.0,right
-167.0074554669004,-377.4423660701509,90.16718963006429,-152.6477676451023,-361.84248278973814,79.05005657453262,-0.5998072960576738,-0.6516105311868844,0.46436507539039645,-202.08736849419503,83.51273802219194,13.0,-1.0,right
-44.91289676308992,-413.41412149367966,26.823810071112867,-47.70175553557333,-389.94113959622723,22.772359684542273,0.11628597231403416,-0.9787439041326418,0.1689317695585225,-88.31058913620546,8.033272511066144,4.0,-2.0,right
-152.21716690707518,-387.2633193206245,87.64323017043809,-140.59648705703734,-370.796398346103,77.07748026422323,-0.5106648173491762,-0.7236303985889386,0.46430646189746944,-186.90824823065253,79.31050313674248,12.0,-1.0,right
37.876596503196595,-389.5039747915518,-41.69298773321762,24.00036674862527,-367.2415211892078,-40.72931957534719,0.5286057150520936,-0.8480733177111236,-0.036710295568305774,5.17603556727191,-57.97372668377335,-3.0,-3.0,right
120.7166542044543,-283.71084665741887,-159.8867842581939,98.74027128344952,-276.74390074724334,-147.78082637760647,0.8439643191790208,-0.26755329951128815,-0.4649080122705077,149.498009525731,-172.05713485060357,-14.0,-5.0,right
-137.31264102484138,-394.75475291006603,83.43631781123312,-127.76339741704001,-377.37551354690635,73.70638697062711,-0.4323193215200108,-0.78680378034098,0.4404995067893043,-172.6717448095227,73.74056590455592,11.0,-1.0,right
-30.571758565593974,-411.7418642377144,18.80448202564981,-35.37112846413982,-388.1033964364152,15.577118370859408,0.19721508278705693,-0.9713488401477229,0.13261840696135455,-73.3597235167006,-0.11468831750031683,3.0,-2.0,right
101.70588555739221,-330.39879654218737,-116.93623389406443,80.39340757832653,-316.85729745748506,-108.73980134858985,0.8028022344629536,-0.510083610824387,-0.3087446879051431,101.23622579617029,-128.00007127972066,-10.0,-4.0,right
50.072383098997626,-382.39066551894757,-50.99788208238592,34.56650105135263,-361.0360036688667,-49.00055430364714,0.585881776509522,-0.8068749125681421,-0.07546800263820017,21.180995680076265,-65.82517102940933,-4.0,-3.0,right
-121.93067388321063,-400.59200107131466,78.51332177214803,-114.61923293475496,-381.813333404735,69.14396130457958,-0.3289970940320565,-0.8449944594578728,0.42159847675716233,-158.4938279127279,67.14475280905953,10.0,-1.0,right
-16.446584346444446,-408.7889028825266,10.520028444906176,-23.225251771225302,-385.12531907458435,7.968390605620197,0.2739159867781972,-0.9562106389473174,0.10310793447300613,-57.98275257131698,-8.127635013838294,2.0,-2.0,right
125.85169382806902,-268.0458426298701,-167.05968191855848,103.2006872635769,-263.6299282329379,-154.14599548085798,0.8565365500011688,-0.16698560710225066,-0.4883246312984716,165.91858684484112,-178.37847707589955,-15.0,-5.0,right
-107.03792777779563,-404.95894964684203,72.51431955518063,-101.42020131949418,-384.63869444707996,63.633450272896425,-0.24556587619402814,-0.8882528029185269,0.38820659262361823,-144.82627307500908,60.009978319284855,9.0,-1.0,right
61.726053633467785,-374.30422649650933,-60.37436669650129,44.53838263355226,-353.9110753826769,-57.458706569493366,0.6406366764999109,-0.7601146515423908,-0.10867550429484281,37.324572382680245,-73.7381461044963,-5.0,-3.0,right
110.17519367865208,-317.79929775310757,-125.92215356636137,88.10671178139681,-305.9241305143364,-116.9970958566782,0.8295635424144516,-0.44639254513398446,-0.33549668365811036,117.16490822293832,-136.3057298467765,-11.0,-4.0,right
-2.7003695663552927,-404.94958064672875,2.3364064114427707,-11.599875088358655,-381.06719870867573,0.2461740915772476,0.3480145843904391,-0.9339189917772275,0.08173839886709927,-42.448710878849596,-15.72014383971056,1.0,-2.0,right
-91.99316111592113,-407.83420795206746,66.02983512620338,-88.40415377736352,-386.85619902929795,58.1026298611589,-0.15802810947379553,-0.9236857932761977,0.349043939806809,-131.00169733338274,51.994874526946816,8.0,-1.0,right
73.00981496195567,-365.46410764629957,-70.12639995650508,54.30167415601637,-346.46636180090036,-65.95283524019051,0.6932139109315366,-0.7039449741682292,-0.15464781613167003,53.48266713904867,-82.0502365202203,-6.0,-3.0,right
10.81407582070635,-400.41994235932833,-5.836563803193595,-0.09687189446707123,-377.00228994800995,-7.7650427967511835,0.42116405696355663,-0.903924549138627,0.07443954988128189,-26.67471454336344,-23.052772278808643,0.0,-2.0,right
-77.12367857568447,-409.33516779661306,59.152946698482246,-75.45820125174465,-387.4156444841183,51.54055743900338,-0.07159203877038021,-0.9422303986127952,0.3272253900825445,-116.97710846237227,44.114039057682156,7.0,-1.0,right
117.86767909275946,-304.2712112192248,-134.42291053981,95.20853701265581,-294.23328276287634,-124.81384491368186,0.8524676198112945,-0.3776404662086972,-0.36150606558527365,133.44652007504737,-143.9210148969669,-12.0,-4.0,right
129.78566685184177,-252.02117982684587,-172.8309254899304,107.02943697250979,-249.91839989534958,-159.4927750042901,0.8599978013693296,-0.07946773817278038,-0.5040720784070682,181.3408704730887,-183.53947888078585,-16.0,-5.0,right
83.45286467499997,-356.0325134658384,-79.39228612996888,63.89672154778283,-338.21044249119507,-74.72280766500157,0.7278683157593514,-0.663327155015725,-0.17379528282548254,69.2358652625133,-90.17326278728305,-7.0,-3.0,right
-171.02315012451908,-366.92168518389036,101.13532727846672,-155.1077011667832,-353.3328012655286,88.73341579970699,-0.6542498569766458,-0.5586097749218121,0.5098158922668465,-202.41139393043156,100.97482514999479,14.0,0.0,right
-62.23519424946191,-409.80659202259267,51.859095681831576,-62.39844009610058,-387.4577345865138,44.913604354651625,0.006975185043646346,-0.9549242405889052,0.2967676558004754,-102.57306441177235,36.23214924934098,6.0,-1.0,right
24.165945134561447,-395.28389777283036,-14.51666768830003,11.86212949294221,-372.63684945924024,-15.710572546813125,0.4768712730745744,-0.8777542735727972,0.04627336319013081,-10.713140330915698,-30.630837346617405,-1.0,-2.0,right
-156.16439779577928,-377.73597618675683,100.35438286381785,-143.55160225827973,-362.3939746176312,88.15564052858724,-0.5411328740808808,-0.6582253219416087,0.5233685490587212,-186.81548923064048,97.88656238813181,13.0,0.0,right
93.81028301964525,-345.7592600306631,-89.00101791523699,72.72593796198434,-329.4537066525511,-83.25033207973989,0.7732541120932261,-0.5979951554150602,-0.21090251831363824,85.29485918880721,-98.6679477226592,-8.0,-3.0,right
124.47812965578196,-290.01411045628487,-142.50360298265667,101.3976682164185,-281.83614296759765,-132.14389872904724,0.8680851458185156,-0.3075836294940172,-0.3896414896754883,149.2831921098812,-151.23277801371796,-13.0,-4.0,right
-47.477184265182125,-409.4479223312138,44.20919012852964,-49.612141199843926,-386.87002013491286,38.16170000842221,0.09096115099956321,-0.9619453852151963,0.25765702954125314,-88.05746667537497,27.902269726810015,5.0,-1.0,right
-140.9761512697645,-386.2932734925255,97.35991633493035,-130.80287766852095,-369.8772533992628,85.72679771060305,-0.4512280775391668,-0.7281205124200916,0.5159784311707332,-172.19038397147702,92.86514514514462,12.0,0.0,right
36.94327286169019,-389.2974347539438,-23.162755797194986,23.009576662877798,-367.19076526715065,-23.87452136647488,0.5330178721961084,-0.8456657704505877,0.027227791091954258,5.171358904520615,-37.973494121350484,-2.0,-2.0,right
133.67106139545047,-235.33604619131728,-176.77446841276165,110.10431270906304,-236.00338575363207,-164.13755711050015,0.8810208740213018,0.024947865837733375,-0.4724191185048334,196.20489253492872,-185.99229420253585,-17.0,-5.0,right
103.43233291123532,-334.4295970511714,-98.43264877467882,81.5088902132105,-320.03193265561697,-91.96833197837174,0.8115800846182959,-0.532984616029427,-0.2393014110424839,101.30904575847431,-107.18124737235983,-9.0,-3.0,right
-125.51129970555385,-392.8246083302071,92.99291327994631,-117.77864405880803,-375.37802209769177,82.0518640129158,-0.35152651383133643,-0.7931217833494072,0.4973800828845513,-158.12431745151366,86.31387952443919,11.0,0.0,right
-32.809537743811376,-408.1061638682902,36.44790495959557,-37.190645289493894,-385.1080010039247,31.1156497421524,0.18246023676685494,-0.9578058054224505,0.22207273830444388,-73.00460224800743,19.81679102771523,4.0,-1.0,right
49.22057819077597,-382.69203775631445,-32.06127962017633,33.71131506215069,-361.16931992266586,-32.03352605810374,0.5846247669730043,-0.8113031414689682,-0.001046176057804553,20.968843747686883,-45.48239791557115,-3.0,-2.0,right
130.34408214408558,-274.4309594009693,-150.04213014607336,106.89813693668538,-268.93454420949195,-139.27112056404474,0.8887561178383945,-0.2083504241093063,-0.4082923753614533,165.69735955222274,-157.24752139436606,-14.0,-4.0,right
-110.1170318764618,-397.75889986028665,87.82380784494107,-104.41442428567476,-379.0387717185673,77.40838631124909,-0.25723881318278247,-0.8444458906106977,0.4698290442522887,-144.03902691618296,79.67160900231923,10.0,0.0,right
-18.517576704938463,-405.8038709629385,28.252077051637663,-24.867386587557746,-382.72693701858464,23.81995196935243,0.26086352417499076,-0.948048906527956,0.18208100556112633,-57.8231903595504,11.633634611148224,3.0,-1.0,right
112.20172771743094,-322.49942967876007,-107.54502594451942,89.63428867349977,-309.7977037319725,-100.43125408945723,0.840321970704284,-0.47296192351167987,-0.2648886642719923,116.96184291069589,-115.42284368983759,-10.0,-3.0,right
61.38581635738787,-375.28161284259454,-41.29423968914809,44.0132463256291,-354.336408587784,-40.51823674452129,0.638149963367069,-0.7693842248722234,-0.02850506573184316,37.13952863186313,-53.182696697515645,-4.0,-2.0,right
-95.1936545405757,-401.2654628883814,81.9526552031694,-91.07863643546423,-381.35214268540045,72.02279830720823,-0.1818463732909114,-0.879987637136931,0.43880936066486037,-130.4732580179399,71.81479018445953,9.0,0.0,right
-4.744983522105066,-402.6003796037601,19.790567678721356,-12.948552048416843,-379.4272243324875,16.19334860825427,0.3302007185464553,-0.9327395141542049,0.14479117447822018,-42.62378730983747,3.572911955767413,2.0,-1.0,right
134.62574417632112,-258.4214820970708,-156.92586639712624,110.89892033984293,-255.19995566006475,-145.26166096329712,0.8908320277442949,-0.1209533542326804,-0.43793673566492636,181.72116450550382,-162.790162179227,-15.0,-4.0,right
-172.41274925668546,-355.2345525474819,109.91077974491415,-157.69257998512523,-342.09112483690666,96.48215689543706,-0.6166893519818561,-0.5506330646152886,0.5625810797605743,-201.72093252865244,116.7089709099136,15.0,1.0,right
72.99525493053551,-366.91599368947175,-50.92073521003818,54.17375960870289,-347.37841443883167,-48.940268952457615,0.6919443239038449,-0.7182700860977935,-0.07280890079048893,53.371405990083055,-61.23943322152163,-5.0,-2.0,right
120.33490967530348,-309.450144369962,-116.46114338571975,97.13684909362497,-298.4317926235302,-108.54298015881537,0.8631921505534044,-0.4099892189723796,-0.2946322310091121,132.96346045264715,-123.24270052351157,-11.0,-3.0,right
-80.13516812534778,-403.52520859690514,75.24809454559919,-77.96216553150526,-382.56423025878723,66.11659789085809,-0.09461540727982932,-0.9126687230215248,0.39759744305456873,-116.5806356365567,63.630573041161156,8.0,0.0,right
9.005472113445961,-398.38694700486127,11.550922150891958,-1.4577957691045262,-375.4667958559687,8.640537291478054,0.4125400243579296,-0.9036832296935067,0.11474906829021139,-26.853692323330165,-3.9285343130063186,1.0,-1.0,right
-159.93810143852727,-366.96897260603515,111.39217835475333,-146.5211448776687,-353.0771306040782,98.00866430842133,-0.5710033706424984,-0.5912137056992041,0.5695801128097088,-187.16400816656787,115.87390275736227,14.0,1.0,right
84.01345441483365,-358.17624900803446,-60.316555758795175,63.94047637232113,-339.8069639960818,-57.39968769879302,0.7335176447366785,-0.6712603704805202,-0.1065897738167714,69.23874243964572,-69.28370969605746,-6.0,-2.0,right
-65.18512505192149,-404.33920632990004,68.31086695372693,-64.91546341167937,-382.9365275286066,59.79657644130997,-0.011706281593280446,-0.9291116996600585,0.36961386949904357,-102.22032933198876,55.88016699541663,7.0,0.0,right
127.4863370847022,-295.4265172535819,-124.82566301531173,103.52631160719322,-286.29331975783225,-116.25528915330065,0.8862242120167099,-0.33781519812913063,-0.31699769391643506,149.0954708763065,-130.5052796890729,-12.0,-3.0,right
22.570300729854864,-393.4779715869664,3.0618128964928335,10.293675210413848,-371.3390445349272,0.8965999772331006,0.4831910170293577,-0.8713575779658268,0.08521978868586123,-10.833217739085326,-11.389121434294934,0.0,-1.0,right
-144.85095051197683,-376.8536713579583,109.92217367443354,-133.9036562152109,-361.4924629596531,96.8324012239899,-0.4768028199015863,-0.6690481942713102,0.570117167498221,-172.33487217278625,111.34396373489804,13.0,1.0,right
137.9548303351662,-242.1142465512747,-162.19277491605305,113.87660864578706,-241.3290908414678,-150.19859211639866,0.8947132306305762,-0.029175294202862242,-0.4456871516465043,197.53545855137926,-165.7632604852868,-16.0,-4.0,right
94.45193006455187,-348.3564366374037,-69.9401847977667,73.40292000134593,-331.4000632506488,-66.11980421060193,0.7710856413166528,-0.6211606155381876,-0.13995150395585712,85.16369883122717,-77.67241125001951,-7.0,-2.0,right
-50.4403968420515,-404.237609520437,61.12233398584184,-52.03825861693571,-382.3322072011414,53.029838246537025,0.06826422972357983,-0.9358477933550898,0.3457295223330739,-87.82639687440049,47.79143785325317,6.0,0.0,right
35.51037113680417,-388.01872081438927,-5.483268621552163,21.665207534532748,-366.54489486379555,-6.9087552715743215,0.5410390094248666,-0.839150612778975,0.055704931139263,5.014614067570415,-18.70126449089818,-1.0,-1.0,right
-129.55447395011376,-384.1316198705123,106.60137327863075,-120.82366229512166,-367.7436594156907,94.15183984873501,-0.3905384440674262,-0.7330508124986389,0.5568808041228203,-158.2525638335762,105.21866752663009,12.0,1.0,right
-35.71290353668942,-403.44090348683983,53.499827604944414,-39.63305853245335,-381.2504916934814,46.10967401683017,0.16530347664078732,-0.9357161187495473,0.3116249439995966,-73.0568663826266,39.49238865021809,5.0,0.0,right
133.73295336149278,-280.31250887513835,-132.643250033389,109.29037366012795,-273.5395117159661,-123.67809004709596,0.9085975645943477,-0.2517708359353209,-0.3332595261738966,165.5374777558464,-136.48718678011116,-13.0,-3.0,right
104.5914318094566,-337.5699400811882,-79.53214731265346,82.38334988500324,-322.5337086824956,-74.73145789898989,0.8151010266316314,-0.5518733086196844,-0.17619922706193386,101.32676339580766,-86.10714011683542,-8.0,-2.0,right
139.75148586516093,-227.58225166536323,-166.59031097498453,116.07307039025811,-228.43535146819102,-154.721578467918,0.8935175099188535,0.03219217148811668,-0.44787288772964523,208.45603018388078,-168.44392412586512,-17.0,-4.0,right
48.0284640436341,-381.7808403051405,-13.770336519570403,32.49754388228632,-360.77477345811684,-15.234861631430878,0.5935753189905364,-0.8028296263147202,0.05597259862333834,20.85842824922574,-25.630844137205457,-2.0,-1.0,right
-113.87378662239277,-389.66989555203065,102.2515742120483,-107.73350009461583,-372.06289721207213,90.32579766874848,-0.2774086510175106,-0.795456960495261,0.5387881442090999,-143.92722476142583,98.9487492846791,11.0,1.0,right
-21.245059766826305,-401.637636854573,45.58644791365518,-27.285974899412352,-379.20167731575054,39.071885576314116,0.250338517940985,-0.9297572861495103,0.2699666929215696,-57.93158992711274,31.32198365062891,4.0,0.0,right
113.72700741361666,-326.00718241087986,-88.74600589487207,90.91078293985264,-312.768498701422,-83.53994301632244,0.8485762459894726,-0.4923703541281141,-0.19362280113191715,117.15333805804542,-94.21358844113618,-9.0,-2.0,right
138.61520007643495,-264.45584537856485,-140.21570676174431,113.76290771173814,-260.1272772684864,-130.39609722606178,0.9180670792943206,-0.15990138149152294,-0.3627456217697165,181.43273113255253,-142.20929562538814,-14.0,-3.0,right
60.30574972953374,-374.784487899921,-22.436750677376118,43.13644435300978,-354.49165477757026,-23.54715237169989,0.645345365072286,-0.7627498907207246,0.04173684206118648,36.90967515322918,-32.818139131694956,-3.0,-1.0,right
-98.62149153722538,-393.7180543341142,97.05577283227302,-94.14416241204728,-375.2023328443057,85.61209518403956,-0.2014779714081923,-0.8331998610393173,0.5149607932661495,-130.13902250852547,91.33844459711118,10.0,1.0,right
-6.957129452659197,-399.0014108598498,37.29486032052972,-14.999080340697962,-376.65991953827574,31.80789383310929,0.32998690552866755,-0.9167426770868713,0.22514774302046736,-42.53898758119196,23.201489633344146,3.0,0.0,right
-165.14214770347803,-354.71369383902555,120.67108904624571,-150.26942514062006,-342.88583240891296,107.06061500753901,-0.6362949934521867,-0.5060276610028184,0.5822926133892635,-190.08051646749163,132.2403015148836,15.0,2.0,right
122.07733916473953,-313.56007563079135,-97.8846870926487,98.37549220506548,-301.9467206234973,-91.8709445349939,0.8755595851783362,-0.42900387931856626,-0.2221510394573049,132.90458003743782,-102.12215552669514,-10.0,-2.0,right
-83.64510070429563,-396.5233551059964,90.9816451019132,-80.92808560843595,-376.7839414773903,80.02222843659483,-0.11947853880913428,-0.8680247308485235,0.4819314737588558,-116.40347514600103,83.3572882429718,9.0,1.0,right
72.04616095157007,-367.0704456479821,-31.75111373862051,53.15148384306317,-347.37285022798807,-31.99211218997263,0.692218526535002,-0.7216339501124378,0.008829131714406115,52.91238766210552,-40.5787982022673,-4.0,-1.0,right
6.725280043562833,-395.28238099222546,29.03885058692289,-3.176282773042934,-372.8752359510279,24.354304441037208,0.39699541491711854,-0.8983969508146443,0.18782321289375922,-27.051418609319235,15.511781589532955,2.0,0.0,right
-148.7628356765041,-365.9629459420898,121.1648455429781,-137.42111821080454,-352.0003212435812,106.88787588031822,-0.4938556074732197,-0.6079785114782195,0.6216661230499742,-172.83960088225015,129.7108511546721,14.0,2.0,right
142.19370638370495,-247.90479817548004,-146.62485158627072,117.14301102866926,-245.83922607718674,-135.86702639120404,0.9162291368192778,-0.07554829571933695,-0.3934674368449118,198.0849455639256,-145.72228222781538,-15.0,-3.0,right
83.40603913105993,-358.64482165231584,-41.30142667795063,63.02225386163056,-339.94319583857896,-40.524771555368275,0.7365669208971555,-0.6757821846786242,-0.028064388663740194,68.96838624430079,-48.61746214630078,-5.0,-1.0,right
-68.68586386430943,-398.0688966850847,84.34875860077705,-67.77375260289443,-377.50557155632356,74.01588192330856,-0.039602749063447906,-0.8928342839677995,0.4486407957802371,-102.23985308544056,75.44634408921563,8.0,1.0,right
129.69883462642724,-300.0988384240847,-106.70951781619206,105.12534435552627,-290.1344262775108,-100.03325560615262,0.8986649599907574,-0.3644035887582505,-0.2441542835686451,148.78904792950996,-109.64519748012634,-11.0,-2.0,right
20.291744166624156,-390.80797703267876,20.642101514759766,8.531238565927207,-369.0575751112064,16.71661380803258,0.46974467974476036,-0.8687666952274882,0.15679402129864878,-11.241611811373687,7.994807052091684,1.0,0.0,right
-53.814560885250025,-398.37392558645536,77.36697006902352,-55.021032203911986,-377.4917423750598,67.78391057266568,0.05243762445329065,-0.9076155098476736,0.4165145637617528,-87.87841159302907,67.2712493882724,7.0,1.0,right
-133.5049743221022,-374.33130873540614,119.2252722936353,-124.24410856398141,-359.3657313237636,105.59467336322288,-0.41602424590447284,-0.6722960055590929,0.6123250017179626,-158.5338715413083,123.99698365150354,13.0,2.0,right
94.44506060965622,-349.5619505130353,-50.937183614419254,72.97632323863168,-332.3538300215198,-48.996635575673025,0.7783475908492734,-0.6238792201022632,-0.07035443513897383,85.04434614947266,-56.829901678776274,-6.0,-1.0,right
136.1964073515515,-285.29231613749323,-115.21225671152929,111.03922059278642,-277.65421237810534,-107.75825711598068,0.9205847194427829,-0.2795034943229928,-0.27276651368833654,165.21791609765563,-116.24453319421472,-12.0,-2.0,right
33.547867067985436,-385.68210134328876,12.10120491902808,19.945123407966513,-364.4713659368725,9.185525055975237,0.5362600974234484,-0.8361894717533744,0.11494466164292394,4.7006316741358924,0.6104103284606043,0.0,0.0,right
-39.17950190664982,-397.8556841059326,70.10374233327725,-42.39950557248815,-376.7310297781221,60.931874475967625,0.13847171531415867,-0.9084359596308139,0.39442323880268093,-73.31243196665334,59.095334182800286,6.0,1.0,right
144.2078496118137,-230.40196819454542,-152.74344555884883,119.17033550074906,-230.94691074810908,-140.82995808659487,0.9028140654416851,0.01964978631794604,-0.42958194694180957,214.64431222387174,-147.8591981120462,-16.0,-3.0,right
104.9591678097593,-339.4945046776384,-60.477160341256315,82.57300617956592,-324.10504239220313,-57.72566725465174,0.819864851870684,-0.5636195889875245,-0.10076995373917462,101.15748354215312,-65.06582824037915,-7.0,-1.0,right
-117.88368039180759,-380.4800321425287,115.77422430418528,-110.92782556896037,-364.2437266607641,102.44465077933654,-0.3143364482764391,-0.7337218398385309,0.6023660506941895,-144.07451212835934,118.04500775448032,12.0,2.0,right
-165.70157939513865,-343.04076860988675,129.13373938625736,-152.18012192477977,-331.8989626183569,113.34789581917525,-0.5733537419845963,-0.47244878532613405,0.6693710718249792,-189.10639723151252,149.05651006640608,16.0,3.0,right
46.21989201900193,-379.67096865834174,3.719551250396285,30.98070462088174,-359.2749044257507,1.3451530515551835,0.5959586007582649,-0.7976284813276869,0.0928555434916981,20.634870062082737,-6.415649547098934,-1.0,0.0,right
-24.641309004100794,-396.6872112498561,62.45143157204333,-29.86392351323607,-375.0200248864136,54.070795947681646,0.21933350262150206,-0.9099541750083237,0.3519605290550415,-58.43811735731382,50.79632243092739,5.0,1.0,right
141.5514531109563,-269.8314359642586,-122.98052329541306,115.9414809583769,-264.5729694053008,-114.77235912282868,0.9345858060640044,-0.19189744441675344,-0.29954088523941763,181.38952953258996,-121.83014032668174,-13.0,-2.0,right
-102.64753733863505,-385.1784068694366,111.10720899831749,-97.57887696539453,-368.0114804659098,98.48285735318471,-0.23140734009424851,-0.7837480683469257,0.5763589231659102,-130.42022154033438,110.37139818396395,11.0,2.0,right
114.62258913174405,-328.5091077149028,-69.89748876690855,91.593884154547,-314.85227693638694,-66.29046291250086,0.8524234975016624,-0.5055170696110849,-0.13351656540989607,117.12661585065212,-73.16589878109392,-8.0,-1.0,right
58.606212531504724,-373.05550104550593,-4.5247106249638485,41.72524752551698,-353.4712202866308,-6.964877961667684,0.6500060758122289,-0.7540979724302503,0.09395929642016515,36.611366647528165,-13.23760721245541,-2.0,0.0,right
-10.293309229171442,-394.5108343045118,54.443033570891956,-17.8344090220691,-372.60813800509885,46.94577595837705,0.3097267384228602,-0.8995837309927612,0.30792606001941497,-43.18371391661152,42.67117746108772,4.0,1.0,right
-152.61289123564814,-354.4508884584153,130.82304445795708,-140.61723159269098,-341.72371999245286,115.39690171463354,-0.5143841099203731,-0.5457518317481093,0.6614861492162999,-174.07056993170207,147.43448732855177,15.0,3.0,right
-87.45617609103257,-388.5044636843455,105.68305750407885,-84.27249531868566,-370.222906826417,93.24915416091835,-0.14252782354080523,-0.8184333468764332,0.5566441199162719,-116.50777647546936,102.57950772486535,10.0,2.0,right
123.21830185671142,-316.7378511430926,-79.08712323882263,99.38518627921344,-304.66332568247094,-74.89255726013207,0.8812549622618563,-0.446468504905687,-0.15509856742128375,132.7923015614528,-80.95511272540104,-9.0,-1.0,right
70.5831880825827,-365.97848255065594,-13.168248772375819,51.813742132373996,-346.9579733941921,-15.189518144155183,0.7003927358745925,-0.7097613046843998,0.07542483614037244,52.50465447128436,-20.397097179221504,-3.0,0.0,right
145.66111308750402,-253.66421046900538,-130.0438803920984,119.96757040270683,-250.50870013371218,-121.03853966720536,0.9374386682343753,-0.11512999365663046,-0.3285632783187818,197.85540152248467,-125.57537862455935,-14.0,-2.0,right
3.83683642055965,-391.2388940936047,46.259831722829375,-5.563579909345304,-369.7479648195215,39.80487390196445,0.3863892112388157,-0.8833505793339843,0.26532080851030154,-27.506909642806804,34.85881134323655,3.0,1.0,right
-72.43728208768346,-390.6573755370779,99.58245694577985,-71.19051209748946,-371.27192760709056,87.59470509900945,-0.05461903809830118,-0.8492460737492249,0.5251646093357228,-102.38275269517457,94.73783248301864,9.0,2.0,right
131.15620390845703,-303.6356251271137,-88.20908674456217,105.98783604108793,-293.16551344979234,-83.16579544817122,0.9078869431088364,-0.3776835166596394,-0.1819243243112372,148.72579077516136,-88.63198063114157,-10.0,-1.0,right
-137.58418722161116,-363.3146653166608,130.62316287737326,-127.90405239977773,-349.47699667200243,115.41836674582183,-0.4259906842582887,-0.6089499829260663,0.6691127373017932,-159.10733902799916,142.54856028737424,14.0,3.0,right
82.06128004856599,-358.05808051919405,-22.44868647651697,61.71059065363854,-339.6788745589811,-23.581754515163375,0.7415073030595968,-0.6696734041516716,0.04128500068057372,68.42106283273912,-28.15881779475304,-4.0,0.0,right
17.477178559502203,-387.16470013209596,37.95795754850482,6.319888900545417,-366.0434267177379,32.20456406474146,0.454098404839961,-0.8596296106688567,0.23416142121005473,-11.793394229983182,27.310528475065567,2.0,1.0,right
-57.645620523172965,-391.64793399274794,92.95599652373407,-58.213308555077845,-371.5685813961476,81.63574581385348,0.02462048049680968,-0.8708362361177954,0.49095629317109035,-88.2533523885451,86.45829554904176,8.0,2.0,right
147.99958564363874,-236.86331768997778,-136.13263034601061,122.27186981207956,-236.1438323172012,-126.21660687877392,0.9327757361822393,-0.026085428751540685,-0.3595121366470538,214.94749979080686,-127.63198626766078,-15.0,-2.0,right
138.1339177426406,-289.41312988810813,-96.8705965904734,112.24311521556288,-280.8709933675973,-91.29834401614073,0.9304142858377454,-0.30697101188530335,-0.2002449863820594,165.08913604677133,-95.15013890133122,-11.0,-1.0,right
93.41704791484625,-349.4203675494698,-31.733196339894047,71.83444394237497,-332.14204220051454,-32.01161986631292,0.7806131767732383,-0.6249333239479887,0.010070196984731952,84.60286007943152,-35.91839511270004,-5.0,0.0,right
-122.05943896762074,-370.22485720284783,128.28330857803542,-114.61991053954205,-355.3140937385307,113.60668382324647,-0.33503206742858227,-0.6714920117159748,0.6609477982383807,-144.50959141877635,136.91677970229668,13.0,3.0,right
30.802604761728176,-382.47002380203503,29.646792933696666,17.810055809036967,-361.91465304767075,24.783098215281562,0.5239164773598024,-0.8288825753641312,0.19612547261541796,4.010131285267886,19.997854346010694,1.0,1.0,right
-42.83920754020092,-391.5250892478866,85.90819436214953,-45.57977344346514,-371.44179541355317,75.37118362047907,0.11996533205164411,-0.8791246401543888,0.46124634001708364,-73.64564521233673,78.21082133246745,7.0,2.0,right
104.37302414320587,-340.1539388769259,-41.13873533841911,81.514310619484,-324.31906604177357,-40.58604574528577,0.821868112231913,-0.5693311231602536,-0.0198715449181919,100.72900453897988,-43.87656587106542,-6.0,0.0,right
148.34280614728172,-222.64315759153152,-141.37514144273945,123.21380280144736,-223.49534477284664,-130.44047798870284,0.9165067903781889,0.03108103125299736,-0.39880982019870165,225.0492717063601,-130.4088743882762,-16.0,-2.0,right
-106.56913621126925,-375.4479223425262,124.42240703976161,-101.14307577146784,-359.4990896261976,110.1606022836065,-0.2458261631033729,-0.7225574422049933,0.6461271084299526,-130.40989323083068,129.46872249973586,12.0,3.0,right
-28.425583875359347,-390.71862642818644,78.6804037823124,-33.0112974647914,-370.1089176985414,68.72796833096558,0.19645925838591158,-0.8829526776174402,0.42637815244527993,-59.005357117662484,70.06725367796425,6.0,2.0,right
43.82933363228024,-376.952031604718,21.12137151723895,29.04670848896944,-356.9227688338543,17.190062279177237,0.5865601250769581,-0.79474158088851,0.15599051021307472,20.02249019296037,12.748820040477781,0.0,1.0,right
-157.33420483053573,-341.7562626802529,139.29139548460859,-143.9060781231044,-330.9683849757764,123.09683424441349,-0.5679712399491575,-0.45629628091314534,0.6849834849216792,-177.48782030493223,163.31235220635915,16.0,4.0,right
143.7795143450101,-274.3534125966271,-105.32635103886425,117.64244024740226,-268.12300655371916,-98.8272556912633,0.9454806493456511,-0.22537826266004263,-0.23509781035404526,181.29968592741625,-101.37508566170901,-12.0,-1.0,right
114.45572859931778,-329.8191019146474,-50.64000638138375,90.73039045357409,-315.7008769616656,-49.22787067667595,0.8582346251126741,-0.5107092436510737,-0.05108225432629052,116.73870617410127,-51.91776357820529,-7.0,0.0,right
-14.018186925253662,-389.0112148117802,71.11212869171051,-20.719543658796574,-368.0616055277866,61.93345025787806,0.2811721759146362,-0.8789932339309667,0.38511440143807857,-43.90595515908364,62.04954016015571,5.0,2.0,right
-91.53380035692253,-379.4028363352501,119.48260960152955,-87.93692455281638,-362.45135353470283,105.89372119372324,-0.16333444408073577,-0.7697683129372315,0.6170726081869179,-116.74964000753579,121.55627661177786,11.0,3.0,right
56.38319724245408,-370.70609847276296,12.846695690828085,39.90138683543413,-351.4229252146518,9.423863013953344,0.6438960676392325,-0.7533371107833758,0.1337200493392404,36.022191289609395,5.859163585124516,-1.0,1.0,right
148.2167756841098,-258.5866632881754,-113.08750322263398,121.6139908897574,-254.50653458364235,-105.66997472573419,0.9529141405265481,-0.14615057663223238,-0.26569653692627676,197.8229988091795,-105.78133247926883,-13.0,-1.0,right
123.57395678799915,-318.60230882106083,-60.023066445067364,99.39877627649328,-306.2988611056223,-57.70060643892465,0.8879728285562407,-0.4519150234957754,-0.08530572832255676,132.59380678971843,-59.70653972256599,-8.0,0.0,right
-141.91170234875432,-351.45351802558264,140.51335014949234,-131.5795638095812,-338.9433286602817,124.47206901597872,-0.4528415002245825,-0.5483020672630167,0.7030643062405116,-160.5525121904939,160.66407113271134,15.0,4.0,right
0.3642238210150784,-386.30843588926194,63.11133846298279,-8.658342937145607,-365.2308549615743,54.5844737024852,0.3688434665895897,-0.8616536984510796,0.3485791174177681,-28.250627195914433,54.10669401965369,4.0,2.0,right
-76.54123804369482,-382.115859515134,113.87927234422304,-74.69898618430848,-364.40734447202635,100.63001328373821,-0.08301057559388253,-0.797933257144848,0.5970023127943359,-102.70776849807848,113.70610673478771,10.0,3.0,right
68.68886974894075,-363.9846281815161,4.373308278150798,50.547834244205625,-345.5358130555705,1.3703904146094548,0.6964591362914442,-0.7082752164209609,0.11528611919921876,52.037645229106246,-1.1399442272414113,-2.0,1.0,right
131.89758750991598,-306.13429033903253,-69.3403835005272,106.57588442901601,-295.33922661356735,-66.30988583511802,0.9143697595888329,-0.3898110562257219,-0.10943163707834691,148.57559659531807,-67.42177147858268,-9.0,0.0,right
151.2560176517237,-242.01542212963653,-119.7918277871768,124.31138944308364,-240.18630237601008,-111.5570497459095,0.9543257832456327,-0.06478382733705307,-0.2916596563602387,214.90924610242564,-108.25704359776825,-14.0,-1.0,right
-61.6340849699986,-383.7612591749713,107.87067260767718,-61.62335104937385,-365.16220808855485,95.10848791808925,-0.0004758670201624281,-0.8245519347272435,0.5657860730772176,-88.53357655261493,105.51633888985614,9.0,3.0,right
14.026984293649253,-382.6620964435867,55.03815840978922,3.4788506122871086,-362.02257078698557,47.5577898120634,0.43308360010736774,-0.8474143716687225,0.30712778774859517,-12.695352475164395,46.552571209925006,3.0,2.0,right
80.43060711243261,-356.5791080771446,-4.459731427093251,60.71852527474509,-339.0114997677107,-6.490758835630485,0.7443493717564084,-0.6633717491669988,0.0766937753207953,67.93514384801061,-8.472167487491859,-3.0,1.0,right
-158.6684347115125,-328.99373114119845,146.0674341754181,-146.54755039442722,-319.7479082830518,128.47568784233326,-0.5206987147634907,-0.39718950806103903,0.7557204133341104,-176.9100595451046,180.3153889016964,17.0,5.0,right
-126.57643155752214,-358.9669654518401,139.4678682109417,-118.46071833604225,-345.2232876649355,123.95796889100741,-0.36465984564632703,-0.6175387527396622,0.6968996239329874,-145.35995199177844,155.29177722899595,14.0,4.0,right
91.87336433816586,-348.64806328588236,-13.041212214730525,70.58198685920257,-331.4056611552154,-15.283355729725532,0.7745390227372824,-0.6272451516641044,0.08156483293092821,83.77194074031352,-15.6235743517623,-4.0,1.0,right
-46.99188513580898,-384.28278176042375,101.27588008923519,-49.02603255116178,-365.10105109435835,89.14773220966157,0.08927466897550747,-0.8418478634663387,0.5322801971297395,-74.18827887933591,97.28222201964344,8.0,3.0,right
27.61524783430381,-378.2721962172442,46.891562141529036,14.987849762673477,-358.2970319440615,40.14343176424357,0.5138033980213567,-0.8127808453789387,0.2745785234988443,3.2305785670647147,39.3221949331287,2.0,2.0,right
139.2172057305803,-292.5185427074439,-78.27467591300218,113.16347498291447,-283.3760782240782,-74.33806910691294,0.9341444977193168,-0.32779884675424004,-0.14114522112815406,164.8609698094255,-74.121401185303,-10.0,0.0,right
-111.18099221593422,-364.7811816770409,136.7581127984982,-105.15351333983949,-350.06889147901506,121.5004915503381,-0.2735310593249335,-0.6676536584677675,0.692401149565182,-131.06816579901874,148.2677799055905,13.0,4.0,right
152.10938887916788,-224.26397432201037,-125.20290499721173,125.84102439796844,-225.55808507718044,-116.01607470400324,0.9429188523279114,0.04645288932714126,-0.3297668373226372,233.24966986658788,-107.47475247178629,-15.0,-1.0,right
103.0019194664061,-339.5668298885836,-22.104038458964162,80.31443503596739,-323.9359269203402,-23.67387082505656,0.8221444420657469,-0.5664294796195611,0.0568872656955397,100.03796158828607,-23.109850225421845,-5.0,1.0,right
-32.32485903486589,-383.80259258454475,94.39998701381421,-36.4220072539036,-364.2931322963007,82.78829197936967,0.1775943286371725,-0.8456539321338099,0.5033186679456044,-59.364487901986564,89.22696974001157,7.0,3.0,right
40.62898548814428,-373.2269325734025,38.566788163147066,26.208648480007366,-353.63450815284887,32.61049611472499,0.5757612000788717,-0.7822672792228998,0.23781703963538714,19.006987485269484,32.10761823146856,1.0,2.0,right
145.41755949496854,-277.940862190051,-86.81750646574474,118.8027441370818,-270.78652029097395,-82.17086913115456,0.9522772281654284,-0.25598212053656116,-0.16625653275337526,181.21465904245497,-80.15868025171383,-11.0,0.0,right
-146.05325961937086,-338.6192510834466,149.0865370521738,-134.71573879240003,-327.8226538451768,131.78007299718922,-0.4858156142236835,-0.4626369026249624,0.7415863303122883,-162.52367570925682,178.2590060889141,16.0,5.0,right
-95.97210586725656,-369.2105035322004,132.66055998221321,-91.70726366326824,-353.5820695984147,117.67523967983475,-0.1932591121344906,-0.708194376634019,0.6790520160348114,-116.96415256251649,140.6180379764435,12.0,4.0,right
-17.86394963423182,-382.44081325707475,87.09428339948072,-24.11075413846293,-362.7143942588579,76.16110172880057,0.2669261057429127,-0.8429103551872936,0.46717511405355694,-44.33290993382269,81.21596947794028,6.0,3.0,right
113.38734518766853,-329.8404621012148,-31.444841366707728,89.65719115412419,-315.6654402262593,-32.11978097813307,0.8582421195295425,-0.5126642162180015,0.024410359993673195,116.08149674530301,-30.852485705855898,-6.0,1.0,right
53.42329903515889,-367.5792986312228,30.12167308265456,37.76697987400255,-348.7429046850553,25.124772452467855,0.626303332471217,-0.7535165947239187,0.19989216395626377,34.95958860502429,24.935417310176117,0.0,2.0,right
150.17993961180295,-262.71629052174296,-95.34720933240419,123.24136142736194,-257.727316834734,-89.73227989844742,0.9632573624847635,-0.17839344015675543,-0.20077607957108667,197.7324971294919,-85.38308823961282,-12.0,0.0,right
-81.13059316068092,-372.5919689725942,127.50524967520633,-78.58819818655536,-355.9380633708579,112.8841207849724,-0.11397393984247652,-0.7465839314945241,0.6554558522669266,-103.1938010538566,132.59128148785635,11.0,4.0,right
-3.4892414247560035,-380.2486847755681,79.54126012957258,-12.002340122753562,-360.3899135396999,69.2600344411234,0.35578038720928046,-0.8299400218935117,0.42967415111525115,-28.894914970511373,73.36963248298653,5.0,3.0,right
123.0160041681711,-319.14583834026973,-41.02982744566144,98.146594635278,-306.53838477151083,-40.58727782082231,0.891822894344073,-0.45210625998690895,-0.01586993397623319,132.13626625610948,-38.72261638260906,-7.0,1.0,right
66.11183696979714,-361.08022223857154,21.71975461050679,48.548389057742966,-342.99118477654395,17.41282548581181,0.6866604302311116,-0.7072088754063911,0.1683836693425233,51.25032357486048,18.025352640196076,-1.0,2.0,right
-131.26915438463456,-346.83875835477596,149.65922611588627,-122.44857179866645,-334.8423860162016,132.92282040557706,-0.39375132799372076,-0.5355187702607231,0.7471141401430067,-146.69249537244548,173.68395645349057,15.0,5.0,right
153.55147291791758,-246.6374461357045,-103.12672357791797,126.4948106880403,-243.67045839203166,-96.40947113456102,0.965086874975323,-0.10582979176453597,-0.2395983700391976,214.74034953445513,-89.13293256832065,-13.0,0.0,right
10.262952538908234,-377.23243590561145,71.7654250576822,0.14644189359207854,-357.3452941677847,62.103715734260376,0.4160704777584882,-0.817915668179457,0.397365470674511,-13.532817066149896,65.76563991452697,4.0,3.0,right
-66.10697147860529,-374.7881517188775,121.91950159140058,-65.30020057984599,-357.75467784901264,107.96883960332849,-0.036618064140056326,-0.7731226295518349,0.6331986394911877,-88.97777666210051,124.29250534327547,10.0,4.0,right
131.63330901715327,-307.4244185181049,-50.57298771336354,106.05965882269331,-296.2547509344005,-49.19801115716065,0.915294284072468,-0.3997682308397626,-0.04921112837066889,148.07538890595833,-46.58153242253442,-8.0,1.0,right
78.18961017331088,-354.20450878722835,13.16559709547331,59.09492897769613,-336.9609405211605,9.716160786102643,0.7355836200977676,-0.6642732726781612,0.13288249338911612,67.18090743120588,10.914013639937066,-2.0,2.0,right
-51.293777726773385,-375.94060778481787,115.88608610237992,-52.73610781221855,-358.0312857050636,102.24529352403366,0.06393672971216988,-0.7938983570380344,0.6046796617102501,-74.52514664966786,116.10679787194486,9.0,4.0,right
-116.18532656860003,-353.36347769861646,147.99798871803975,-109.48829467474341,-340.24575116215874,131.64474106378867,-0.30429937393232115,-0.596042550748668,0.7430579847639208,-132.02410911896507,166.56897046715403,14.0,5.0,right
139.4022127492022,-294.6859018773684,-59.6719546319057,113.0464489100641,-285.04252356162317,-57.743541948866664,0.936901858968222,-0.3428054343596292,-0.06855173838347209,164.2337327618126,-53.38597008923627,-9.0,1.0,right
23.886623183985503,-373.2966885389626,63.69627256142353,12.051038863851549,-353.9567902193125,54.974122070722856,0.4871854210907513,-0.7960837633240241,0.359027864167235,2.239342648398523,58.400692775944904,3.0,3.0,right
155.06160076880397,-229.09366609936495,-110.1101508650315,128.06097921479898,-229.2783737569882,-102.18235843721064,0.9594752387039202,0.006563642378900052,-0.2817164974096783,232.93888682396246,-90.62567853537813,-14.0,0.0,right
-150.85458489707224,-324.5703201221762,156.11794928829488,-138.3467723311135,-316.1497883681123,138.4332991138174,-0.5382019266086325,-0.36232925535201177,0.7609574212206704,-166.20074810091873,194.8869589828318,17.0,6.0,right
89.61795535955557,-346.93016849770663,4.798756245898565,69.52969368947471,-330.3115117350879,1.6852206671597703,0.7650730462559454,-0.6329311397309927,0.11858080051793599,82.69194653003574,3.897976679516649,-3.0,2.0,right
-36.517119236094004,-375.89457802414574,109.2854850707298,-40.21329659740378,-357.47943557462816,96.20215080751566,0.16147552522775901,-0.8045054412989882,0.5715738357139344,-59.63338221309438,108.00836981408867,8.0,4.0,right
37.22699586525003,-368.58436183426056,55.464653646865386,23.152103543374608,-349.4574801976123,47.6375271414047,0.5629037874896431,-0.7649503719045715,0.31303395111852067,18.199502161430047,51.22299163298143,2.0,3.0,right
-100.86907049115541,-358.3702495440126,144.93797521499027,-95.99567274524338,-344.3267899223652,128.67275032131948,-0.22116962224180714,-0.6373349398975763,0.7381654100424708,-117.5695791906173,159.21620520207728,13.0,5.0,right
100.91965458822017,-338.3664511354077,-3.8829414433891323,79.11878902947869,-323.02399929449336,-7.067451892686323,0.812013843399286,-0.5714581952235342,0.1186130230614695,98.80030195333401,-3.238648370030557,-4.0,2.0,right
146.00060910489015,-280.69648377065965,-68.66074011481834,119.530439986233,-272.86211596929013,-65.7839787709152,0.9537187125527261,-0.2822718336136466,-0.10364955028923292,180.5514287827458,-59.86372214587123,-10.0,1.0,right
-22.16075455399941,-375.0425862384211,102.32585238112144,-27.770192905215566,-356.56926230795506,89.95070143127532,0.2446124677527096,-0.8055718008286489,0.5396469348839268,-44.81762649698983,100.0037490266291,7.0,4.0,right
50.123724314021544,-363.4021491403006,47.28146782610479,34.752806694768005,-345.0330106034525,40.34835717678931,0.6164373864522776,-0.736678448972414,0.27804641951207326,34.00079098437229,44.14524752717834,1.0,3.0,right
-135.46492177615616,-334.1013059168582,158.61363753408466,-125.88950229690761,-323.6916806047339,140.56462828828865,-0.41758129541447825,-0.45396077237520077,0.7871121132751532,-148.284198812547,191.29858072920626,16.0,6.0,right
111.44264355636983,-328.95236359714124,-12.897990316939563,88.45890385118005,-315.07478204231506,-15.250797694227806,0.8527862152537361,-0.5149122989912297,0.08729831281745902,114.87116122168268,-10.582027822236384,-5.0,2.0,right
-85.67765696708324,-362.16994573136685,140.65223830383195,-82.66106714616882,-347.14589930934244,124.68102437402167,-0.13628934195163733,-0.6787854901956356,0.7215784597465894,-103.11902061780239,151.5002365644587,12.0,5.0,right
151.28556490807517,-265.64917745621005,-77.46930947526404,124.06063067430583,-260.0422881074644,-73.23300488077365,0.9682639938769032,-0.19941091601640523,-0.15066560568041565,197.45270755901126,-65.17312492315072,-11.0,1.0,right
-7.923081385866378,-373.2795264206778,95.15914151185186,-15.63913581772716,-354.74095332809117,83.16998026149537,0.32992788078481317,-0.7926839017563104,0.5126400544019497,-29.641265005172034,92.24699512766936,6.0,4.0,right
121.35979567910749,-318.7708482985571,-22.06537889036219,96.94347227645426,-306.2363780902524,-23.748207749506797,0.887953370418481,-0.4558436126654816,0.061199777405985846,130.9903212979304,-17.90684889891189,-6.0,2.0,right
-70.81159197804578,-364.8790047539566,135.47705820541395,-69.64406319883533,-349.16430700794,119.88903336831896,-0.052673673608723055,-0.7089768360940811,0.7032619213284537,-89.15403935142365,143.0761604658571,11.0,5.0,right
62.8100458855221,-357.5601891750345,39.03855445864603,45.79369258162066,-339.759921891496,32.85989058188845,0.6702356344029352,-0.7011122314079423,0.24336358262211497,49.9801681383684,37.20739863247601,0.0,3.0,right
155.22435368845572,-250.0727051857097,-85.6970812326447,127.33102521945247,-246.50305659832605,-80.46636781523137,0.9751835977292377,-0.12479911660389506,-0.18287189837355453,214.6621950069852,-69.34066094362119,-12.0,1.0,right
6.129199645784219,-370.8256191524361,87.78602859348842,-3.291902159506349,-352.25761544143757,76.48694567604784,0.3976893406941106,-0.7838039866723486,0.47696383382266655,-14.245241103408674,84.69477359062702,5.0,4.0,right
-120.56217915901934,-341.3767611583335,158.39787243226317,-113.62197679460556,-329.6999712419871,140.68373413779636,-0.3109028602793761,-0.5230895575161123,0.7935469275901084,-132.75283475273918,184.71501406820752,15.0,6.0,right
-149.63931635590288,-313.07911682501145,162.1129314530786,-138.69015870152492,-306.20636961611854,144.67981232705205,-0.5044932287959508,-0.3166686004129629,0.8032481432356576,-161.9596725450496,212.09631994628995,18.0,7.0,right
130.49054501376105,-307.5623782743245,-31.723441143790737,104.98264694957993,-296.4969446327109,-32.21561699973317,0.9172542618807298,-0.39790876307370543,0.017698455604694973,147.15067997845614,-25.77671238106167,-7.0,2.0,right
75.10807604551235,-350.93531556742386,30.410938697135453,56.40397662765654,-333.8425459102116,25.258726981257716,0.7233848391846804,-0.6610663338273006,0.1992628332576999,66.06389436931727,30.046174034568693,-1.0,3.0,right
-56.049313168085064,-366.6573646203084,129.70128896114767,-56.724512101352445,-350.04750359634824,114.64350828834448,0.03010323457726064,-0.7405381111613291,0.671339780726271,-74.9066794203325,134.6024512056646,10.0,5.0,right
156.90003868322916,-233.8536277817106,-92.89313391721808,129.2813262535475,-233.1630323217399,-86.74979080830079,0.975852603714302,-0.02440082532599967,-0.21706288385494998,232.24991679958936,-71.52240430904601,-13.0,1.0,right
19.744584195382366,-367.46061378171225,80.01604206424531,8.594077453063704,-349.0920041824912,69.5759573136144,0.4667425082756499,-0.7688808334906069,0.43700537165959946,1.2730897036444055,77.31536192419836,4.0,4.0,right
156.8765093749696,-219.37061235196614,-100.16557125720188,130.1963815742473,-221.63486222738604,-92.22525211759644,0.9552989306430946,0.08107290567921588,-0.284308172722644,244.65377044635846,-74.18309129627285,-14.0,1.0,right
138.6098123030286,-295.65586747979773,-41.13051877643721,112.38447486489727,-285.6054188685192,-40.925102677380536,0.9337520484279965,-0.3578458046742417,-0.007313831660956033,163.21473292263263,-32.90703989597404,-8.0,2.0,right
-41.305276900992084,-367.29631503038024,123.50634390284907,-44.31732997478451,-349.9521976993698,108.76767279642817,0.13119224470893276,-0.7554361192863803,0.6419539427449336,-60.147435440246625,126.40765715497866,9.0,5.0,right
-105.64944493021119,-346.91045313397433,156.29935032116362,-100.46588343212407,-334.1867446798452,138.9713313649683,-0.23440340716733288,-0.5753728617963312,0.7835822309219662,-117.9583212719566,177.36840543301156,14.0,6.0,right
86.87362166829155,-343.9240726421835,22.04203878677548,67.13781213577934,-327.76441704821866,17.446954526998336,0.7614662167210325,-0.6234875639826333,0.17729201434796543,81.78697817522752,23.076388442152346,-2.0,3.0,right
33.16584509679751,-363.1773485782364,72.01597432978869,20.19270408210394,-345.1460407353957,62.40752492484488,0.5360286102768832,-0.7450236510591774,0.39700514899316625,17.12783049629389,70.16191944822019,3.0,4.0,right
-138.86878690741713,-320.2825105076398,165.9571220599314,-128.69748288384574,-311.7240923487869,147.07958706638777,-0.44054193436039346,-0.3706842389165285,0.8176282768403236,-149.53790961539949,208.9830817951883,17.0,7.0,right
145.82714480897795,-282.3881719999232,-50.40438241409868,119.20632214888346,-274.25238628845295,-49.293830393004825,0.9555748688847823,-0.2920402747795951,-0.039864117480384466,179.60806777196026,-39.64142896492574,-9.0,2.0,right
-26.80290882703462,-366.80902919737343,116.87084382902734,-31.93769526136131,-349.3096258462458,102.84797908032702,0.22320182594972907,-0.7606740476860094,0.6095538844677224,-45.19329768354358,118.44852138394319,8.0,5.0,right
98.30871095056347,-336.07711264018985,13.449447780066166,77.47568234688026,-321.1032417896998,9.379967509419533,0.8019868877644659,-0.5764331393971431,0.15665844266626622,97.68189139609163,15.949539355754673,-3.0,3.0,right
-90.53493515491722,-351.15408430362345,152.71983493090744,-87.01900800358342,-337.3326877940726,135.66294012710904,-0.15813616631740213,-0.6216461727154784,0.7671694655358962,-103.43208748691028,169.759019893233,13.0,6.0,right
46.33750371306644,-358.38246298952134,64.07060281541062,31.578533881270502,-340.6084871242332,55.33173002865021,0.5975196888851453,-0.719582779171975,0.3537949198529224,33.02861822798883,63.231857643965924,2.0,4.0,right
151.6042980201562,-267.7147819049851,-59.422025718443834,124.17002847006589,-261.6402247831479,-57.06782270571644,0.9729433028939821,-0.21543127506811935,-0.08349068856030163,196.7107176216878,-45.095016181274914,-10.0,2.0,right
-12.81110678186442,-365.4500279161434,109.91746033524072,-19.667199055012787,-347.83416431023323,96.45693007104333,0.2954469801376958,-0.7591137192343735,0.5800495178841826,-30.338049451950468,110.67533356454582,7.0,5.0,right
109.20247353037209,-327.2021591883034,4.697259580364342,86.84883172169047,-313.7436891363434,1.3157102488301313,0.8496041380579521,-0.5115216547682818,0.12852394834396835,113.69909864492678,8.792611178729896,-4.0,3.0,right
-75.56114882709183,-354.249609311412,148.2648945369233,-73.88692286538077,-340.0257509290519,131.43482293806488,-0.07575974009491386,-0.6436382178025458,0.7615709463764447,-89.0460160892383,161.5059410072701,12.0,6.0,right
-124.80456003671529,-328.2946193114856,167.5928039289725,-117.01487800280577,-318.11890282633266,148.5989004359892,-0.33997195228452676,-0.4441077548854757,0.828967655406669,-133.8958637944154,202.44310053980334,16.0,7.0,right
59.21638943716978,-352.8889747272966,55.833093138113476,42.73209771600974,-335.7050486631101,47.89288027012731,0.6567154158115773,-0.6845880515467779,0.3163290412131228,49.025654434340126,56.230011359629835,1.0,4.0,right
119.34279329039205,-317.3295459593684,-4.21216520827717,95.88847646700219,-305.4053712007553,-7.115758874934608,0.8860331683354192,-0.4504592660154984,0.1096889888287659,129.85232566500147,1.7414676548447332,-5.0,3.0,right
155.94626905997097,-252.34624390643097,-68.01572159334512,128.001165859852,-248.29818418435198,-64.46387014690623,0.9819325246512879,-0.14224035869093835,-0.12480463689871854,214.25599318878727,-49.54973288419768,-11.0,2.0,right
1.097093785347591,-363.4208756500391,102.94106735501413,-7.358321147419858,-345.8017089714475,90.05291802397201,0.36118639521796014,-0.752630515472766,0.5505376418453638,-15.209815930675596,103.23986542359522,6.0,5.0,right
-60.71572910940235,-356.40615503265354,142.9223786827328,-60.88099564147596,-341.45988312575673,126.520454273828,0.007447450057554331,-0.67352785937121,0.7391243184596729,-74.74526600280662,153.0252138012384,11.0,6.0,right
71.58752312139197,-346.82857287865534,47.51608085687934,53.24351850035299,-330.14740522168574,40.259024188574664,0.7100545292608881,-0.6456899075683202,0.2809040917119445,64.86533702761402,49.22046037742159,0.0,4.0,right
128.54830534870257,-306.7405886373516,-13.24178145191468,103.94778512428891,-296.0252197239556,-15.659394290080275,0.913105538042722,-0.39772584513407006,0.0897353247506295,145.80805058409268,-5.437809565902278,-6.0,3.0,right
158.41111228864793,-236.35377254332414,-75.70229511583142,130.16478922197672,-235.00708982618477,-71.30823214953683,0.9870208008406955,-0.04705758872798565,-0.15354322535006096,232.26367829329865,-52.213347815906985,-12.0,2.0,right
15.008552755099739,-360.58894258485634,95.62822792775374,4.577168441471253,-343.1444255859401,83.26783436225739,0.43850086689877776,-0.7333097503330728,0.519590030500458,0.36580073902689847,95.97733365648197,5.0,5.0,right
-110.39832230779716,-334.56564697781045,166.52694309118488,-104.79881541389653,-323.2050184439489,148.207059041229,-0.2514160287303902,-0.5100885067175901,0.8225568040032607,-118.83110793181146,195.27715602380897,15.0,7.0,right
-141.83751256259688,-305.48817840155624,171.34444776525973,-131.1602807407604,-299.5649387267291,152.6290709489272,-0.4778093857972633,-0.26506678492931185,0.837518829860726,-150.1634610873478,227.09424680196332,18.0,8.0,right
-46.47286056189759,-357.78648243723046,136.96653181317998,-48.422671737271855,-342.0393981550872,120.95452511838248,0.08649553528520972,-0.6985560967993979,0.7103083147479798,-60.744251732759736,144.53492759275315,10.0,6.0,right
158.6990610086707,-220.38666593809768,-82.89868891983127,130.58428123717871,-222.3908380374139,-77.28797474097422,0.978275216292493,0.0697366975619715,-0.19522908134042485,250.01242549520694,-52.335140621193005,-13.0,2.0,right
137.1021255347375,-295.2999832581297,-22.699574935257772,111.07897897704754,-285.66877606270975,-24.173913659923134,0.9365098489729393,-0.34660375815869454,0.053057870358236954,162.04007683977594,-12.584451063907103,-7.0,3.0,right
83.54235835838347,-339.9414616801263,38.96748054156241,64.1396169900701,-324.40057822397694,32.73296233881915,0.7570567846314037,-0.6063746888291657,0.24325863107173176,80.80786120665063,42.151426938373035,-1.0,4.0,right
28.634365113239152,-356.80603288950476,87.91878976200661,16.19606778005565,-339.6766002173788,76.4660240947864,0.516786564830133,-0.7116939265071699,0.4758396803376929,16.209235668955774,88.86680168685353,4.0,5.0,right
-32.027738250819006,-357.886196809589,130.62614380776995,-36.17211914669712,-341.8260923163326,115.12019281544457,0.18252803949884838,-0.70732383459644,0.6829176435035889,-45.91768762665662,136.48066054655524,9.0,6.0,right
-95.51037842971482,-339.2703851521013,163.8030437002999,-91.68276872541452,-327.01519409634795,145.98991765419663,-0.17431612727116044,-0.5581231130768093,0.8112413194744432,-103.73849298273339,187.666532544338,14.0,7.0,right
144.8621167667399,-282.7971593489825,-32.18188947600757,117.73595828180748,-274.6373589087259,-32.70426524589157,0.9574499361377075,-0.28800983429923377,0.018437872350894665,178.49314170102883,-19.547835595760766,-8.0,3.0,right
95.28073994114993,-332.6176165801968,30.524298683127242,74.80495737049415,-317.98093828741025,24.93813032212867,0.7941987608796801,-0.5677161165104756,0.21667196235656497,96.68610473159288,35.09645249328303,-2.0,4.0,right
-17.58948084398753,-356.96266484709844,124.08448149692217,-23.990977867237255,-340.6881332784003,109.10857318913429,0.2780324776578867,-0.7068422149276566,0.650439870059932,-30.62230326733262,128.77548264697523,8.0,6.0,right
41.920044061316844,-352.5391851491754,80.24235269109806,27.994986383355393,-335.67650759744726,69.56057560798678,0.5721436228477845,-0.6928426185716273,0.4388858401969953,31.961046279336514,81.96067688927769,3.0,5.0,right
-128.91678962197483,-313.5740301056501,174.81240553484696,-120.14472908623983,-305.3494501003871,154.87580140781367,-0.3767710804413008,-0.3532561001072943,0.8563023301848945,-135.18548911758273,220.62897575058372,17.0,8.0,right
151.22305569806218,-269.17383513968514,-41.52257051145219,123.73653247365694,-262.78362937053305,-41.13543750650905,0.9739320881838718,-0.22642465174165677,-0.013717313493268329,195.3481038991765,-25.460382714704174,-9.0,3.0,right
-80.65397105108391,-342.84092470152814,160.05262524293994,-78.53672730881158,-329.906693238122,142.3012646977229,-0.09595251938857098,-0.5861734624548991,0.8044835523095677,-89.35509178713335,179.4726576816373,13.0,7.0,right
106.55682188074883,-324.46404368793037,21.88514530253849,84.95552832196421,-310.94605353443586,17.266165587305323,0.8341033055684206,-0.5219780121494508,0.178355348875053,112.64185072189706,27.93885150162322,-3.0,4.0,right
-3.9158827234995064,-355.26391814210706,117.29311089584962,-11.747043840931838,-339.0176285798766,103.01935280362048,0.34048231201041834,-0.7063542875430762,0.6205927937686301,-15.786619916180486,121.37704469169095,7.0,6.0,right
54.83019432795565,-347.47881783006585,72.27874086694965,39.12576736609203,-330.92543587256114,62.4440797567853,0.6320499911626761,-0.6662175541559318,0.39581179770915026,47.80490921665068,75.12868216494563,2.0,5.0,right
156.20516798332505,-253.89285933346474,-50.41599622955474,128.15352093654968,-249.71304536106112,-49.0481845568392,0.9879320983796989,-0.14720605822923255,-0.04817203972946202,213.34779498929473,-30.172401924120024,-10.0,3.0,right
-66.07049861868083,-345.419407746106,155.2741700086854,-65.82361958515024,-331.67592721938246,137.64764648536232,-0.011044759008952795,-0.6148494191309652,0.7885671848946979,-75.07484313656458,171.07713510552068,12.0,7.0,right
-115.08066362386919,-320.8559103932057,175.37169556895697,-108.56922215668355,-310.98754273480176,155.7521428668852,-0.2842610170029589,-0.430809712545795,0.8565037453442061,-120.09983794354284,212.82440935005033,16.0,8.0,right
116.96598853249647,-315.242748622049,13.066936256971477,94.02778951132737,-303.2936483186294,9.335300694364953,0.8777912136718135,-0.457264114237787,0.14280096299008974,128.6226043168875,20.852983923541288,-4.0,4.0,right
9.860954711262991,-352.7436496901788,110.14221659834246,0.4439744449227187,-336.50950216019993,96.36816498602468,0.4045120138318328,-0.6973475067870067,0.5916726167769306,-0.40572616402183215,114.15296779242455,6.0,6.0,right
67.39702418385369,-341.8641251545788,64.03409849560617,50.05177301697765,-325.9958882186389,55.16489374984104,0.69032771874355,-0.6315436829988801,0.35298755955208405,63.59672636289775,68.09389540066502,1.0,5.0,right
159.1100109412797,-237.98094532000812,-58.73469820152962,130.74851975006453,-236.27936313672146,-56.12377111560161,0.9940169355336967,-0.059637255882837574,-0.09150808479562464,231.75519383334134,-33.53188842435347,-11.0,3.0,right
-51.68300447434669,-347.2253853612972,149.81531975235737,-52.954580904553936,-333.0308857320323,132.72932159991467,0.05715125958899464,-0.6379746539622378,0.7679336393394641,-60.963849989582414,162.6128779463529,11.0,7.0,right
159.9766992490747,-221.4679713001357,-66.17548350816796,131.76804078360118,-223.4403130975534,-62.70044618283939,0.9901161627904883,0.06922865525706329,-0.12197285547341195,250.75778640921035,-34.09754851269571,-12.0,3.0,right
-133.61090931222972,-297.53204286869635,179.3937092434212,-123.7477292627809,-291.73536740648433,158.51582434341415,-0.41429872173573895,-0.24348691013154197,0.8769667575015184,-136.76815708964466,239.61259956621862,18.0,9.0,right
126.34024167754299,-304.91310839975813,4.292509017240301,102.67083328156461,-294.5895920230852,1.0368070299645507,0.9094102500386302,-0.39664327271412475,0.12508841407302615,144.58597050408582,13.935289257598953,-5.0,4.0,right
23.413252540593014,-349.49055274410375,102.79456272918378,11.964220160312195,-333.3602285986941,89.6683052810121,0.482276680299147,-0.6794704497819344,0.5529277633767091,15.142724273903902,107.12485475091374,5.0,6.0,right
79.70577292529293,-335.3519502169196,55.75342423712618,60.901878493876744,-320.283140203494,47.608939005214495,0.7392641585224398,-0.592421489874883,0.32019569369142503,79.63907257408218,61.20601466302628,0.0,5.0,right
-37.4456514320411,-348.04236780194856,143.79036621010889,-40.770834988664916,-333.25890944615674,127.22414735100031,0.14810852832780766,-0.6584768098922331,0.7378835644400266,-46.558480548933915,154.37141136827535,10.0,7.0,right
-100.70732819362809,-326.40777887141746,173.8124257200201,-96.02227644346118,-315.6619646754086,154.97647430736095,-0.21117224576718316,-0.4843527536888408,0.8490045303834847,-104.75913149206815,205.39279175051126,15.0,8.0,right
134.88917798398597,-293.9328357608369,-4.769160144169112,109.78175668215144,-284.91585855100845,-7.724600029675409,0.9354235361477108,-0.335944205722343,0.11011039307211869,160.66352652870964,7.2088917236292644,-6.0,4.0,right
142.5825500337204,-282.06635813395405,-14.089501665930836,115.99513247645328,-274.193296675242,-16.302345234692808,0.9558054400622507,-0.28303294052432726,0.07955070914555046,176.8484246105599,0.3660402501096982,-7.0,4.0,right
-22.87844979999315,-347.7327751903531,137.65348279869627,-28.292333342339965,-332.6591930825867,121.28828544994228,0.23642930072910717,-0.6582772697909084,0.714683301773151,-31.181599694449336,146.65229345156916,9.0,7.0,right
36.77292453539201,-345.6656538428508,95.35097514747443,23.55194638367815,-329.8377092257498,83.20412923170056,0.5523798620170796,-0.6613003790854057,0.5075020164092857,30.786352205318117,100.2605470050114,4.0,6.0,right
91.59993571307359,-328.44637726862936,47.19929272922609,71.70509312736978,-314.1406618258143,40.16062651988699,0.7803392804287895,-0.5611158593779054,0.2760789738000231,95.51400118973747,54.014858715290174,-1.0,5.0,right
-86.08228712312285,-330.55596514158754,170.83412771615247,-83.26180650923622,-319.0477278403547,152.4507042264919,-0.1289592643125417,-0.5261847248990845,0.8405350340294226,-89.84620842018049,197.06333535869217,14.0,8.0,right
149.76078257309536,-269.245440043322,-23.401355947440706,122.44287325669073,-262.9584201577596,-24.848079198181804,0.9732295168916474,-0.22398175698752149,0.05154105147970312,193.7409093679152,-5.59892225105289,-8.0,4.0,right
-120.22642988766643,-305.2381355835148,182.3283236416964,-112.44958693014311,-298.03335635789574,161.44838805034195,-0.33210124859116735,-0.30767191644741676,0.8916539421287619,-121.3603730431393,231.17680533704493,17.0,9.0,right
-8.953677980737421,-346.5342940268539,131.0861402556099,-16.153452114149943,-331.4015186461769,115.27882582380026,0.3125292835476561,-0.6568866411881386,0.6861671717254874,-16.154599669886693,139.1947170514331,8.0,7.0,right
103.02005773712678,-320.60222737866854,38.73220681761741,81.80918735591369,-307.4301281675769,32.34591651500368,0.8230237136163627,-0.5111034961789143,0.2478006921274069,111.44707846380611,47.01199195084811,-2.0,5.0,right
50.02492477824792,-341.18255729204094,87.7374978485754,35.16419470265592,-325.6287385964664,76.30281581769864,0.6099924631336991,-0.638441861805402,0.46936252941040646,46.65321924035928,93.49253792794687,3.0,6.0,right
-71.58215938563602,-333.767286131918,166.65718539311092,-70.60520617429248,-321.55561191918315,148.3482245047877,-0.04434756200900798,-0.5543335884410397,0.8311122466128972,-75.63251723989097,188.58054252693435,13.0,8.0,right
155.52490172020228,-255.04058128916108,-32.643961245600536,127.5781757263596,-250.6204882148143,-33.33385281942489,0.987428875416141,-0.15617312505939113,0.024375623142780398,211.4804624589866,-10.892678083859408,-9.0,4.0,right
4.703612660199008,-344.427814026036,124.16111906624147,-4.118958540784153,-329.2635704399137,109.1217729762109,0.38179929820472364,-0.6562369888657628,0.6508320139135575,-0.9869111057129452,132.02006931661242,7.0,7.0,right
-57.15110554220199,-335.8989763156509,161.8056521133532,-58.13553084240266,-323.1000544757932,143.60864215303025,0.044205892872269184,-0.5747391575754542,0.8171418113062277,-61.118463816772305,180.3096421876854,12.0,8.0,right
159.02073643649436,-239.5413797624184,-42.00306314690225,130.62645681332748,-237.29365517084466,-41.253876355248124,0.9965367411466,-0.07888702123136061,-0.026293752606984067,230.06536102254964,-15.614315709426592,-10.0,4.0,right
113.67303537547355,-311.8459499927901,30.087563210681516,91.45640254815294,-300.3032799384555,24.67276559409209,0.8673264981260793,-0.4506202031182507,0.21139105513246878,127.38676237927898,40.034264898023764,-3.0,5.0,right
62.621445313172046,-335.8843208161618,80.03241944710616,46.352071357698534,-320.96799719088443,69.46808966581136,0.6648627654890019,-0.6095691329963164,0.43172094594128224,62.297172989248,86.89612606528921,2.0,6.0,right
-106.18205585115047,-312.13817338924696,182.4481953055386,-100.60089643495853,-303.34352821528597,162.30096485031893,-0.246077217108287,-0.3877620487930389,0.8883054636419085,-105.85482165001073,222.83362891581615,16.0,9.0,right
159.9063628741425,-222.44954431932933,-49.75554513427773,131.6512263900561,-224.05321056464595,-48.11903578835791,0.9967281648573647,0.056570928780980405,-0.05772950196327214,250.29911695771784,-17.147319718085967,-11.0,4.0,right
18.156495688908926,-341.476604909139,116.92164097307659,7.69499461243009,-326.7427099534591,102.52962957561724,0.4528573393500056,-0.6378006768926762,0.6230012253214899,14.41410580218501,125.02277846404992,6.0,7.0,right
123.60760843369401,-302.17028195592997,21.303465898257137,100.11712875073215,-292.0341993143532,16.689095309905134,0.9035901209145356,-0.38989685452635475,0.1774974259422079,143.33180181377108,32.924116208305776,-4.0,5.0,right
-124.5763472195015,-288.77887586662905,186.4893946385439,-117.03744081489133,-283.8969327687405,164.5386515346873,-0.31786718661606955,-0.20584013575186638,0.9255216313984446,-122.40230277342087,249.7831527931892,18.0,10.0,right
-42.987079616735045,-337.40865649691125,156.26070778881967,-45.433921029356405,-324.05104606170073,138.58714586613814,0.10978150986136134,-0.5993108642649124,0.7929530301768217,-46.98431373764632,171.96537867725817,11.0,8.0,right
75.02416968420269,-329.99879517820216,72.09635330963067,57.06940160673031,-315.74164348072617,62.23302035989258,0.7193856608479815,-0.5712349194065753,0.3951897491292964,78.01083803311482,80.13686083885555,1.0,6.0,right
-91.86793606548108,-317.14710009243515,180.59596513461065,-88.20461591091474,-307.65816628230795,160.91661085974926,-0.16536765880426554,-0.4283444259638108,0.8883549910746995,-90.52843293761117,214.62081025011753,15.0,9.0,right
132.22282994439433,-291.7143489144425,12.214708764248275,107.76842859815333,-283.0744274352371,8.595251033858911,0.9338323494323992,-0.3299298993094354,0.13821506681701326,159.19950073337384,26.042820539466526,-5.0,5.0,right
31.564632764772853,-337.85716778274946,109.7805251035223,19.168334071492232,-323.30834454547653,96.07051750061692,0.5270009378277181,-0.6185107087237691,0.5828503364696005,30.079928039937045,118.37210669852612,5.0,7.0,right
-28.654224389120323,-337.64857068828616,150.34947255204742,-33.08176981492002,-323.8620189125138,133.09945008172275,0.19658855448241844,-0.6121401418273597,0.7659225724641447,-31.97112913521335,164.1423256786979,10.0,8.0,right
139.91972724101936,-280.4107099235762,3.124134242697263,114.27428319219416,-273.015689551843,-0.08181357996218115,0.9539931354388779,-0.27508974528313,0.11925908592455947,175.15080195859082,19.365396651395727,-6.0,5.0,right
87.17485616138676,-323.3353993712743,63.86747371662584,67.92816070389543,-309.7252003862351,54.93036227604043,0.763454399569982,-0.5398727442381149,0.35450641715777903,93.95585988139445,73.23485451482651,0.0,6.0,right
-14.471850918714395,-337.00282656265006,144.12756046211442,-20.8762349416358,-323.01992171807717,127.3175577845545,0.2810904006065242,-0.613714029379986,0.7377962298826454,-16.69046701598916,156.6947649185761,9.0,8.0,right
147.08257833220853,-268.39299933816665,-5.806781445561478,120.34109670202713,-262.3223214127544,-8.594096908805167,0.9701884181787034,-0.22024588970720207,0.10112458305965188,191.53925125217035,13.633432669523977,-7.0,5.0,right
-77.46808864704987,-321.0463653931297,177.3976631616656,-75.51317454140083,-310.65165445094146,158.2683736525893,-0.08943426895399147,-0.4755418007452634,0.8751351365821267,-75.58735985452127,206.0856687657556,14.0,9.0,right
44.62285369674256,-333.86514855458864,102.39956032559326,30.768602889497377,-319.51331524584486,89.73867791583152,0.5863851247051897,-0.60744544628099,0.5358754662390957,45.53934940006137,111.65813484812891,4.0,7.0,right
-111.71481526980816,-296.380010813574,188.80054867214182,-105.24644546681937,-290.09971947586973,167.63886552767696,-0.2812072371270986,-0.27303067530447017,0.919987358679525,-107.54202279523324,240.4599583935615,17.0,10.0,right
98.69542184468574,-316.0112375176843,55.281025031582786,78.30481557080932,-303.61531873140893,47.391747767998616,0.8113025475605675,-0.49320948850567137,0.3138989913486617,109.77791274548657,66.06644791237791,-1.0,6.0,right
153.43607270502287,-255.2992380544619,-14.97921079206714,125.96029608981107,-250.83464411521948,-17.40819855164161,0.9833174251483376,-0.15978121667498868,0.08692988092424798,208.8891144052797,8.146545571315734,-8.0,5.0,right
-0.8792207344075631,-335.42364437180527,137.40815044624657,-8.912975130972162,-321.25290773714534,121.19185216573204,0.34951861097492654,-0.6165157584548293,0.7055104961366799,-1.6803600482280139,149.50052897664727,8.0,8.0,right
-62.9463012377274,-323.70294292563983,173.11408080726554,-62.99321524373791,-312.9639551450981,154.24962202861172,0.0021612339648855584,-0.49472358285919954,0.8690477004346226,-60.90692366954527,197.77358168564757,13.0,9.0,right
157.94005752593694,-241.1175884336829,-24.715410070606694,130.02343329987087,-238.43454797493484,-25.591358228704923,0.9949281059218683,-0.09562160310348206,0.031218152838432586,226.99817182764141,2.6537164915642677,-9.0,5.0,right
57.461045110656066,-329.2363976804104,95.105510512042,42.15360396869555,-315.30178034234797,83.06058115010177,0.6391587873826409,-0.5818368359439859,0.502933336387879,61.031515415446364,105.14933240506976,3.0,7.0,right
109.71488637792618,-307.7587954064909,46.85250079024743,88.08516694534353,-296.6201371393958,39.69303318422867,0.8528785075645744,-0.43920691013686186,0.28230398761344955,125.67413344112941,59.17102804663206,-2.0,6.0,right
160.01501055100317,-224.7630354615011,-34.076123352292115,131.78789656833558,-224.9082412817837,-33.888119418175705,0.9999645900229799,0.0051440143203090784,-0.0066601664278133155,247.05590953574347,-1.1598429085014175,-10.0,5.0,right
-48.6049229475102,-325.5526152094579,168.0211434216221,-50.748719033445596,-314.0468023537626,149.2085385355142,0.09675863815473328,-0.5193062857443089,0.8490928968781282,-46.225479317005245,189.5038653408298,12.0,9.0,right
12.80449367264664,-332.94938064555686,130.5074811174798,3.0014127040397645,-319.17879539380533,115.00614191077416,0.42742613790944545,-0.6004141034596979,0.6758770605653832,13.833037557625168,142.589940023287,7.0,8.0,right
-97.41848709328154,-302.71686760591524,188.71128449698466,-93.22772090704035,-295.09164942081736,168.03333888307918,-0.1868043170967194,-0.3398957642774861,0.9217239372720293,-91.64181513387798,231.38829262466024,16.0,10.0,right
119.91880044847461,-298.44263373521653,38.009713421280246,97.00800975824487,-288.7734626726505,31.701678772236228,0.8930277052737923,-0.3768895522922916,0.24587757723375464,141.71232870731606,51.96112688328418,-3.0,6.0,right
70.09618562521483,-323.74432457050943,87.50454974348912,53.213648567088605,-310.6551166260447,76.41864779303609,0.7014661172378772,-0.5438540334850556,0.4606170607231703,76.78139451330999,98.62832002921178,2.0,7.0,right
-117.03887574777735,-280.00555317713327,191.9309184875152,-109.77446672508592,-276.1435568265588,171.00944591173345,-0.32313571442560535,-0.17178946641823403,0.930629727276317,-109.62302763284774,257.88236388673323,18.0,11.0,right
-34.70537348880206,-326.80917378679055,162.40454159232354,-38.27774124748781,-314.57529787402905,144.14763547271065,0.16044543353825017,-0.5494589743465556,0.8199707911668281,-32.14428422216405,181.3713681970138,11.0,9.0,right
25.933894231645223,-329.69101070540376,123.57634495149526,14.618573800890424,-316.32043035344833,108.53912525207122,0.4901545600646321,-0.579183856995233,0.6513789734432427,29.11588651517985,136.07844088266327,6.0,8.0,right
129.15740416672915,-288.4322094751923,29.182463630592064,105.14903164593005,-280.36416803123825,23.699923534593314,0.9264509179766497,-0.31133490600203656,0.21156387424351622,157.62129991940722,45.162277480834696,-4.0,6.0,right
-83.37979494715256,-307.4801216779602,186.6995309123593,-80.83130198716347,-298.83273244791485,166.40274294436944,-0.11475138128388436,-0.38936731402677166,0.9139065681244544,-76.33380793982417,223.07142321037662,15.0,10.0,right
82.21404413267157,-317.46968461087556,79.7657997609372,63.639797723850975,-305.0794466720149,69.32067333443521,0.7535198731783093,-0.5026470692186846,0.423737801631164,92.38774607480134,92.07568257698671,1.0,7.0,right
-20.6787006720839,-326.6882111944877,156.376999467755,-26.03924093033648,-314.2944032428011,138.81209799989784,0.2419504112691116,-0.5594001325676946,0.7927997793705251,-17.150501554285302,173.86502812862196,10.0,9.0,right
137.155103507334,-277.8198319724221,20.004745401921383,112.32334221303944,-270.93387164330227,15.583161458315644,0.9497555213782768,-0.263371525082918,0.16911501821829944,173.33911242727015,38.15829378587749,-5.0,6.0,right
38.944758718297145,-326.149408615556,116.5530084885194,26.15338775052883,-312.89451959081265,102.46275670395195,0.5515538763568315,-0.5715404111645682,0.6075605977032984,44.31500832887569,129.51647579685755,5.0,8.0,right
144.43186682643687,-266.3474822503241,11.013976550376192,118.52532192289303,-260.69359405573596,7.091665457179046,0.9664871766711268,-0.21092779676900175,0.1463284042161634,189.53092583484806,32.19836252484386,-6.0,6.0,right
93.9125984808766,-310.4493795034332,71.45167417430844,74.30477931091454,-298.8270158045727,61.791973083089296,0.7920455632275422,-0.469478095554934,0.3901975699125735,108.16507561559276,85.12005337660216,0.0,7.0,right
-69.02270537694362,-310.8495579029053,183.29826701710866,-68.2885551386741,-301.6428909997818,163.54569938239422,-0.03366862529238565,-0.42222395634403603,0.9058660797050028,-60.97651419320878,214.7614540646762,14.0,10.0,right
-103.31588041751787,-287.0340116835596,194.45941099134,-97.9105461911997,-281.7141644073614,172.5444672368492,-0.23308748084655231,-0.22940113380223678,0.9450107650618887,-93.41471454201601,248.12162094805626,17.0,11.0,right
-6.887035101038723,-325.62728386356997,150.05281483026022,-13.891612965434527,-312.99549999624486,132.85004587819833,0.31183509033305756,-0.5623512993348323,0.7658458673737161,-1.9481775502492482,166.7715042208419,9.0,9.0,right
150.70946994546802,-254.2556098733533,2.022392242036414,124.05672513128935,-250.08157567852584,-0.9965060820611585,0.9818296785857402,-0.15376242411375202,0.1112097081143757,206.14821435935372,26.582281287251533,-7.0,6.0,right
51.95842817637857,-321.71818606190084,109.32165014165426,37.354251318746954,-308.8637976738431,95.93618411343977,0.6184170294239428,-0.54432185802038,0.566810455619608,59.97260131853345,123.06368391264851,4.0,8.0,right
-54.71316491591934,-313.32783044700983,178.78262632738708,-55.87146582610497,-303.5588609190632,159.37439504986344,0.05323319871262119,-0.4489623478025097,0.8919635849127927,-46.33222635375496,206.47406380552522,13.0,10.0,right
159.37390668956,-215.37232716590205,-25.440885281120515,130.8512506859132,-215.73310940714637,-24.669958778766343,0.999555027245593,0.012643342293599421,-0.02701653944732391,256.1845529913522,11.132332570247556,-10.0,6.0,right
104.98062512813956,-302.5925082954004,62.88119349016648,84.22912640634306,-292.2157872734267,54.35076192750229,0.8394681722863155,-0.4197733931136098,0.3450847521293276,123.96860682963765,78.0432284159974,-1.0,7.0,right
6.647287162280458,-323.7006421143691,143.4025819219686,-2.327672419986735,-310.9426359298685,126.85189307641411,0.39462595219200886,-0.5609652380582932,0.7277282181877742,13.283871647478776,159.91078109339182,8.0,9.0,right
155.72710641791085,-241.22992514042778,-7.2720057214448115,128.90170839994772,-238.67666979608578,-9.473579048889786,0.9921948922078057,-0.09443762621758772,0.08142991238560973,223.64646070008436,21.222367371847106,-8.0,6.0,right
158.58123128071327,-227.3448140054986,-16.675102700004445,131.01195306418063,-226.89212392734424,-17.639721630263637,0.9992539142602883,-0.01640784096666204,0.03496280295263742,241.91950326470027,16.581167278238,-9.0,6.0,right
64.50862253928076,-316.5289721200161,101.9904557006899,48.60454354359766,-304.5581032650099,89.50144832993757,0.6767897026514256,-0.5094140173132902,0.5314631288713545,75.53084171807623,116.76134908806192,3.0,8.0,right
-40.771758008422424,-315.0404195879032,173.66566795699077,-43.61717162739518,-304.64753675528493,154.51637466859526,0.12949710348126645,-0.4729886068831434,0.8715000160348279,-31.911619469880968,198.45689792911014,12.0,10.0,right
115.36240767203304,-293.8964618291884,54.46293358860848,93.3059035258112,-284.67717873420975,46.58010902258347,0.8762359130185378,-0.36625327778830097,0.3131599611155537,139.64865540567993,71.06757900465199,-2.0,7.0,right
-89.36048649731833,-292.88434972427945,194.30228515366923,-85.93523335194976,-286.3112298265563,173.12285851911764,-0.1526476722977677,-0.2929335174768842,0.9438689752718294,-77.50640371640488,239.28241750250533,16.0,11.0,right
19.976669936511776,-320.92765768522713,136.5554558735097,9.434352854809111,-308.5455299197198,120.41904813359176,0.46017404288123825,-0.5404821112063615,0.7043571095149468,28.645027683641718,153.355701311788,7.0,9.0,right
-108.04142809276837,-271.0895686761706,197.1522738741906,-101.97286378309556,-268.386643566229,174.41357916518388,-0.25617354629266553,-0.11409913044401136,0.9598731700655874,-93.65049649481023,264.0324217385127,18.0,12.0,right
124.92255086211681,-284.3211410859659,45.74100344603057,101.84957436626271,-276.5462881321424,38.608967494493264,0.9094310756709075,-0.3064491001518305,0.28111219756565087,155.5283493819847,64.24523559221628,-3.0,7.0,right
76.7320169126729,-310.8903785164532,94.63734144692745,59.225611631119506,-299.46015515727834,82.67314048021777,0.7267470711490757,-0.47450525766206836,0.49667238198564495,90.8716121298028,110.40360679614705,2.0,8.0,right
-26.724654103144687,-315.73344060741215,168.08198493517875,-31.340394535231866,-304.74760651955694,149.22501522665266,0.20692377503062875,-0.4924952550443219,0.8453584890955447,-17.191578538371694,190.83257207263557,11.0,10.0,right
-75.21956607430992,-297.16984294709096,192.08620807740664,-73.82332065531722,-289.5766715105318,171.35654360714358,-0.06311944521150337,-0.34326112154209415,0.9371167152888992,-61.618173086823646,231.18151917937092,15.0,11.0,right
32.86734820750301,-317.575870267338,129.70580618156134,21.31729049886218,-305.61366760104045,114.50718940220196,0.5127053026018679,-0.5310003545021845,0.674664284072072,43.71712703935542,147.0148816389941,6.0,9.0,right
133.54896779875577,-274.34460188473076,36.903519182798405,109.35055451716684,-267.7157453768065,30.739279281183663,0.9366133520029087,-0.25657366214821264,0.23859041209095186,171.07800569388138,57.29067863331222,-4.0,7.0,right
-12.93383499816493,-315.083171739815,161.93041879643062,-19.29618285268124,-303.9542174855582,143.55173607537625,0.2839346376783197,-0.49665558472694,0.8201916554598826,-2.0374088815287053,183.75486413299876,10.0,10.0,right
88.53568952254216,-304.21024091071155,86.72521597212321,69.71806152332448,-293.42082089108226,75.77917996120826,0.7744926490453712,-0.44406906614442876,0.450515039780359,106.4645796569034,103.72151902886284,1.0,8.0,right
-61.01974472010032,-300.28564513732294,188.43867688450212,-61.4465896620672,-291.947097558546,168.11441767875812,0.019426359355678907,-0.37949992103295876,0.9249877980266346,-46.1335680549481,223.02105210899214,14.0,11.0,right
141.25535431333506,-263.27614284660046,27.80202461768085,116.12623722845673,-257.90098979886767,22.520583376106423,0.9578587351488175,-0.2048873138734701,0.20131525553922083,187.27028930631533,50.97923225947899,-5.0,7.0,right
-95.0395867277382,-277.0310439385969,199.240737649941,-90.43339988035679,-272.87998421571604,176.75787540951123,-0.19750182046442769,-0.1779871028444293,0.9640091400678126,-77.52224328335956,255.30453322718407,17.0,12.0,right
45.93699614537641,-313.7618693979823,122.81387822480671,32.8490800947316,-302.00508550525194,108.23592685911906,0.5728248670133326,-0.5145645910164564,0.6380399308845996,59.09535796245902,140.63043674202052,5.0,9.0,right
0.49967197736886515,-313.66783214712905,155.53527406841022,-7.18679500610223,-302.3416611178785,137.79971854848364,0.3430932502335951,-0.5055551320890886,0.7916445099048763,13.048749919939674,177.00541539010442,9.0,10.0,right
147.83243968345502,-251.76282576229272,18.561045482581548,122.23595500651288,-247.7884733622205,14.34177243898285,0.9753057039007914,-0.15143519174701445,0.16076743028090942,203.801094886935,44.83101979742625,-6.0,7.0,right
99.664835895219,-296.59191651799756,78.56655549917096,79.86084324140344,-287.05418097698197,68.40439055687203,0.8177911389145195,-0.3938536913792412,0.41963903881769454,122.1042358171612,97.01346006037747,0.0,8.0,right
157.80014632139995,-213.5701531760323,-8.755240516417942,131.10087800431188,-215.38100768724107,-9.987622466695683,0.9966515619835192,0.06759702010133402,0.04600333541419553,256.0905174387906,29.878210209649453,-9.0,7.0,right
-46.96269885313798,-302.36302226313603,183.86832410281852,-49.11827216085641,-293.6972205450236,164.07153301134025,0.09925452631253129,-0.3990214768246353,0.911553838255954,-31.430927521755343,215.1577149675614,13.0,11.0,right
156.13433324817078,-226.21185804011532,0.23364788915327495,129.44156468218378,-226.20263390302722,-1.9929487438289524,0.9965389008258351,-0.0003443708513080987,0.08312701455936698,238.83084409856312,34.463957887065156,-8.0,7.0,right
58.55913851119931,-309.0151451778569,115.79054381095008,43.75594672871808,-297.78877633330296,101.88063194230409,0.6378248445517646,-0.48371034222716663,0.5993361097873168,74.4695965491021,134.4459496043604,4.0,9.0,right
13.857023726323792,-311.5716914677985,149.08085275751523,4.137704042082431,-300.4180917617816,131.82612890348,0.4276233549400793,-0.49072773413131043,0.7591604292006668,28.197859108757612,170.52233671306655,8.0,10.0,right
152.9381264135705,-239.21958751928358,9.258306583100147,126.8630921894237,-237.11049206213113,6.293279741180594,0.9904035511119481,-0.08010941088098274,0.11262010581217011,221.10104705633614,39.17427173201539,-7.0,7.0,right
110.41532416535328,-288.589416861995,70.0571234479479,88.94200182479192,-279.8421349526307,60.83543850371868,0.8605467366585,-0.3505486846586678,0.36956046015568833,137.66202591030793,89.67597358805655,-1.0,8.0,right
-81.40558493579502,-282.01453043059394,198.97203517251813,-78.98513993358652,-276.87069933635934,177.24626868977947,-0.10778028618875723,-0.22905027254797233,0.9674292648843992,-61.467034061443115,247.2010469405335,16.0,12.0,right
-33.178631796819374,-303.7511469420298,178.86680462061977,-37.04458296369819,-294.43196393106234,159.06707200896244,0.17396868297883183,-0.4193653579348303,0.8909924769080838,-16.889576400883183,207.6404959250657,12.0,11.0,right
-99.19564488671855,-261.9908869690845,201.38662337142222,-94.28084306757474,-259.8356088349108,179.21133784354475,-0.21541571158782305,-0.09446581775368287,0.9719425294106848,-78.70603887239001,268.86916920522765,18.0,13.0,right
70.87788717978924,-303.7111816824563,108.64776196391787,54.490035982724535,-292.85682780722243,95.32333434369487,0.6901025531865876,-0.4570835573507831,0.5610998910041834,89.74850564734821,128.2357065587176,3.0,9.0,right
26.789261565609934,-308.47044492138707,142.30579155032092,15.675005020390735,-297.6370346356347,125.80998324669105,0.4907058550731406,-0.4783062039282305,0.7283068989654732,43.330355633899885,164.2997436984388,7.0,10.0,right
-19.378361230925663,-303.889579806732,173.17659788337392,-24.851047810202658,-294.12165151649947,153.63165409221259,0.24296249204111053,-0.4336517659279681,0.8677069628444433,-2.0318318560888144,200.54123065331845,11.0,11.0,right
120.34975656903164,-279.3998533723129,61.64836944428113,98.24495020918911,-272.2018329028999,53.31902663153975,0.8951354608927169,-0.29148427113609476,0.33729723736289763,153.43978091713763,82.95856862693262,-2.0,8.0,right
-67.47327731396943,-285.9153689716169,196.73451722239236,-67.01107284449533,-279.8258668523556,175.64581035490258,-0.021052198445079853,-0.2773608121796968,0.9605351554251661,-45.46349114732647,239.48147111961651,15.0,12.0,right
129.1600989790952,-269.85507140797455,52.93821703205053,105.91149323226924,-263.42775352463764,45.23282700868821,0.9181350139015501,-0.25382793525039127,0.30430161934259176,168.85054015359643,75.98747805816897,-3.0,8.0,right
82.79187345897952,-297.38486682140876,101.09689699257993,65.06227023249758,-287.36420908886066,88.75759634733888,0.7445662891024283,-0.42082407863164445,0.5181970049856202,105.24927209163974,121.86121660333882,2.0,9.0,right
39.5713421960789,-304.817770600638,135.75454147716204,27.419535499380693,-294.4302308035549,119.69754245594658,0.5363091437157872,-0.45844479861591403,0.7086613217813239,58.39474238972766,158.29624082285767,6.0,10.0,right
-6.082795173021184,-303.0926975222602,166.97120394233497,-12.768446790357327,-293.2687734731305,148.2866292417315,0.30192814900404574,-0.44365446689127497,0.8438069132487652,12.662706387719751,193.74645972609574,10.0,11.0,right
137.2684785834801,-259.4656936645222,43.855083570760414,112.89761874192129,-254.45098866389387,37.020223937393624,0.9444924832496945,-0.19434485322226325,0.26488493183048867,184.78029487506683,69.33607576225727,-4.0,8.0,right
-88.65631398501435,-265.1602219737721,203.97927004469742,-84.37705443303534,-263.049256692726,181.26488675416948,-0.18437011543905424,-0.09095005989396343,0.9786397432856865,-63.60252922300636,263.6931469729773,17.0,13.0,right
-53.57381935469418,-289.0004633239157,193.1679865778788,-54.94028962764786,-282.2344267982934,172.56077943067822,0.06287668208469538,-0.3113320033486112,0.9482188073124054,-30.163883316490896,231.65327320658133,14.0,12.0,right
94.1365446332909,-290.2221538985465,93.158953733949,75.22277368755294,-281.31989238572214,81.88396152681935,0.7963382860420262,-0.37481746476463057,0.4747180239795652,120.71816731403896,115.1723119798816,1.0,9.0,right
52.40064861593798,-300.6815014525887,128.8467630861434,38.58938092152565,-290.4723382409985,113.45604639516897,0.598877541062332,-0.44268482052047436,0.667364848109256,73.67334379559705,152.0180980200989,5.0,10.0,right
144.35124313959085,-247.95989294774492,34.36675642718498,119.33058950516426,-244.50098445610246,28.93763910689237,0.9684606327068243,-0.13388206220488028,0.21014184808568281,201.70236082251316,62.70532741826726,-5.0,8.0,right
7.442998777337873,-301.51938500527035,160.85496718403866,-0.9184400964030358,-291.78574116751963,142.90247498617373,0.3789126248258221,-0.4410963939788646,0.8135472905531971,27.96113390085084,187.42317140034834,9.0,11.0,right
154.2248252827301,-212.67411524872298,7.099100261528875,129.35454106772463,-214.4558660293978,4.742357547439937,0.9930176848793754,0.07114152857932451,0.09409973660007152,250.77428683009,44.660277258087945,-8.0,8.0,right
149.58798872565387,-235.49680033486857,25.22279028660936,123.93982843778647,-233.9464766877872,20.54189688604579,0.9820163058352911,-0.059358764280497696,0.17922196343277916,219.0739975332689,57.0305444979678,-6.0,8.0,right
-39.89417859705891,-291.0189965270165,188.61379139132328,-42.70124076979338,-283.5792930350517,168.3801607714165,0.1291195593592011,-0.3422123122089009,0.9307088012711191,-15.844737470259972,224.14472913376844,13.0,12.0,right
105.02435944236765,-282.40612770235566,84.94283648032041,84.43213544957567,-274.4107570560425,74.23778284694345,0.8388836500000832,-0.32571448879103476,0.43610124232124436,136.1995257385083,108.07026396917877,0.0,9.0,right
153.06906050458164,-221.917649021391,16.627911319112982,126.78997054503643,-222.97957884964694,13.034970331844903,0.9899893683012265,0.040005161574230445,0.1353537502175615,237.36299443149224,52.62676855321729,-7.0,8.0,right
64.76193416741467,-295.5267332666964,121.74432169500432,49.20984253712379,-285.6903028546572,107.03927478482818,0.6602320158812985,-0.4175853920104046,0.6242724770361365,88.99555312629168,145.896368924139,4.0,10.0,right
-74.50229285972762,-270.2611585841039,202.72000348056721,-72.9836026464387,-266.52706341238684,180.72333536750318,-0.06791087659596441,-0.1669765658493914,0.9836193060819372,-46.7747220145386,255.31472862706187,16.0,13.0,right
20.46990642947256,-299.06408718786577,154.48544713371803,10.496654043085776,-289.55884938270907,137.21091348506462,0.4513639628852255,-0.43018281676679127,0.781801328450607,42.94609061073368,181.31976741673628,8.0,11.0,right
-26.132520096196444,-291.8841875834355,183.67716101165934,-30.535334692749082,-283.87040915768443,163.48756918524583,0.19865072282410134,-0.36157390730786515,0.9109347945246056,-0.9227585363203232,217.230248858977,12.0,12.0,right
115.14822966671483,-273.9541098658782,76.8000039602313,93.72102556830471,-267.0814007276265,66.88003177194639,0.871308924305852,-0.27946963023334526,0.4033825531703326,151.47162548203954,101.27507686142906,-1.0,9.0,right
-60.68036828117722,-274.5698388187779,200.74573410701134,-61.01773765126019,-269.69718765176896,178.93900770416468,0.01509683083392097,-0.21804466233241895,0.9758220180581669,-30.831849537382986,247.6964466945265,15.0,13.0,right
33.10806388305349,-295.5801778824239,147.84553359014956,21.809134970956137,-286.41332496116,130.92446940635597,0.5063072495054158,-0.4107685007396236,0.7582362480773275,57.947594221151085,175.4417643385136,7.0,11.0,right
76.71296784696801,-289.83230139076437,114.5970632013194,60.22580232042694,-280.66162151273403,100.74364312910083,0.704396274230438,-0.3918073563248719,0.5918723548029527,104.0974246751491,139.67430128279082,3.0,10.0,right
-12.649944011058935,-291.7261572389127,178.02589954193024,-18.58398886483411,-283.6314037007365,158.51031251168382,0.2704016653075699,-0.3688605143563558,0.8892833408692966,13.731123030106403,210.5584855168005,11.0,12.0,right
-82.93912479196196,-252.52286678034918,205.8889669960777,-79.94422625977585,-251.66252731217415,182.7130505572093,-0.1280722009064771,-0.03679108591884557,0.991082200098399,-48.85459039772095,271.9886626633843,17.0,14.0,right
124.48710148500457,-264.7118039697882,68.3147939875502,102.03081534197567,-258.85080112426294,59.30661355359114,0.9020236901545949,-0.23542465486299688,0.3618404265453572,166.88656101859138,94.25395459240431,-2.0,9.0,right
45.89814310625646,-291.6489731867341,141.3044624017067,33.07623576257201,-282.80069524739827,124.5193503031366,0.5598961695051556,-0.38637909260756803,0.732958031656115,73.11922704868007,169.5092120707971,6.0,11.0,right
132.83882128821574,-254.6944565293408,59.30757948819466,109.00737641538711,-249.99060053370124,51.19027978471128,0.9304938121843839,-0.18366107975011448,0.3169382799088724,182.6951819650714,87.45562854641709,-3.0,9.0,right
88.1290768706636,-283.11964409807433,107.02845859838581,70.50882227163876,-275.2586671149496,94.29129370610013,0.762143624645325,-0.34001741901639243,0.5509312572162854,119.34007823099735,133.2471390669103,2.0,10.0,right
0.5073912413937192,-290.78011300917717,171.97448366176855,-6.663668434081647,-282.6938776460829,153.37375110958504,0.33333993121747,-0.37588100806920605,0.8646374720244374,28.305889438403888,204.1754630887803,10.0,12.0,right
-46.951686895675756,-277.501741294216,197.21098624771577,-48.58053435686576,-271.8415139398623,176.40159595595935,0.07531586992247587,-0.2617218354140376,0.9622001873858309,-15.485638479964251,240.3120216044559,14.0,13.0,right
140.1404649007383,-243.67173145833675,49.8214753212483,115.7909678179973,-240.58353388039103,42.700189168613186,0.9527617170545876,-0.12083684590976243,0.2786459531121422,199.37731507682832,80.49176484053461,-4.0,9.0,right
149.2444467448559,-217.5486425481879,30.604542423425215,123.44045167337329,-219.44503669169634,25.696753857953865,0.9798389084206366,0.07201058449914821,0.1863603747183024,236.07065340865398,68.15231586088068,-6.0,9.0,right
145.7958987768439,-231.64512301202814,40.29297890184004,120.52408143398782,-230.26973306609017,34.302357929243065,0.9716739350225158,-0.05288224993196768,0.23033287138398809,216.74952394133868,73.98330075775654,-5.0,9.0,right
58.27422507480058,-286.9140602565079,134.374461414277,43.9503327447662,-278.44184157265147,118.57218564967609,0.6241573763525304,-0.3691732431214135,0.6885772913100922,88.25501587274499,163.49683053799276,5.0,11.0,right
99.2947563131479,-275.5415952596263,99.08694720206861,79.78993868516298,-268.6174600295332,87.27634509484028,0.8184962830234619,-0.2905630320199263,0.4956177550291798,134.80994075270186,126.26697092817881,1.0,10.0,right
-68.07468734893807,-258.3050856372388,205.77992092852205,-67.1535278666106,-255.94104930317417,183.15945300561458,-0.04046862857540279,-0.10385748632830986,0.9937685407753615,-30.550531779566775,263.6311937584075,16.0,14.0,right
13.739136174226605,-288.86858181027605,165.95189221478785,4.9855447353447016,-280.8335268890006,147.83063412422996,0.4039589859752571,-0.37080010655243906,0.836256191983379,43.42539894413324,198.24837163918363,9.0,12.0,right
-33.362994213751705,-279.2026486048338,192.95491343248148,-36.35756729598025,-272.9555428785833,172.53931214115647,0.13890128404290722,-0.2897678510761997,0.9469641100769939,-0.9950012068793157,233.39585177863228,13.0,13.0,right
109.58265499462077,-267.36724152135133,90.90701579100948,88.77503737297954,-261.272929050299,79.87120192803911,0.855269603062488,-0.25049865404267085,0.4536125333367065,150.03962718753158,119.31069298395047,0.0,10.0,right
70.4501534229176,-281.68011081570324,127.29234365278649,54.711942227798446,-273.6697914684754,112.2731364236553,0.6788802372723998,-0.3455314858629051,0.64786543025411,103.3107099417572,157.15682892725113,4.0,11.0,right
26.443188000958564,-286.09691933911586,159.45522485413682,16.362648035540634,-278.0775911350834,141.92436574633905,0.4633773963520812,-0.3686286088270371,0.8058500712317457,58.188513044970186,192.332983286343,8.0,12.0,right
-19.73597587993874,-279.8125501585635,188.02761360062456,-24.379383101819045,-273.2850908817152,168.05482628131077,0.21577851645554788,-0.3033301650446207,0.9281327721884656,13.977732896497379,226.8946306863087,12.0,13.0,right
119.04211974183522,-258.65671364653144,82.8404544324942,97.33489384895398,-253.66473379398138,72.27898264264809,0.8805845652517107,-0.20250677953485943,0.4284411601175539,164.9371642887258,112.40016305173395,-1.0,10.0,right
-54.21335293824927,-262.4595688353157,204.12276529662142,-54.84795813390897,-259.0278735575385,182.32082490971595,0.028741841738194024,-0.15542457458931871,0.9874295459156699,-14.276996530007196,256.4676554640215,15.0,14.0,right
-73.30477716641187,-242.60034685097213,207.56617243405287,-72.20393033359265,-242.63730074152238,185.18266800197955,-0.049121726880161594,0.001648947759717008,0.9987914381489242,-27.36597902114854,277.66837973789836,17.0,15.0,right
38.92920105158467,-282.62583044707674,153.01771796500643,27.5903153377539,-274.5709389588567,135.50463176081118,0.5070093740600986,-0.3601681500840123,0.783083902452507,72.81287014439243,186.5387876685047,7.0,12.0,right
-6.4230368387681,-279.4767249502936,182.28048005892566,-12.628569778468943,-272.75309672073365,162.9142421825851,0.28972302227124513,-0.31391178005579623,0.9041681064427217,28.54204764722723,220.58039948405795,11.0,13.0,right
81.93212352949519,-275.56558951491684,119.88506528129417,65.08433889577046,-268.1920733834468,105.84427530658041,0.7281480527151128,-0.3186775905270089,0.6068319426522382,118.2439848921267,150.70371609482817,3.0,11.0,right
127.52462582767872,-249.09542325391416,74.08250822492204,104.81217756019825,-245.15319924765288,64.62682470743535,0.9115612659178278,-0.15822066662995768,0.37950267341543076,180.31838838290173,105.55417036665925,-2.0,10.0,right
135.09014460917092,-238.52314323669572,64.74622261527149,111.38598903957478,-236.11816881197782,56.28068385270572,0.9374752859290145,-0.09511429672509468,0.33480346299105546,196.739050288482,98.39554241596332,-3.0,10.0,right
93.14152073999261,-268.2909951606937,112.27576934507852,74.39370544674071,-262.26986129535453,99.01575280132948,0.7897316746540864,-0.2536338264705577,0.5585640197130093,133.5425933587671,144.00552701575458,2.0,11.0,right
-40.61784808493577,-265.32477250043274,200.90589058109816,-42.43508171543321,-261.01855169778463,179.73041350434136,0.0838007460133076,-0.19857904327973216,0.9764956725647684,1.0135296757170948,249.56510267650134,14.0,14.0,right
6.732158888885822,-278.1942315614836,176.56070359927395,-1.0642519413397498,-271.2990323120505,157.51872788593903,0.3592683933681265,-0.31773943295716184,0.8774781332151511,43.26982662751251,214.69252813941654,10.0,13.0,right
145.30995378390895,-214.6491662794629,45.09898675590517,120.65999211597845,-216.65861988247545,38.939679328369515,0.9671519615852989,0.07884178564044829,0.24166310442170094,231.97379663486757,83.44945196605897,-5.0,10.0,right
51.61240610295866,-278.0691427314756,146.33459174368835,38.6918922250737,-270.6262449606214,129.4376428339133,0.5733435460909945,-0.330276136186686,0.7497965404170635,88.21204091977927,180.7518355799919,6.0,12.0,right
141.22635296128482,-227.33984115293322,55.1299684159145,117.19789447830081,-226.6011770807409,47.75644928724883,0.9555881745282477,-0.02937594406381539,0.29323760777248664,213.6639896890021,91.18096670800803,-4.0,10.0,right
-62.350925922863865,-245.8087897267142,208.85124140003137,-61.085313544170205,-245.51274784154475,185.50008045439262,-0.05411535298754123,-0.012658228842212783,0.9984544545514392,-13.504061769390994,272.7178767745408,16.0,15.0,right
103.56884373282094,-260.3879747392559,104.29317290957414,83.265390368243,-255.11106421710713,91.70085666938976,0.8298243304468637,-0.21567310064157466,0.5146617279903993,148.6118379319749,137.10248778915252,1.0,11.0,right
19.598113352666584,-275.9098108173097,170.35927663180587,10.214684508113091,-269.185310405536,151.76855026426102,0.42879229069921965,-0.3072878777192346,0.8495359507659017,58.179113832944196,208.9936117002302,9.0,13.0,right
-27.212182308856946,-266.90105625309855,196.66706864301003,-30.45847552092122,-261.9541236804955,175.78426699067785,0.1495651067140037,-0.22791795127399114,0.9621245690349537,15.307875212561186,243.0181256112312,13.0,14.0,right
63.74683225420192,-272.95417321828177,139.51391494915325,49.45057098612199,-266.07267418069574,123.66604377791319,0.6375065077687424,-0.30686347552003207,0.7066967241640992,103.1695203586453,174.74742919399495,5.0,12.0,right
32.00003165101493,-272.8803224648267,163.89235612163026,21.525443159150626,-266.1753940542797,145.68246643133372,0.47500351597657814,-0.30405629508546106,0.8257853408899868,72.6601945296817,203.25026119136035,8.0,13.0,right
113.21525042111332,-252.12416291187247,96.06462934947872,92.16029271762717,-248.0045863079223,84.56132221539355,0.8649092342944793,-0.16922664468473622,0.47254032543359054,163.37362412433149,129.78981063348127,0.0,11.0,right
-13.74241431674989,-267.2688027589436,191.62636295673036,-18.755340300462343,-262.2259808102431,171.4648884155631,0.23448336165911982,-0.23588176777826503,0.9430680488357344,30.2078377454964,236.9423763645297,12.0,14.0,right
-48.06569557169095,-249.5993702143557,206.35968605021566,-49.032297865107864,-247.76256409871104,184.30238340410514,0.04362958108918856,-0.08290801906164207,0.9956016874379313,3.411467170035138,265.95891062474016,15.0,15.0,right
121.86024216695478,-242.94135757302374,87.62452762157818,99.96557346955817,-240.01867750400382,76.67002798839323,0.8880047552123972,-0.11853816265156758,0.4442929874703866,178.3359926808864,122.94115721590498,-1.0,11.0,right
75.70300455491362,-267.15138420173344,132.2334426614084,59.780512264170554,-260.9478743518682,117.38703768754291,0.7033894938335951,-0.2740452671360521,0.6558524312105956,118.30418934720078,168.18859833674304,4.0,12.0,right
-0.6786010601820167,-266.99544258719015,186.2534159737353,-7.162696760758996,-261.42438495518627,166.6704006569632,0.3034544493091536,-0.26072444082508894,0.9164814036034354,44.20752969141368,230.9156601342284,11.0,14.0,right
129.43998734073165,-232.80791067540557,78.80300450312996,106.37215380259748,-231.3695973065266,68.9296372234025,0.9178236673285942,-0.057227656373101024,0.3928418397237394,194.06088349714193,115.95001612554498,-2.0,11.0,right
44.73933261240731,-268.90210750076295,157.48762984922104,32.835618174890115,-262.3662363455809,139.63715119649254,0.5307310524778902,-0.2914039811066873,0.7958695054661187,87.78174105327199,197.54721156123213,7.0,13.0,right
-55.89634191970123,-233.95802639188946,207.71772883808373,-55.716321277029465,-235.10863987196797,185.93158061983112,-0.008251297001064913,0.05273869383339213,0.9985742567633856,6.234953967982136,280.73339720317597,16.0,16.0,right
-34.834005940565106,-252.35430987982096,203.54958728624692,-37.19781744338229,-249.7644162411006,181.81193795186527,0.10735501343756997,-0.11762277408978487,0.9872384636475842,18.218136176969864,259.5824676723334,14.0,15.0,right
86.9126343386964,-260.51343823632726,124.79538820084024,69.34671610591113,-255.1828039704405,110.49070857546319,0.7547986702159594,-0.22905467291708903,0.6146648877681763,133.14437043023287,161.45432447294445,3.0,12.0,right
140.50321665057587,-211.91391808214632,59.81077469721643,117.17975890526175,-213.62951955329308,51.8023541666281,0.9435184116226312,0.06940229843746246,0.32396964039968973,225.4953982877316,98.95505496080627,-4.0,11.0,right
136.06247655803057,-221.25789527864097,70.04158383344074,112.0402449211445,-222.02020488584648,60.73620236643176,0.9320757583658343,0.0295780307169555,0.36105390285338507,210.95975876177565,109.17504724202567,-3.0,11.0,right
12.452679551215864,-265.2171983989814,180.43684866196256,4.292353058491972,-259.7782108840305,161.1522314579455,0.3771830288178867,-0.25139849323688845,0.8913651105859974,59.16983659858279,225.35202978861685,10.0,14.0,right
56.92680086511567,-264.1608315828315,150.81473564781504,43.68411287248176,-258.1366285007764,133.7113977840849,0.5897685753201932,-0.2682903705893711,0.7617042107103043,102.60253215287196,191.63335218295344,6.0,13.0,right
97.37222493592179,-252.9309414845598,117.22654212250099,78.47693238438723,-248.7224952367818,103.5322092852939,0.7968528527044878,-0.17747872327719233,0.577517821301315,147.8860605188026,154.85037536621027,2.0,12.0,right
-21.51309575072103,-254.1311128688523,199.4324986863043,-25.506479447001965,-250.80675962384444,178.2202905464012,0.1828528718833271,-0.1522186657321353,0.9712848732718676,32.09428753485311,253.24878886466385,13.0,15.0,right
25.044966631774162,-262.7227411831824,174.2901032555013,15.57441376641112,-257.3495499461039,155.57814073779966,0.43744938572972814,-0.24819028408203186,0.8643145363882084,73.7088796054617,219.78792468346214,9.0,14.0,right
106.91094048572577,-245.00450887970655,109.12171422995019,86.88470430611517,-241.49037780554664,96.3853397932075,0.834705886156856,-0.14647115244323577,0.5308599486842535,162.2296067536666,147.57725739139593,1.0,12.0,right
-42.69862952636086,-235.40864229007934,207.1840387608015,-43.74252921758138,-235.10021560899324,185.72562492340288,0.04858510124952446,-0.014354771492558737,0.998715889766439,23.879181993395704,276.57086547131223,15.0,16.0,right
-8.29388793943886,-254.52419349953823,194.81495597442523,-13.759902675364735,-250.7627457458195,174.15921468027125,0.2519448058575758,-0.17337626586064345,0.9520842847340817,46.410879894282196,247.51576411600752,12.0,15.0,right
68.81129749531958,-258.5044027231022,143.8261446572478,54.188190775191444,-253.31282636854453,128.07645925537616,0.6613877489542092,-0.23480954248514901,0.7123417187636836,117.59436044659074,185.4328619964915,5.0,13.0,right
115.76592311099913,-236.05165365256647,100.76248125897871,94.58686567996489,-233.98574597550964,88.65267971097644,0.8650151603407575,-0.08437776167979573,0.4946000057769521,177.00153749597325,140.56143942060908,0.0,12.0,right
37.58066009828258,-259.29756482098384,167.9165285139377,26.83311708204752,-254.11247800500706,149.7408957294477,0.4943040205238855,-0.23847397084441274,0.8359388138635628,88.39570155605226,214.141011916271,8.0,14.0,right
-30.012388753340936,-238.94592289545767,205.54456019498244,-32.90336819568459,-238.30337718579497,182.82852564062108,0.12619806694664687,-0.028048634762534868,0.9916084519541407,36.60315335615958,270.361686926569,14.0,16.0,right
123.65116291014151,-226.55223022912128,91.82690580720474,101.41296324890857,-225.88692496760336,80.91744840490813,0.8974633187406317,-0.02684961359612003,0.4402711548180172,192.37474974571637,132.89408034059102,-1.0,12.0,right
130.18153647343152,-214.8190682920882,82.57704524332082,106.5490229114291,-216.8992726524281,72.70343913607717,0.9196776553401601,0.0809527714318883,0.38423906499147387,209.32383505868995,125.00061775112519,-2.0,12.0,right
80.12841003572355,-252.17437402798606,136.77180233997004,63.925882589200846,-247.72661898675165,121.6530608919336,0.716841253637349,-0.19678005855281427,0.6688917891853546,132.24946206364424,178.93802776244024,4.0,13.0,right
4.895181352277916,-253.51728623373762,189.59288316758102,-2.0049633759280434,-249.69793377710457,169.57795076074643,0.32074725381129515,-0.17753929229843687,0.9303768047746477,60.94603112004771,242.08512458925853,11.0,15.0,right
49.998824322018564,-254.79102830284364,161.49870047731076,37.49758247139599,-250.19076301167337,143.57301124567425,0.5597593169495545,-0.20598284457987473,0.8026459834989217,103.32365982374517,208.43197226977782,7.0,14.0,right
90.59320301961095,-244.9056258528213,129.36411242043158,72.77956586382734,-241.49551288249415,114.46681942367749,0.7589664365937845,-0.14529100749260093,0.6347129046001176,146.77651003162185,172.44940447689328,3.0,13.0,right
-16.633648973472376,-240.68519499759844,201.4300028314796,-21.20157688419628,-239.23087058602923,179.65646814076416,0.20488558761693887,-0.06523091376956448,0.9766098626758023,50.356490510920324,264.29083341029815,13.0,16.0,right
17.475593921239476,-251.80366092497047,183.98947330665902,9.156090223525686,-247.8128427848027,164.371437650732,0.3837467854498775,-0.18408112890499526,0.9049047146732899,74.87336073269918,236.61193207472914,10.0,15.0,right
61.766488745289564,-249.65910917596182,154.80278613903008,47.83316413214622,-245.32294809615883,137.52672645708236,0.616131646653639,-0.19174505298859307,0.76394739913575,117.76508382474745,202.36361049982375,6.0,14.0,right
100.32737381414157,-237.0400629383196,121.67306490144847,81.30558958366785,-234.59716756398657,107.34670644912836,0.794618313351734,-0.10204980660738606,0.5984710294220101,161.07360017236368,165.5114008395337,2.0,13.0,right
-25.155908971292483,-226.84382740397376,204.33483053858862,-29.034143492636588,-228.55598634779213,182.41592044368284,0.17371620804651025,0.07669205089483924,0.9818049747233332,56.12268461401661,279.6634619098307,14.0,17.0,right
30.127752428313713,-248.97782911493476,177.8789869837072,20.275830703027474,-245.1990917933635,158.5704344652474,0.4477408924875493,-0.17173250742480656,0.8775169736751771,89.46769827911922,231.12435252563057,9.0,15.0,right
-3.438259204051472,-240.63434249509712,197.0565366199634,-9.37641442457844,-238.68051425930446,175.72994021780494,0.26719650993802574,-0.08791553373639147,0.9596233031793173,64.67461818074571,259.04333013020795,12.0,16.0,right
109.16488443475856,-228.65381361387426,113.12174423833189,89.17589162421868,-227.58576192560355,100.05980273229224,0.8362827574589008,-0.044684252950688945,0.5464745804840113,175.45621069970508,158.05567015876593,1.0,13.0,right
117.52086986742472,-218.47704682641836,104.88399781721417,95.86847834845814,-219.6974057511157,92.19306327304861,0.861711973839014,0.0485672862913015,0.5050680081382796,191.2427489538173,150.48801527789294,0.0,13.0,right
73.0555262503643,-243.32389654444535,147.8617021720708,57.688729574402835,-239.68991454620453,131.34826324597668,0.6725619837166653,-0.15904929264475826,0.7227473283024337,132.42044945734986,196.16623569737362,5.0,14.0,right
42.51691763718496,-245.0738287714887,171.43831497049467,30.850136092688494,-241.85686192725296,152.52697848885913,0.5196275286047336,-0.14328069180845662,0.8422932238069037,104.1022680464184,225.39664370476544,8.0,15.0,right
123.50977075353559,-210.67604751401294,95.21035688402921,102.3089758403647,-212.34799847607877,84.54392823944,0.8911029545595767,0.070274744332818,0.4483268725875686,203.5626115319023,140.29717201779278,-1.0,13.0,right
9.322138959335422,-239.54640486133192,191.97906733287613,1.9527918827391124,-237.49350038592945,171.06604229917792,0.33093471812696074,-0.09218962777129475,0.9391396514201811,78.3552790239242,253.7580147051446,11.0,16.0,right
-11.99729224218348,-226.61329978692592,201.87971286438454,-17.151606112037875,-227.57825948622911,180.27020830482223,0.23179358928720412,0.04339500423657881,0.9717965865203799,69.7232021949778,275.92367642053364,13.0,17.0,right
83.32392144795097,-236.28494134643313,140.69154995414533,66.5423851798754,-233.48016430378982,124.70398641628557,0.7187833989784869,-0.1201336483074666,0.6847761180833274,146.5609204281216,189.97494740104182,4.0,14.0,right
54.49649764703111,-239.78753401658432,164.6910182322307,41.17935661624884,-237.03539796293154,146.36306731914914,0.5835273516652574,-0.12059244991836969,0.8030898398567974,118.98744538763796,219.59283430880814,7.0,15.0,right
21.922148353089835,-237.2163567973999,186.4238598086386,12.645453776710355,-235.18856145786546,165.68721393716456,0.4067405555079984,-0.0889095351871189,0.9092069154256666,92.46007636698786,248.59881301119464,10.0,16.0,right
92.97091503379909,-228.7104661631583,132.8285185928528,74.8631237318142,-227.271714084955,117.3607205733345,0.7589747971661447,-0.06030423857419964,0.6483214141740157,160.6616364731812,182.9100061211402,3.0,14.0,right
0.13088348933394656,-225.90807308318975,198.04128679087864,-6.308361428771173,-226.55687299246503,175.92821874136587,0.2794729573646926,0.028158896219848288,0.9597405600814797,82.62435714127218,271.6114027531905,12.0,17.0,right
102.37691111320302,-219.1136437747686,124.79783914870474,83.24070392014391,-220.16066235054896,110.3014200265117,0.7963493321013805,0.043571462992042134,0.6032655044625198,176.02896707999693,175.79759558730444,2.0,14.0,right
34.180145877107314,-234.28941532091238,180.08988064014602,23.47417242972645,-232.6472960990356,160.10394500705348,0.4709611241777455,-0.07223764551351232,0.8791913000501645,106.3596806342432,242.7685716299418,9.0,16.0,right
65.54245328452964,-233.89893457964837,157.6887032675479,50.95758052192288,-231.71650169648166,140.25024273105976,0.638618629239443,-0.09556081283261784,0.7635668781705399,133.13093364387015,213.40140662105142,6.0,15.0,right
109.7704804128763,-212.88784412084829,114.83276952124226,90.27952219194542,-213.8522244641214,102.66187542165213,0.8474664929815967,0.04193123899554625,0.5291902441180977,187.52303296821896,165.6892028209403,1.0,14.0,right
13.062583852837127,-223.93108220683598,192.93410500604014,4.671220379407226,-224.89834494973348,171.36283080067662,0.3622252259295317,0.04175328201294766,0.9311549544202871,96.6975133836783,266.91397189986907,11.0,17.0,right
76.2196927865877,-226.5916336591448,150.84972041864282,59.66773918369086,-225.36804442308298,133.2933340504592,0.6851059614742998,-0.05064588145504642,0.7266806838247569,147.58271560935833,207.53835030198607,5.0,15.0,right
46.19676001318275,-230.06923736652215,173.3441923138967,33.79160666660178,-229.02667971574178,153.92060384113304,0.5377050059503585,-0.04518996679480427,0.8419211325753793,120.54692099042177,236.639042001426,8.0,16.0,right
84.83346606503048,-218.2446551418695,143.050442212313,66.83723489100687,-218.67714863182,126.73955385783475,0.7408325513098439,0.01780401976872876,0.6714537570077496,161.5350848550524,201.68791519634155,4.0,15.0,right
25.148198499332484,-221.78519393453246,187.18896269803713,14.97627725025858,-222.8920139786265,166.4215981687419,0.43936972711511324,0.047808394189387704,0.8970332214248384,109.4074707617668,261.35606101674796,10.0,17.0,right
94.27602049589638,-213.88045275212613,134.1377606112743,75.95313085652907,-214.5768923749541,119.02470224721979,0.7711105861871799,0.02930934892763977,0.6360262777083203,171.3443226914039,190.84162368451706,3.0,15.0,right
57.96043862260493,-222.94447448442608,166.5536322984688,43.73832732111677,-222.71532288956612,148.20789579990728,0.6126539196771427,-0.009871292652345575,0.7902896508784645,136.2301564399864,231.35107642337428,7.0,16.0,right
36.68301811498216,-219.18065272895765,180.42100646717344,25.72577608363348,-220.60079163215315,160.92130181397224,0.4888915865395862,0.06336393405415859,0.8700402453174143,121.54331586480546,254.94805565734544,9.0,17.0,right
68.06392228626923,-218.00214842827543,158.34304084518354,52.684648964000914,-218.54637100823234,141.5954853261703,0.6761842678573389,0.023927967145675133,0.736343865521069,147.47302425024822,224.0442935558147,6.0,16.0,right
47.98881405284038,-216.04861580109997,173.24394704885702,36.00132945333386,-217.923376941547,154.87951014916243,0.5446229469696182,0.08517532837676478,0.834344658441605,132.42022905071147,246.77079414280016,8.0,17.0,right
