lens_x,lens_y,lens_z,cone_x,cone_y,cone_z,dx,dy,dz,hex_x,hex_y,p,q,side
34.32256537396803,278.60194416137904,-248.76731448938062,25.133513166201453,277.6099947759639,-224.68495808599437,0.3562337155679474,0.03845508842828291,-0.933605241023543,61.40471020678925,-297.9828850886719,-17.0,-14.0,left
19.94861095446825,282.4386701823984,-249.71386706888973,13.067530325129852,281.13939167839357,-227.2250385146592,0.2921422487504028,0.05516199625603491,-0.9547827295589856,38.584697896098916,-301.9037237087925,-17.0,-15.0,left
48.40136532898114,275.3962875934754,-245.3133191513149,37.11086479689058,274.326439028253,-221.17849696878457,0.42339421385599896,0.040119363258506915,-0.9050567807408509,83.59458229482111,-290.17845712493545,-17.0,-13.0,left
77.52719394141882,260.12470625695437,-236.39295087859605,63.72694444687887,259.40619078725854,-213.52926566802125,0.5165658196947656,0.026895204518849136,-0.8558249832161737,130.71041013162082,-276.63658244958174,-18.0,-11.0,left
61.86086707392238,273.4132877182019,-239.73156035389366,48.371215148011935,271.7460342307822,-216.18724431527258,0.49619624444860005,0.061327373274359574,-0.8660417081655898,101.53372267947563,-280.8028317194846,-17.0,-12.0,left
28.85517277193476,294.55816954935983,-242.52475148439265,20.039670640698194,290.26314336384644,-219.2128345659252,0.34857068407022085,0.16982812700811076,-0.921768346974301,43.04970732203202,-288.7430396836881,-16.0,-14.0,left
13.95479814899086,295.0503246209064,-246.28350420520346,6.673801908717515,290.73667479340156,-222.7125425592546,0.2907261336145968,0.17224164039269863,-0.9411753994598137,19.892549369010425,-298.1016895934789,-16.0,-15.0,left
43.01949313527244,292.4693465207615,-238.49222408299906,32.19961358762959,288.00820919963746,-215.1651636600954,0.41458115915760096,0.17093568127158748,-0.8938139937032525,64.69254250087317,-279.943873755721,-16.0,-13.0,left
90.56028355297633,255.90275029645557,-228.74954168866506,75.12242937780834,255.2685246405781,-206.4198331978747,0.5685274357899676,0.023356528812677295,-0.8223326743574689,146.30445210809995,-264.5649593337651,-18.0,-10.0,left
74.84763691221289,275.1237737358649,-232.3186108227929,59.59576430136973,271.6253995860254,-209.1360258683417,0.5453045799048508,0.12507837527910956,-0.8288536150444977,114.06171872536866,-268.4059800760436,-17.0,-11.0,left
0.06683257139923171,293.9514189082168,-247.7534879977159,-5.46576654544937,290.1653851281552,-223.74420135215976,0.22194595297619663,0.151880672640254,-0.9631574405235274,-0.4248975146605005,-304.99654750606044,-16.0,-16.0,left
56.41713487401882,290.09292313612355,-232.96837875044497,43.5837133634499,285.448949287965,-209.95927541081923,0.4797140078680438,0.17359200002118286,-0.8600815590302028,82.65417746230654,-270.6184498868816,-16.0,-12.0,left
87.13784532413449,271.807801934737,-223.79149759676233,70.43887914422439,268.44771122575645,-202.18369352322912,0.6069170610347723,0.12212111551900161,-0.7853267563054943,129.56684609416118,-256.0605134056104,-17.0,-10.0,left
21.765710744018154,308.44407627083615,-235.93296312504668,13.644384476881545,301.57389492167067,-213.06533616293262,0.3220103467922548,0.2724024877220517,-0.9067007341132846,24.784256733976356,-280.8730744468611,-15.0,-14.0,left
102.9856695326707,251.2066360037842,-219.66714355789685,84.34047084008039,250.5927709114168,-198.0516280340376,0.6530123657382925,0.021499448883336318,-0.7570420225394303,160.98154256144528,-250.2480882962679,-18.0,-9.0,left
69.37881778481142,289.188669800968,-225.63237968394384,54.402190651735026,283.713321596638,-203.45614769916196,0.5483097352554782,0.20045813370871038,-0.8118946796562274,98.02762644647129,-259.13883323480354,-16.0,-11.0,left
6.678844136154577,307.95375143310775,-239.51023053289583,0.5538970857789742,301.3940833926682,-215.8776829088175,0.24229128747689171,0.2594880252624632,-0.9348587576517521,2.2043061600584934,-290.8391631714775,-15.0,-15.0,left
36.258928906315006,307.41711992648254,-231.23424709236826,26.020449890540533,300.3029552002471,-208.75550283798356,0.39831151430095285,0.2767651055129815,-0.874499293279114,45.875677821439794,-271.0984946264215,-15.0,-13.0,left
-9.765999908107958,304.95676248267756,-242.31081841027782,-14.706473139528782,299.0642779877077,-218.99035853646416,0.2011960445366444,0.2399657922122752,-0.9497034117190185,-23.02853172960404,-302.32394432641655,-15.0,-16.0,left
50.13604824080989,305.5232257746919,-225.41421304667733,37.60895924326338,298.1760447324973,-203.47345866394147,0.47610330853532196,0.2792362378268372,-0.8338781464255038,64.1303458745172,-261.20336212281455,-15.0,-12.0,left
99.0672328062465,267.30301598439394,-215.04860757256753,80.42877261724959,263.7723123854332,-194.497137243875,0.666415815327976,0.1262398660470811,-0.7348152538571611,144.72734278606717,-242.74426135555302,-17.0,-9.0,left
81.98605804561365,286.94047189885924,-217.56076002309754,65.31989656272799,281.0931284821921,-196.69518077265644,0.6096504511653882,0.21389661655149386,-0.7632657235993646,113.13288156035594,-247.1475005140099,-16.0,-10.0,left
113.16382424645288,245.52817567275773,-209.68732863520057,94.03111880263468,246.01945384645217,-189.8335422417656,0.6937995712763579,-0.017814970668288993,-0.719947763186212,174.59505362631063,-234.77422167751058,-18.0,-8.0,left
-1.12543695734001,320.5490775480759,-232.1252378080298,-6.338551580004596,311.7461190145193,-209.4026089217998,0.20919735649394133,0.35325439547012005,-0.9118375941564304,-14.582680608733938,-283.11353809741524,-14.0,-15.0,left
13.830874479363356,321.39376681556337,-228.20219099131754,6.593344918433118,312.26692145192976,-206.18724367278006,0.2905867392858371,0.36644274981634356,-0.8838999140503756,7.281127174966848,-272.8042271408503,-14.0,-14.0,left
63.09608517834715,303.681031679214,-218.3626309961112,48.60855983834306,296.0354129773749,-196.80697459611582,0.5351125355628444,0.282399258221879,-0.7961816584418635,80.51641055326189,-250.501587603052,-15.0,-11.0,left
28.31520714477525,320.8212863799092,-223.4226815718004,18.894654367385623,311.4252667689477,-202.04775174966204,0.3741616644341619,0.3731872661582328,-0.8489607253843973,27.9476078163011,-262.7104770911118,-14.0,-13.0,left
-15.467931639089414,318.2469097060482,-235.35451865276593,-19.854767773229014,310.27491368645934,-211.75070249529125,0.1734134336182701,0.31513627595739435,-0.933068544436274,-35.90379228745677,-293.7343788320615,-14.0,-16.0,left
94.07957725111328,282.6234092016008,-209.18225692789173,75.74039953056308,277.0177522658508,-189.38765177694415,0.6654178771855519,0.20339539728858283,-0.7182265388327651,128.46893848223274,-234.90538519933042,-16.0,-9.0,left
110.046444403187,261.71056120248136,-205.62237113990943,89.97568254436689,258.31244984154586,-186.3175283295565,0.7154183053810229,0.12112500205208418,-0.6881172735832374,159.49270234020094,-228.4937293621957,-17.0,-8.0,left
-29.30602344093552,315.48412133180193,-235.56122057053165,-32.371425097680074,308.7487730927477,-212.95222207918985,0.1288565909206755,0.2831257074708458,-0.9503871909624175,-55.55874191713929,-301.08650198579505,-14.0,-17.0,left
75.74884662201188,301.301922592366,-210.3525967570506,59.5313819566948,293.0808373165407,-190.4084664195756,0.6009103670913862,0.3046182293555928,-0.7389955785161092,96.00465500748948,-238.99913985782862,-15.0,-10.0,left
42.33952630862079,319.3850117868524,-217.40701798396657,30.746250507133276,309.6097255275712,-196.58386628302117,0.4500541682363028,0.37947931214817415,-0.8083604995945053,46.13874835220323,-252.46992507340696,-14.0,-12.0,left
123.1370038808353,238.88409306376184,-198.50380949920506,102.50108843646308,240.21461243585318,-180.72863391714088,0.756769026621439,-0.048793369639103364,-0.6518587634033168,188.33227274654234,-216.23819023742303,-18.0,-7.0,left
55.688133143132106,317.505987992728,-210.43519003546737,42.009741740297514,307.6406987832739,-190.43588186027407,0.5228555517630509,0.3770999879300351,-0.7644721519412746,63.19117685547687,-241.71379229928996,-14.0,-11.0,left
105.65408419422843,277.3907234305821,-200.06333601335598,85.65953014220571,271.5720678027652,-181.64668920319158,0.7192416737398157,0.20930797465038986,-0.6624813857790273,143.79759616528156,-221.1752677692183,-16.0,-8.0,left
87.97191578419115,297.5355862676124,-202.08168432370053,70.29025876614156,289.43350524340644,-183.44635914767218,0.6564267628407433,0.30078757966879727,-0.6918314367990295,111.27420090436382,-227.2150363900215,-15.0,-9.0,left
-9.757670701984331,332.38569545462326,-223.8610203981991,-14.189629835936667,321.61257474045317,-202.04178433816594,0.1791833259482875,0.43555536999862315,-0.8821478647978875,-31.096777825912156,-275.1360833611568,-13.0,-15.0,left
5.105881921501771,333.6057381436428,-219.87997950503416,-1.0869257480436851,322.29062211980647,-198.7863026294308,0.2504673879580136,0.4576385552661871,-0.8531313148064412,-10.01086321574978,-264.7962503825574,-13.0,-14.0,left
120.18571416382807,254.45176564238676,-195.7041891743681,98.82733389286602,251.91494369021,-177.67068107272604,0.7609461207930293,0.0903806748995835,-0.6424891710019215,174.60719775683003,-213.15407775953832,-17.0,-7.0,left
19.72352304573823,333.43470422108095,-214.90754226945714,11.127765471139405,321.70296792310523,-194.3535332723083,0.3413843828731828,0.46593119005014255,-0.8163117230989362,10.358008134055908,-254.3726056582647,-13.0,-13.0,left
-24.60431880685176,329.76215099853357,-226.88485318420308,-27.552288276722912,319.85085220531244,-203.99501806711262,0.11736900303507176,0.3946035635823322,-0.9113246099687409,-52.53993211750455,-285.94286474544884,-13.0,-16.0,left
-39.931935893779524,326.13072505870457,-228.72358686969636,-41.68614378960392,317.3146965000038,-206.3452598520126,0.0727399373877746,0.3655652029016543,-0.9279391057263914,-72.7446002254973,-295.1933671187308,-13.0,-17.0,left
68.42730602286902,314.9693926738456,-202.71173556354947,52.98562475674534,304.7904088633253,-183.47088044649163,0.5785926965043894,0.3814018427853428,-0.7209459937274943,79.09200695605782,-230.68161996295854,-14.0,-10.0,left
33.86222063200289,332.4101779036715,-208.97386328781806,22.945049860867748,320.11169302226676,-189.1073491807233,0.42331289091770297,0.4768732942073228,-0.7703233461701346,28.437734070561852,-243.96785518329966,-13.0,-12.0,left
99.95631565861365,292.37889583440545,-193.38168654139474,80.59321649172404,284.77103402556793,-176.09182277704662,0.7158036878295372,0.28124297109294666,-0.6391615380327939,126.9699496136244,-214.57962204754062,-15.0,-8.0,left
116.20156258709241,270.6872505368018,-190.499379676586,94.95097415565827,265.1497121307159,-173.38110217843678,0.763202237911577,0.19887739662749887,-0.6147927497599732,158.92344392290346,-206.9261614783925,-16.0,-7.0,left
47.30953785946279,330.52703410041374,-202.1948226947244,34.61911147337239,318.46492264971744,-183.26720301371824,0.4921890376126338,0.46782029585717766,-0.734094082552129,45.73097227780348,-233.37065639020832,-13.0,-11.0,left
129.48615641888134,245.0504107540346,-186.1405498080373,107.38071310719236,243.33119204575638,-169.17624504695704,0.7918094986487176,0.061581832324052274,-0.6076556555955673,190.4756247466609,-197.05162131416972,-17.0,-6.0,left
81.19375777625214,311.6925566114858,-194.46165376132447,64.06701706450583,301.406768023076,-176.73197451827784,0.6411927802142603,0.3850804711006891,-0.6637656584804449,94.7305378050028,-218.86472148573614,-14.0,-9.0,left
-19.613430995874133,343.0720105262569,-215.4428368651001,-22.560340673939486,330.6214038909302,-194.4486561234831,0.11986266711784173,0.506416239918522,-0.8539177553946184,-47.93039034402281,-267.4633763446505,-12.0,-15.0,left
-4.633696276315078,344.5019375210138,-211.1557538880798,-9.540957971861992,331.41590990372623,-190.96899123065714,0.19986720072914296,0.5329790565082207,-0.8221839376905287,-27.251540082341386,-256.9699628300536,-12.0,-14.0,left
-34.85476647991595,339.8153042060952,-218.86249283019473,-36.161249384759756,328.5794331918883,-197.041544564332,0.05315539434041851,0.45714119358465677,-0.8878042763923306,-68.9989294791186,-278.71652196405904,-12.0,-16.0,left
10.05709672775609,345.095494318021,-206.00994233644067,2.912271662062637,331.3099532763041,-186.8025240750921,0.28928205315423977,0.5581535698527068,-0.7776763376775374,-7.5608882437059535,-246.26801206850203,-12.0,-13.0,left
110.91428604407112,286.320941545536,-184.079394481169,89.93234388479411,278.5719852539572,-167.96080284593444,0.7610463621760233,0.28106621167857876,-0.5846453790728988,142.1626526831557,-200.94246313425262,-15.0,-7.0,left
93.46017880352171,307.0058633996423,-186.02532574170942,74.7768992666722,297.18373103525823,-169.63667076264568,0.6991418750611077,0.3675513190706041,-0.6132753593496949,110.52945380597362,-206.77314185995715,-14.0,-8.0,left
60.43718341391432,328.21932425872023,-194.51814171540525,45.750990022775824,316.0207917854409,-176.35714677386343,0.5573557264164655,0.46294650674842985,-0.6892279202993739,62.060352547168705,-222.2618088754131,-13.0,-10.0,left
125.84938573652755,262.51914602537363,-180.56353691255742,103.16872902179523,257.5817645974523,-164.7426818300927,0.8074070294160023,0.17576547813195595,-0.5632054558921386,174.2576862628668,-191.6955205199173,-16.0,-6.0,left
-50.217063379081324,335.5558375452193,-220.4936964556244,-50.0880837630429,325.1196229284661,-198.75950213580398,-0.0053495656591249245,0.43285301228071366,-0.9014486407481966,-90.44322635458589,-289.39784252794846,-12.0,-17.0,left
24.437626692677625,344.4471574327956,-200.12284587502853,14.808629821810356,330.27595721648765,-181.53727029348985,0.3809279250416043,0.5606197578150339,-0.7352546518526153,10.570931064999414,-235.70056727799314,-12.0,-12.0,left
136.60289168520086,235.7843674583502,-176.17624096137732,112.38937423659523,235.21400198008504,-161.11268255085312,0.8489281868778226,0.019997067024610564,-0.5281297670409669,205.34360457745743,-179.27703647208673,-17.0,-5.0,left
73.40967314197248,324.9399970520959,-186.43794337396326,56.96161186587809,312.7840283073691,-169.58797540592374,0.6206914054742799,0.458723079785212,-0.6358579363684413,78.07969686874556,-210.78339065620077,-13.0,-9.0,left
38.23057103610417,343.0951986625181,-193.2366881189172,26.46981191380655,328.61211301976243,-175.57114392089002,0.4577360677523416,0.5636907109564391,-0.6875539794518303,27.964709378787557,-224.7267046738345,-12.0,-11.0,left
121.20572371169398,278.83432889288304,-174.5536115583844,98.587485167251,271.5037734054796,-159.71114476085285,0.8069606440812498,0.26153538729220727,-0.529541084428668,157.42088452004705,-186.79028920696146,-15.0,-6.0,left
104.67206763629844,301.1328313106952,-176.71425907302677,84.43837155208085,291.5419935176435,-161.53011649107992,0.7478871198147776,0.3545009287379309,-0.5612432160294688,125.8968654664336,-193.82029571401074,-14.0,-7.0,left
-30.026474870563575,352.6436076614053,-207.0577830540464,-31.29702227050371,339.0890818894182,-187.01004357636637,0.05242988097524026,0.5593354273398982,-0.82728168558443,-64.24441072794863,-259.90619448437866,-11.0,-15.0,left
134.1961730912634,253.13981013088272,-170.87789543213376,110.31661825519035,249.18034830825695,-156.30256452477767,0.8451413641125958,0.14013263601005976,-0.5158477672635338,189.5173312461972,-175.82423868049676,-16.0,-5.0,left
-15.046903269651047,354.63350272366495,-202.46324695170497,-18.435071132902692,340.1962224406893,-183.13901863075716,0.13909544436281637,0.5926978819826766,-0.7933231863816661,-44.34487402728729,-249.22931288441703,-11.0,-14.0,left
-45.30948214317244,348.96719750646855,-210.5113997857425,-44.571949372330614,336.7047327106368,-189.5986370927685,-0.030408729257822953,0.5055856319230658,-0.8622403829431087,-84.5130231910091,-270.9253028918451,-11.0,-16.0,left
51.64690219937524,340.7404508861397,-185.72362002711327,38.20352626741176,326.6522919910891,-169.04991704324803,0.5243910704168372,0.5495423739220723,-0.6503977125814455,44.83069375641664,-213.73557929514055,-12.0,-10.0,left
-0.2144886323743934,355.4148622710994,-197.1818919888316,-5.908309316712517,340.2080180700657,-178.72139788557212,0.2315905763627283,0.6185234850937356,-0.7508625062736044,-24.8842951572269,-238.475814927218,-11.0,-13.0,left
85.84387159527931,320.6325731424197,-177.90644808306425,67.74227529677393,308.8020995379276,-162.1653333246815,0.6767670304092633,0.4423076483209594,-0.5885153615563572,93.9252944434514,-198.841615200596,-13.0,-8.0,left
-60.781215554988606,344.18700006136373,-212.36570141230786,-58.39017035414772,333.137041659891,-191.46878055842947,-0.1006365688090502,0.46508108613583443,-0.8795293425105576,-104.55514876391265,-281.56729717211266,-11.0,-17.0,left
14.293798672811977,355.6147983074728,-191.03282546447429,6.215616258290616,339.61671999280014,-173.70272280108392,0.324028571982369,0.6417080235087314,-0.6951376101921003,-7.236635034537571,-227.53770523516954,-11.0,-12.0,left
142.51095315981968,228.05354455458394,-163.93534541232827,118.35522349850947,229.01401323846272,-151.33457756124122,0.8860678543455851,-0.035231410428214094,-0.4622147825574705,216.51481089794373,-159.6996774163019,-17.0,-4.0,left
130.35828397758942,270.17526675120934,-164.61792546976335,106.6532062905726,263.8292699508544,-151.11238530496658,0.8462850674361164,0.22655577851487843,-0.48215564277125844,172.6232055646273,-171.71338569286016,-15.0,-5.0,left
64.89672795550149,337.73468652042715,-177.82088207529515,49.550734191418655,323.80891841903605,-162.1413514774333,0.590547631329004,0.535894220546428,-0.6033828631280799,61.10641540475079,-202.3599780941851,-12.0,-9.0,left
115.45123176747317,294.30469887510844,-167.3674128800139,93.3164835911355,285.0267294544217,-153.2815965744265,0.7953920649795966,0.33339540154454983,-0.5061610111381967,141.2558254215312,-180.12845334197243,-14.0,-6.0,left
97.80545304967495,315.47879477268407,-168.8847923787971,78.05555926886895,303.8572474750123,-154.6899419133848,0.7326783320472048,0.43113426251137865,-0.5265982429113257,109.56073443600513,-186.17187154667542,-13.0,-7.0,left
28.445110952082562,354.6098650245949,-184.0774934293553,17.97793178977385,338.467949999352,-167.6086723156393,0.4133174009600517,0.6373956403436434,-0.6503041778541366,10.381281984568552,-216.3353950361963,-11.0,-11.0,left
141.3832123913968,243.69065672800366,-160.31309198879592,116.03420836663986,240.7576665929176,-147.29963914153637,0.8849427030777202,0.10239172378167012,-0.4543042451601307,204.56060245395008,-158.82339272960763,-16.0,-4.0,left
-40.88522170912398,361.2850111847861,-197.91562430100737,-40.337227366526236,346.6520343254293,-178.84287191840932,-0.022789731689241425,0.6085493781902231,-0.79318868022295,-80.02657818163078,-251.5459811261181,-10.0,-15.0,left
77.58886871406125,333.64602803293883,-169.3778859541611,60.553788029746144,320.2526372625383,-154.93929669221365,0.6542043307250694,0.5143512031121013,-0.5544903367216583,77.18235452175024,-190.6085281168852,-12.0,-8.0,left
-56.00724048243515,357.2083317602639,-201.34323142598396,-53.2141871609578,343.92583097414774,-181.4812028401388,-0.11610279428125793,0.5521324796962328,-0.8256330092871609,-99.19319546644277,-262.0610584336778,-10.0,-16.0,left
-25.97268780494712,363.92404575650096,-193.29287908307046,-27.731569281714727,348.0574488323647,-175.13066274348992,0.0727389136434753,0.6561664550595918,-0.7511022791181609,-61.03405187503112,-241.03712974258607,-10.0,-14.0,left
42.27206161198869,352.67373145662634,-176.6603747377027,29.754645975412842,336.47600935341006,-161.0586060086142,0.4863316357281208,0.6293203736487574,-0.6061661549448293,27.553603526022588,-205.1818813320195,-11.0,-10.0,left
-11.087221457364386,365.10209790779925,-188.07888473485258,-15.187653689324026,348.74675161764355,-170.29151594764465,0.16730168768306256,0.6673142932729966,-0.725742226477115,-42.082027885078524,-230.43696075044625,-10.0,-13.0,left
-70.86401196145546,351.9741815589701,-203.2647322359467,-66.20261619418609,340.3002311099747,-182.99944357737377,-0.1954688465087399,0.4895301198168904,-0.8497953823342439,-117.05371101410091,-272.14825177119263,-10.0,-17.0,left
138.3972205149463,260.41882909207754,-154.68564867036432,113.61404106808791,255.03802636908864,-142.49452673169134,0.8807528938809129,0.1912247611262617,-0.43325215596994043,188.1643527553542,-155.61924911453377,-15.0,-4.0,left
125.3600595917236,286.23806018100174,-157.4022584928483,101.59929773705818,277.6693730568944,-144.54327444906136,0.8383165706923855,0.3023165860234074,-0.45368492273571337,156.60909412530583,-165.5102903313081,-14.0,-5.0,left
108.69912308874598,308.7912722677272,-159.68941831841954,87.49703993043931,297.79419432122756,-146.39558913678525,0.7756450463977317,0.4023108941873161,-0.48633394536764846,124.91286943951654,-173.40525488867527,-13.0,-6.0,left
3.631445744324064,365.6017589849175,-181.9369803554585,-2.802494459380668,348.34357034155016,-165.35016578711713,0.2595759583218474,0.6962779749525467,-0.6691915297261878,-24.48662430833661,-219.51540195995108,-10.0,-12.0,left
55.68652319811393,349.76088972257645,-168.88374211093247,41.28584716538052,333.9510177228646,-154.05445053071736,0.5533651040249906,0.6075153307981014,-0.5698352257387084,44.09957638169621,-193.96087391487663,-11.0,-9.0,left
89.72526667451773,328.9100282383745,-160.46423311741157,71.07910491151836,315.53263170466505,-147.11453670771692,0.7023305561527486,0.5038760505682047,-0.502832691417293,92.80516960450336,-178.29969737003663,-12.0,-7.0,left
146.8684302125252,232.60268666895834,-150.21599725877635,121.16961503884444,231.62764952638335,-138.2694421385923,0.9062709847907783,0.03438477087122695,-0.4212963204900871,221.43729564798934,-139.38857464851392,-16.0,-3.0,left
17.96271930736343,365.08662011247793,-175.2262012932716,9.131901781023824,347.47446160337665,-159.54622313502236,0.3507073904051579,0.6994498676601202,-0.6227151908741624,-6.973846284347786,-208.41823231408537,-10.0,-11.0,left
118.82984036202244,301.41468554470873,-149.7238202754686,96.37726070047029,291.05736888483705,-138.15095384880684,0.822420288500076,0.3793803422100612,-0.42390497167175156,140.14079323125156,-159.21982698286035,-13.0,-5.0,left
134.24961080750518,276.75253939517256,-147.47832218687634,109.28724101819168,269.39191151666233,-136.2898792297392,0.881188260473856,0.25983506097391945,-0.3949594798099409,172.20660837845983,-150.45662953479632,-14.0,-4.0,left
68.51383431382564,346.0981198153886,-160.5132461050885,52.49652657219815,330.6562591940281,-146.91509119258788,0.6142740952677377,0.5922053266033404,-0.5214980220725993,60.14791804349616,-182.30148030491546,-11.0,-8.0,left
-52.378981441406665,368.9556191605219,-188.60813953071982,-49.94704238552063,353.381943557586,-170.47792278154276,-0.10122904853469229,0.6482515915263262,-0.7546671808263204,-95.43399416147733,-242.6909390041182,-9.0,-15.0,left
-37.441837978621685,372.1401404252724,-183.97803367335325,-37.43859333222083,355.2199947556041,-167.014163736762,-0.00013542134840361514,0.7061937292059699,-0.7080186427568301,-77.17900474072789,-232.48991546540014,-9.0,-14.0,left
32.01596314632961,363.65327837222287,-167.76510962903836,20.834154166894976,346.152948373247,-153.11391222278934,0.4399587398281634,0.688566863115535,-0.5764650746298915,10.202446284260546,-197.13726891812397,-10.0,-10.0,left
145.21222809679222,249.8023448526305,-144.3907537773356,119.29210618125823,245.761737984903,-133.5345086965769,0.9129762398126247,0.1423210151819589,-0.3823860799966145,203.8704691906605,-139.52688123606538,-15.0,-3.0,left
-67.54639913289878,364.09801609339104,-192.02390798889226,-62.87901313742758,350.13846395040247,-173.05119219242792,-0.19437025168333194,0.5813364624335842,-0.790106399610688,-113.70665581522778,-252.84191834565667,-9.0,-16.0,left
101.22143518784273,322.85962065626245,-151.14671488675836,81.07158102039111,310.0026595802515,-139.32238046176923,0.7556079256403586,0.48212863517275434,-0.44340573051769566,108.42573769973328,-165.4719771520897,-12.0,-6.0,left
-22.570782940625527,373.9676423641422,-178.64816093427572,-24.95691091666923,356.3755837311164,-162.31420119009846,0.09891053427020897,0.7292315985458911,-0.6770804840582737,-59.008749975529504,-221.979815115961,-9.0,-13.0,left
-82.2856282440647,357.88267391919317,-193.22088424217355,-75.53391804434663,346.09969497817724,-174.0094724081984,-0.2869815577482865,0.500835721821889,-0.8165813892439103,-128.33818813881132,-261.5709395771652,-9.0,-17.0,left
-7.711978858940423,374.7737215155338,-172.70592235346376,-12.43629168351584,356.8430206621755,-157.18659201438393,0.19537994429424918,0.7415468585530933,-0.641821574845856,-41.615320372536296,-211.35041261992447,-9.0,-12.0,left
80.85203430957552,341.51199802759993,-151.55617755212728,63.14608382126577,326.57844921330116,-139.38643271498282,0.6767001573060913,0.5707422958426489,-0.46511302802455823,75.99796890101088,-170.1165928166705,-11.0,-7.0,left
45.67598443617352,361.22188951119733,-159.7129104889833,32.37340941092056,343.5799891591215,-145.94010724895432,0.5109255508444921,0.6775904393109463,-0.5289860849291322,26.818486707455172,-185.59832388663224,-10.0,-9.0,left
150.50689235222805,223.86654658141458,-138.54292141610486,125.00553109700536,225.41624492940505,-128.578705483034,0.9299348860301714,-0.056511436475749785,-0.3633559759953034,232.35540649732116,-121.4653204964652,-16.0,-2.0,left
141.86690079384027,266.4404381812391,-137.8838180631516,116.15383681027552,260.40164914195486,-127.79604769904722,0.9094398941447205,0.2135846458500336,-0.3567922056255649,187.96099406728766,-134.95196717345905,-14.0,-3.0,left
128.39632592772722,292.5344191575115,-139.71478958433383,103.76869729705422,283.04020957493617,-129.46530980208206,0.8697880154157039,0.335312418203509,-0.3619867268805949,155.77328347698295,-144.60994982159048,-13.0,-4.0,left
6.916347960352303,374.7331933677326,-165.9446179048445,-0.22412954357441053,355.858384106063,-151.1937961954784,0.2856575900257067,0.7550941128122582,-0.5901123808707744,-24.140205466446048,-200.18974576602295,-9.0,-11.0,left
111.94089867691311,315.7529080894583,-141.63038955067975,90.20125061855212,303.50328512252537,-130.9254336704742,0.8006481228702209,0.45114058921348577,-0.3942521428077474,123.77915579288498,-152.278985675385,-12.0,-5.0,left
150.70165005608595,238.85302368599815,-133.6107838217119,123.6884027256448,236.91735514615715,-124.32491668043168,0.9435220700745832,0.06760927204893748,-0.32433792503373093,220.72110516984162,-120.45687296843019,-15.0,-2.0,left
58.82691418370466,357.810422940692,-151.25600917079998,43.7145880991374,340.45208393097806,-138.59945673907524,0.5753653496928093,0.6608768721983522,-0.4818676936319701,43.1977069415604,-173.8527184195312,-10.0,-8.0,left
92.70650464109029,336.05464113683115,-142.27163317258248,73.57128566202792,321.37257629109945,-131.51483434630245,0.7245754856074446,0.5559520524409131,-0.407317666009556,91.63501956653931,-157.46422857684493,-11.0,-6.0,left
-64.68762470911699,374.87040706448533,-179.57822458012737,-60.499924636089524,358.8964699890662,-162.3467157214173,-0.17546065832528984,0.6692928018776516,-0.7219838659795788,-110.590566291987,-234.0692568106584,-8.0,-15.0,left
21.225474397142367,373.88490766531413,-158.27890984586338,11.569769398272308,354.9026745310101,-144.8212152100383,0.38327536622236424,0.7534843242539059,-0.534192256356031,-7.0285291437223805,-188.69278280732013,-9.0,-10.0,left
-49.49200548864306,378.820124887332,-175.1063350495662,-47.66838346944094,361.37326312639004,-158.78551182535324,-0.07611068811405065,0.7281622178684788,-0.6811658737955563,-92.79658818804756,-224.2919267893708,-8.0,-14.0,left
-80.44330323057487,368.8053013660297,-183.11018845987036,-73.96704083563078,354.65993192650114,-164.50375401339224,-0.2670236929701159,0.5832297328036454,-0.767164536567215,-128.5945741933052,-244.16849362019747,-8.0,-16.0,left
-34.41983988306259,381.74609820389435,-169.33821503782644,-34.97321455206889,363.34050716816,-154.09260247047308,0.023147862238404107,0.7699125196255364,-0.6377294791662449,-75.26976924582172,-213.38926055490003,-8.0,-13.0,left
137.11665753829337,282.8113044277208,-130.1940709476633,111.50364550441658,274.48785696025914,-121.08701791684652,0.9009262760869059,0.29277355279992096,-0.3203365290395275,171.36424559799315,-130.08739696248097,-13.0,-3.0,left
148.57356833407957,255.44000647156216,-127.7346694458132,121.62700961699773,250.873102043397,-119.04289322042322,0.9395716713920202,0.1592386646365591,-0.3030645508837528,204.08320575932294,-119.09253731870858,-14.0,-2.0,left
-19.454786761044186,383.2328155246847,-163.4009259134629,-22.42688473196815,364.2654994737754,-148.855800057839,0.12339336309888782,0.7874709849331193,-0.6038737664707822,-58.3325588608888,-202.87866622484455,-8.0,-12.0,left
121.92431906632373,307.54212500845495,-131.78475386476634,98.4922752771702,296.1727010687015,-122.50507254452486,0.8474992670174302,0.41121374396763866,-0.33563112069210127,139.34048420268857,-138.20150461051412,-12.0,-4.0,left
35.022348004136695,371.8329498970446,-150.41418795324728,23.42022691480803,352.9069051981883,-137.82277319426674,0.45460144939823444,0.7415719319969347,-0.49336456285322944,9.589451684711975,-177.32236124139976,-9.0,-9.0,left
71.41437290997519,353.4145980130726,-142.36698698676807,54.67391955882181,336.5982098457721,-131.1315473499003,0.637636114841621,0.6405284368196229,-0.4279526920993645,59.284649616200895,-161.75316967319017,-10.0,-7.0,left
104.01714795219007,329.23019618980305,-132.8254088486705,83.09576803719403,315.2602699614555,-123.26924453022698,0.7774385779454442,0.51912252562196,-0.35510711188885374,107.42719810836111,-144.4555990864899,-11.0,-5.0,left
-4.725295466745594,383.5183164768577,-156.46056603512636,-10.039472200967381,363.9311303281306,-142.82921036563414,0.21736516043817064,0.8011724247582555,-0.5575617749045084,-41.14565515420195,-191.73843514337835,-8.0,-11.0,left
153.94246177705062,226.39633161989474,-122.97700771384166,126.56815693302919,227.157555369165,-114.67878611459977,0.9566568134234735,-0.02660268052206678,-0.2900000667577268,239.27330777700826,-100.00012408055487,-15.0,-1.0,left
48.488084146557945,368.6764998816301,-141.92535086916433,34.87466070545688,349.93067056801556,-130.41783454969598,0.5262646536073937,0.724672042487703,-0.4448549709739014,26.24963579738897,-165.5020273087259,-9.0,-8.0,left
83.45813216658965,348.2177744200932,-133.33455027705654,65.44563631698466,332.07484588947773,-123.3895731971815,0.6887518192673676,0.6172643417435297,-0.38027051406573464,74.99249703833206,-149.50532229185234,-10.0,-6.0,left
144.70341322982497,271.9097016415654,-120.39825334776611,118.17664939338705,265.1574754350022,-112.56067090470333,0.931659053095701,0.2371481388639445,-0.27526744997945024,187.7256908887653,-114.32234525133586,-13.0,-2.0,left
9.557518926883585,382.85858160906935,-148.86182817457956,1.8940837003296687,362.8480770793584,-136.28756364200441,0.30845313720088957,0.8054224661252216,-0.5061139330345448,-24.2460393667397,-180.50571663357817,-8.0,-10.0,left
-77.3328087480595,379.2512778037589,-170.75635165817886,-70.99105753415716,363.1393432174117,-153.97527273308592,-0.26300584004327293,0.6681960152134356,-0.6959468466456461,-125.29967286533574,-225.43724866812653,-7.0,-15.0,left
-61.85837959088663,384.46316602635073,-166.21133833923682,-58.06004765821214,366.74171502493346,-150.51126537908317,-0.1584056007014435,0.7390552329122296,-0.6547557012897748,-107.89481608531678,-215.68885510377805,-7.0,-14.0,left
-92.42210365297235,370.8248126329375,-174.62381498922917,-83.86970045998481,357.3351049037877,-157.2365540776684,-0.3622362947947444,0.5713553998106474,-0.7364359265004596,-141.8017898689446,-236.51476451375632,-7.0,-16.0,left
130.95187449823294,298.19059845544996,-122.11379160491761,106.25858097209786,287.94245004683034,-113.8965876371513,0.8828578087877734,0.36640142144626797,-0.293789189427735,154.87733764046698,-124.16342615949233,-12.0,-3.0,left
-46.58998906138409,388.09319819464827,-160.49881959232255,-45.404410954393995,369.4219616561094,-146.0495131176907,-0.05015344354881832,0.789848262380295,-0.6112481938746519,-90.7985835964622,-205.1147110716585,-7.0,-13.0,left
114.58070189275881,321.4282193668894,-123.31840942787989,92.13548168564114,308.3967889608018,-114.92735199003019,0.8228728860747204,0.4777503026920035,-0.30762779724979195,122.99349230116658,-131.2021403132976,-11.0,-4.0,left
153.79359887242146,243.69390941354814,-117.22539984904802,125.9489470215581,240.9696513600457,-109.8665607803818,0.9625101931820097,0.09416983050815109,-0.25437407698662323,221.3885017614484,-100.58893407448606,-14.0,-1.0,left
61.39758542232694,364.5720971448734,-133.07584188878832,45.66886041876605,346.2042989528153,-122.81521342576309,0.598760938598509,0.6992251490807324,-0.39060149679905226,42.599505061953174,-153.45468545161705,-9.0,-7.0,left
-31.544821343536256,390.60078445251236,-153.98907139962097,-32.5516434896321,370.8786835428087,-140.63761708634746,0.04223653454256727,0.8273489012481466,-0.5600980902960828,-74.52286344685871,-194.15440605804224,-7.0,-12.0,left
23.712898294572806,381.1942827474023,-141.05048410468015,13.504427791462952,360.99881532180814,-129.10110959279226,0.3989213987201587,0.7891881659227183,-0.46695155681364625,-7.410527395048426,-169.18352472325114,-8.0,-9.0,left
95.0242037885758,341.97634262565725,-123.89369499630162,75.36573292906186,326.4458974978806,-115.17037559065538,0.741039926398368,0.5854310844758178,-0.32883167854233475,90.71225213465573,-136.6949918048783,-10.0,-5.0,left
-16.6647406648787,391.5259864069799,-147.16786297478217,-20.331103382166283,371.09111737602024,-134.5475245012098,0.15090352781169944,0.8410771287307891,-0.5194394948595602,-57.65824445847745,-183.22135936480845,-7.0,-11.0,left
139.41787209839129,288.05742013231145,-112.51503920059561,113.5688285795314,279.2042457327201,-105.42111448306403,0.9156916124020128,0.31362001982484145,-0.25129933175730496,170.70564703622097,-109.61714924255651,-12.0,-2.0,left
151.07108388767813,260.4010291973032,-110.54272405833134,123.60293613801348,255.32088821519068,-103.77273583936012,0.9556582754058588,0.17674576436787828,-0.23553809761122338,204.02228150120806,-99.03319076878499,-13.0,-1.0,left
124.28522206222631,312.73054698743886,-113.839427216026,100.4218470288591,300.8834629738493,-106.47689201783544,0.8633347478482278,0.42860656865626523,-0.26636351563706895,138.57940971651385,-117.59213518573742,-11.0,-3.0,left
37.54211645240852,378.66363279356335,-132.42003915373215,25.20682038992108,358.6027346065438,-121.78194173890856,0.47734973329103686,0.7763141112011059,-0.4116717538002976,9.346879190457656,-157.1614643058371,-8.0,-8.0,left
73.8255253404968,359.52821661296116,-124.05523295582003,56.34399178279662,341.63071045065976,-114.74143090763505,0.6548393766824229,0.6704212614304028,-0.3488849709692919,58.67396848190644,-141.19974833263458,-9.0,-6.0,left
-2.1796503069689717,391.1635159708276,-139.53003280876018,-8.248414149697286,370.1477767804296,-127.94951265669603,0.24519514740140036,0.849095038475319,-0.4678856220567183,-40.80708984325543,-172.10937911917358,-7.0,-10.0,left
157.34676747279394,231.29769570329293,-107.37266989220036,128.6491464079345,230.6464768750719,-101.26772122284143,0.9778715226190822,0.022190283496721443,-0.20802614395544838,239.31023838874546,-81.89270351432376,-14.0,0.0,left
-89.5947206229822,382.4018360671366,-161.72446602114357,-81.21752936453285,366.67348841056355,-145.6979217195014,-0.349532890899301,0.656255140399989,-0.6686972026845694,-139.25701240463235,-216.4061770151644,-6.0,-15.0,left
-74.3823288236826,389.0498266515778,-157.1186328138922,-68.61194798364437,371.5590710127602,-142.22502947312148,-0.2436162798297759,0.7384318190187572,-0.6287841894183964,-122.72107218711463,-206.5753475641404,-6.0,-14.0,left
106.22617042199735,334.5074304371119,-114.39351280398978,84.37556311969747,319.59081482212434,-106.6585370953914,0.792717327978332,0.5411593146680278,-0.2806168813006873,106.69064688725413,-123.53816747123457,-10.0,-4.0,left
-104.05437062056954,374.95645334948136,-164.49324026792414,-93.28618902379026,361.45577026512717,-147.993379833526,-0.4508446178955869,0.5652495968600295,-0.6908198200429375,-152.57723746020642,-224.40930856054752,-6.0,-16.0,left
-59.178472555195796,393.38422640228276,-151.67071557702616,-56.069197692117285,374.81693946554583,-137.95037908967655,-0.13347362745709163,0.7970485880522081,-0.5889807628924963,-106.20265150879399,-196.65910287120164,-6.0,-13.0,left
-43.98223111254548,396.6814557594182,-145.1338997293216,-43.44254214646189,376.81918873557277,-132.71456375848658,-0.023032507496803335,0.8476693852943712,-0.5300246379490982,-90.27145432700726,-185.872541467467,-6.0,-12.0,left
50.90297392039422,374.85659100279645,-123.52758606814172,36.38058757161822,355.2860606647928,-114.22379500499338,0.5567174138415814,0.7502386161348685,-0.3566619407584426,26.07669373556682,-144.99097949036985,-8.0,-7.0,left
85.31761104366214,353.6013520523486,-114.55584375518477,66.87307528617845,336.52662953372646,-106.76293505924573,0.7009147782710232,0.6488602101748976,-0.296140002791028,74.18895566203398,-128.59063769490248,-9.0,-5.0,left
11.863686443490469,389.7862694416207,-131.5482497814573,3.5313901848344287,368.4728231067828,-120.73120639207298,0.32918332016857854,0.8420285130222196,-0.42734801389544447,-24.33051451319711,-160.87257033944886,-7.0,-9.0,left
146.82488989457892,276.5928568933639,-102.55556520824271,119.74273512110287,269.2777014187119,-96.68578763293834,0.9449384365860498,0.25523713439417417,-0.204805654923301,187.41675388272802,-93.7233454862639,-12.0,-1.0,left
132.98130245930963,302.9495388297363,-103.98618114659527,108.09629459895497,292.28349380837255,-97.87996085069608,0.8966106025688652,0.38429921771763886,-0.22000804217734252,154.26144196611492,-103.39309630527083,-11.0,-2.0,left
156.0178283960404,248.4401794330569,-100.53051870415624,127.58222122182806,245.27266269282086,-94.89543297750487,0.9751204347287752,0.10862121852459433,-0.19323966637467832,221.03504014693897,-81.52999280195218,-13.0,0.0,left
-29.014757411740256,398.34988903505825,-137.8496851188782,-30.717160574671098,377.2647324503068,-126.19423229766946,0.07048629306798043,0.8730097304673681,-0.48258231732920764,-73.9346343925713,-174.69788424495613,-6.0,-11.0,left
116.51629779005856,326.2643020785285,-104.70033943505544,93.31338402890665,312.5713138446986,-98.25267881666765,0.837565470685792,0.4942816343335577,-0.23274395432628253,122.36549253084988,-110.070411942779,-10.0,-3.0,left
25.80933084069288,387.62400139323677,-123.07312148740417,15.018451388803646,366.2559423389756,-113.28241472911532,0.4172322570276521,0.8262017518830358,-0.3785603107577626,-7.609482457074023,-149.1009188984305,-7.0,-8.0,left
63.406899340078354,370.2239638618409,-114.4965297218759,47.03046837947345,350.9334027266035,-106.13946934604517,0.6145299903121658,0.7238835113750449,-0.313600945416726,42.07612841146327,-132.83833959565135,-8.0,-6.0,left
158.32172929719462,221.97448801782622,-96.89529455795679,131.26742081634984,223.6082631345015,-91.56865072798044,0.9794458725622924,-0.059147484618043915,-0.1928402390167774,250.57178909923283,-65.18815361190794,-14.0,1.0,left
-14.41369785591377,398.54610016044523,-130.40623428188985,-18.79560671742906,376.8825244495817,-119.69958424784299,0.1784238216099913,0.8821036881933262,-0.435956446400116,-57.313885550344686,-163.90113670742568,-6.0,-10.0,left
96.59810095575594,346.6732546549528,-105.01072482348215,76.41341279701736,330.47817478872236,-98.4771939725303,0.7562464664792761,0.6067704304802023,-0.24478751322826742,89.95568202743345,-115.63876574685318,-9.0,-4.0,left
-87.27477715881355,392.2182311698143,-148.24530362227233,-79.38497179543052,374.5549589010036,-133.9709691597842,-0.32817353669810506,0.7346972787211661,-0.5937356637854684,-137.34952956725795,-197.57033707487534,-5.0,-14.0,left
-103.04715777389131,384.39147299008744,-153.2248659103309,-92.22093953763931,368.8821277431659,-137.47524947967344,-0.4398586564475,0.6301295257329912,-0.6398915088885895,-153.83699841544586,-207.38337072659002,-5.0,-15.0,left
-71.90671732604758,397.96835221815024,-142.71753672609182,-66.74650887238563,378.96167395486873,-129.83617297688957,-0.21927363548687936,0.8076540858270163,-0.5473700306258042,-121.22872488528806,-187.52566981810034,-5.0,-13.0,left
152.7735773107376,264.62999868041095,-92.78018810133918,124.73376768098262,259.2789122353359,-88.22097576762648,0.9699793099964833,0.1851097852040157,-0.1577165355962061,203.72193513638715,-78.73569273424675,-12.0,0.0,left
140.98823102455697,292.0789948897695,-94.28071056343677,114.95028284045836,282.98989862444546,-89.32329140357233,0.9292380945526353,0.32437020133380223,-0.1769195752845237,170.36203114999313,-88.82976687529208,-11.0,-1.0,left
-56.71587310217316,401.76742621123185,-136.21411421623614,-54.295851139846064,381.43919849705895,-124.46680196664795,-0.1025310904144417,0.8612629910692947,-0.4977081832889605,-105.72687924537388,-177.27327862878295,-5.0,-12.0,left
125.72418493221696,316.9730117768885,-94.91706984527826,101.17906064702942,304.55165567324946,-89.84511941062624,0.8774637761425875,0.444051124161077,-0.18131718255277104,138.0521728678292,-96.19378022359612,-10.0,-2.0,left
159.09252548532265,236.3128662681675,-90.33239897746836,130.522550820631,235.12758267011276,-85.84191968562149,0.9870436789915464,0.040949517701818636,-0.1551383665081638,238.15413758680086,-63.25774590944363,-13.0,1.0,left
39.271439615555224,384.35174761513355,-114.04995408655228,26.285147018825228,363.0044197531648,-105.43938098030546,0.4913645159489127,0.807722399874176,-0.32579968877792415,8.991852689135019,-136.90358526430882,-7.0,-7.0,left
75.37918435317637,364.36244007892026,-105.18911797730212,57.38300780358555,345.90832840267956,-98.0994532846066,0.673169521899214,0.6902991588206057,-0.2651977867885551,58.05263669765039,-120.37695189789557,-8.0,-5.0,left
-0.11948716946453904,397.76102530346293,-122.12356274723632,-6.863424736263722,375.37635253095607,-112.17736635309892,0.265443306575347,0.8810671063435563,-0.3914851275766921,-40.93568398105572,-152.47036888169347,-6.0,-9.0,left
-41.73642443262379,404.0398438546047,-129.09752620506316,-41.79904275063029,382.84083713605924,-118.2171252638042,0.002627903821956207,0.8896590095498628,-0.45661793750164875,-89.78774005422626,-166.52858883199224,-5.0,-11.0,left
107.44249996202984,338.9698692872358,-95.50644934552831,85.24014096472368,323.40331310213503,-89.79719908664013,0.8012327206650317,0.5617616652846054,-0.2060338776812649,105.73499580502576,-102.50233599850354,-9.0,-3.0,left
13.93878302413038,395.9975940929217,-113.68611958272895,4.9395498891797445,373.64262752464924,-104.88733212036189,0.35078681556841085,0.8713884191050683,-0.3429735165766355,-24.3292518943461,-140.88665798062632,-6.0,-8.0,left
52.19666852534782,380.02085869469624,-104.97478584640893,37.27013911891103,359.3725320121679,-97.5531405518712,0.5624706762350995,0.7780829659730965,-0.2796670099209753,25.334005086465154,-124.66883600266682,-7.0,-6.0,left
147.96211305844986,280.3034855285563,-84.57941984131048,120.64285886248562,272.7279198920178,-80.85160839981552,0.9554129303301518,0.26493378303068243,-0.13036956380614198,186.81964140874737,-73.47149968782105,-11.0,0.0,left
157.2838808124244,252.23354325256312,-83.22648407477325,128.5766125055177,248.78482343137702,-79.58599984184123,0.9850835247692891,0.11834205334606371,-0.1249224064687791,220.4113618380568,-62.16080872919845,-12.0,1.0,left
-27.085787986777547,405.0434917245699,-121.11193295187832,-29.59859061965396,382.80698654366006,-111.47620081702763,0.10313421619840772,0.9126640122148262,-0.3954841769996311,-73.66042063290422,-155.3824106794399,-5.0,-10.0,left
86.65205553095304,357.85423790650145,-95.54481629096031,67.15861949759226,340.1176640621054,-89.75383286778379,0.7224174578532712,0.6573089816370533,-0.21461108836236092,73.59348297820819,-107.5392122477511,-8.0,-4.0,left
134.05496469771845,306.6155477529469,-85.3503757505981,108.64458087525088,295.6154314564898,-81.25060420281423,0.9078042220896524,0.3929870594308577,-0.14646728466141729,153.73679741179348,-82.41117745148196,-10.0,-1.0,left
-100.1879084192031,393.86754284224685,-139.61162941283615,-89.85563525879087,376.9138574037952,-125.4763848247328,-0.42394242160622203,0.6956248976716546,-0.5799817453178612,-151.72280043962803,-188.71647907178215,-4.0,-14.0,left
-115.08143276877951,384.3964876192769,-143.85827265552888,-101.91904167649048,369.7887454569477,-128.19132583578954,-0.5235354024486318,0.5810243836548156,-0.6231543532556689,-167.61164631716332,-197.41291889479697,-4.0,-15.0,left
-84.96551322038009,401.08032183238515,-133.9446507635575,-77.67144325655408,382.0972946940206,-121.34683489012873,-0.30491009971286515,0.7935373154241974,-0.5266197490812974,-136.16607529234955,-178.61363426010155,-4.0,-13.0,left
159.8050071473964,223.63068953172905,-80.99236686006272,132.33385320396874,224.9997872763451,-76.7478254970662,0.9870764971941655,-0.04919357260546989,-0.15251223262809868,252.47933352717968,-47.55240889567986,-13.0,2.0,left
117.44622301683151,330.0446637569252,-85.70675796930296,93.69029781626016,315.87884031051556,-81.29135259137925,0.8481498955587448,0.5057576825627909,-0.15764174952215462,121.57410620274317,-88.92208673401464,-9.0,-2.0,left
27.538062377399793,393.22431126303564,-104.63571662420199,16.214331363068112,370.72171980857576,-97.15717460949926,0.4309240711358066,0.8563350991284537,-0.2845955778229934,-7.816254701661478,-128.77446661461167,-6.0,-7.0,left
-69.73060634564516,405.9691519014981,-127.57137553158688,-65.29100543996958,385.35535173149145,-116.44876410502411,-0.18622393660663084,0.8646684910739569,-0.46655015376550457,-120.95015797620562,-168.54034935751542,-4.0,-12.0,left
64.58654550777837,374.72753090842025,-95.54388621914651,47.69528597263897,354.75629368815754,-89.42089928927737,0.6287774259327285,0.7434296480925543,-0.22792829349247737,41.46751775929182,-112.08354487423773,-7.0,-5.0,left
-12.68951472643446,404.8861086165176,-112.8938183104294,-17.511670346376988,381.8876519637398,-104.09933708949256,0.19219173119650698,0.9166259961966698,-0.35051265534378684,-57.51159010622151,-144.13415158882825,-5.0,-9.0,left
-54.7388831786841,408.95016348776335,-120.27244674880723,-52.91346006267408,387.32590516590017,-110.31232522515973,-0.0764488550513359,0.9056255371928208,-0.4171306257583523,-105.47027427432612,-158.0014514867978,-4.0,-11.0,left
97.48909780980517,350.5354433393861,-86.01525241670501,76.637131866936,333.66181524782814,-81.29482335802936,0.7655997098866563,0.6195312618017147,-0.17331503071529322,89.17451361133482,-94.64666147451581,-8.0,-3.0,left
153.5707562793836,267.9487735171478,-75.2872667997418,125.43364789723313,262.15221880199147,-72.41732217212402,0.9745809876177836,0.20077443432891307,-0.0994058604602895,202.87007499310127,-59.29189815924231,-11.0,1.0,left
141.82534498638006,295.26696158542,-75.84627916267779,115.12741270422848,285.79350401880856,-72.76895356722586,0.9369161040737689,0.33245402159295834,-0.10799322874096944,169.79731097145867,-68.17060494652006,-10.0,0.0,left
160.27063899892474,239.1180620472437,-73.44567203789276,131.48347286075176,237.73934231137406,-70.56793300962451,0.9939125393985552,0.04760200525539054,-0.09935750158886453,237.57280553502818,-44.71931778851064,-12.0,2.0,left
1.4039011781140416,403.50391904463527,-104.15743778891786,-5.788028553223294,380.23091838371454,-96.40222504027977,0.28133432752858356,0.9103945999337387,-0.30336886551775144,-41.12091034184009,-132.49641864636268,-5.0,-8.0,left
40.776042148391966,389.2866115867206,-95.57772892579735,27.12194819980193,366.87504729544037,-88.8436129455358,0.5039609273096058,0.8271916661199439,-0.24855046016242577,8.698429796883119,-116.59556770534164,-6.0,-6.0,left
126.40965966684169,320.0356270483429,-76.09162528055504,101.46174644698189,307.4098832570405,-72.92728205237442,0.8865857742164808,0.44868701985703263,-0.11245275972059648,137.39944915748376,-75.25406717394995,-9.0,-1.0,left
-39.9976162372815,410.65931028957414,-112.37268723159781,-40.60375910288886,388.11141421025644,-103.35326137859404,0.024951862327499484,0.9281838171635637,-0.37128453525842653,-89.62916855467363,-147.16658471073282,-4.0,-10.0,left
76.14530386820621,368.44494888514225,-86.02057802499745,57.70567187236363,349.1139579705788,-81.0929102518936,0.678777224648592,0.7115888411250785,-0.181391291093654,57.17173535082826,-99.41159442544073,-7.0,-4.0,left
-98.3273836927768,402.7800918105228,-125.48036117613029,-88.57660732785222,384.7605729980494,-113.35242729943099,-0.4095419795331023,0.7568371100418939,-0.5093848798929372,-151.12064091174707,-169.8711033463733,-3.0,-13.0,left
-112.8657428694301,394.99297640909066,-130.49120816357464,-100.24057069751063,378.70904731977225,-116.63652951888288,-0.5084708206050575,0.65582494036289,-0.5579884158217187,-166.18431609951384,-179.14898921512724,-3.0,-14.0,left
107.93125824378089,342.2412573674862,-76.28268444094923,85.23380206224496,326.2208471119019,-72.74886980026005,0.8104601666303898,0.5720422703487928,-0.12618224613486403,104.93265766267068,-81.28523713604332,-8.0,-2.0,left
-82.94992155526873,408.92681961030775,-118.95517067591558,-76.30001970167956,388.6371302622959,-108.39415009394702,-0.27916432234019856,0.8517655601599203,-0.44335393497497566,-136.1167764426606,-159.86010271994115,-3.0,-12.0,left
-126.15701741642987,386.13338010697373,-132.73525664372193,-110.90481687297093,372.8048052807929,-117.98274100451624,-0.6086691653218607,0.5319030844936449,-0.5887282530102796,-179.3424746244716,-183.55663313162984,-3.0,-15.0,left
15.171730004874458,401.12840128372534,-95.15913406755743,5.743557532484264,377.70771995597704,-88.69219623301547,0.3617561147925847,0.8986444305864,-0.24813444095131013,-24.6242245670435,-120.57892801699865,-5.0,-7.0,left
-25.518983556412177,411.051636117446,-103.8374106208953,-28.57769148085918,387.6707253411033,-96.07435439780821,0.12321008281069785,0.9418238106090313,-0.31270942624689846,-73.74780046156931,-135.82188777345746,-4.0,-9.0,left
157.87178466907153,254.82135677253882,-65.63616983875899,129.2017734706888,251.3782070219495,-63.83988054655317,0.9909500842149471,0.11900900602032688,-0.062086931639781746,219.56821928966986,-42.74251831758693,-11.0,2.0,left
148.30734820874108,283.0530021402776,-66.56595279514117,120.64221135848295,275.20014455380186,-64.42873223225872,0.9593496450955681,0.2723151589434939,-0.07411283738049161,185.93269917306026,-53.52207487423594,-10.0,1.0,left
53.443678655786755,384.22215116733696,-86.28477918354565,37.89628573673229,362.8299966228143,-80.66302952508474,0.5750608565596173,0.7912446015918316,-0.20793506607761725,25.043583813363167,-104.17718041189134,-6.0,-5.0,left
87.13609512226382,361.3597662685211,-76.43230641084784,67.4650297142879,342.8331811258843,-72.58231389898816,0.7206883918367535,0.6787580934614696,-0.14105209120145956,72.76082670354575,-86.60197840695663,-7.0,-3.0,left
160.94693431172303,225.6814035214712,-64.47991097113908,132.4568580136202,226.71020934488487,-62.25649915458622,0.99632312841109,-0.03597824820775644,-0.07775467477290116,252.34331196052668,-29.630334132513354,-12.0,3.0,left
134.5900422237467,309.41235494783746,-66.53730483492969,108.7291049403328,297.84997159191835,-64.37811010915456,0.9102697690509286,0.4069801458364388,-0.0760007134632301,152.94060338326588,-61.53441495770123,-9.0,0.0,left
-67.94552531987532,412.8544626575425,-111.46490709089045,-64.22262946608342,391.11818022092154,-102.22937688529632,-0.15571369847617697,0.909140911336977,-0.3862849303820188,-120.9489472683397,-149.18173863593185,-3.0,-11.0,left
-11.327822277207467,410.1397613892643,-95.25340556087336,-16.592777374141402,386.5333430022256,-88.29647555194111,0.20920012735132673,0.9379881959018294,-0.2764298302734708,-57.507045157522015,-124.48689647861849,-4.0,-8.0,left
117.53815022520767,332.5272426014744,-66.50428954953952,93.59595816446136,318.190136463539,-64.4091291839405,0.8555307967216665,0.5123104770753673,-0.07486675456836683,120.83767400177355,-67.73776784453614,-8.0,-1.0,left
28.65104536522899,397.52479482350896,-86.0990405702805,16.71509708347975,374.07593009276275,-80.54192377428285,0.4438420246808203,0.8719534764133396,-0.20664315158727542,-8.010999473747596,-108.52292568243782,-5.0,-6.0,left
65.39317322939473,378.1133303571752,-76.61072749742006,48.03910528967316,357.56220402811334,-72.56498724830405,0.637999749280447,0.755535445113776,-0.1487363812078771,41.09290726053065,-91.3736809586888,-6.0,-4.0,left
-53.22198146380143,415.1196000839967,-103.62943282870445,-51.92426608419812,392.23845684317,-95.12454941040806,-0.05308689235877363,0.9360209544890838,-0.3479174537401542,-105.41823811726363,-138.81357251117078,-3.0,-10.0,left
-111.6255869370688,403.655532466713,-116.51345835188854,-99.74342110051622,386.08052283441856,-104.95694613266885,-0.49184764864316344,0.7274959196355524,-0.4783676174636126,-166.36721178627803,-160.7459464180728,-2.0,-13.0,left
160.697047394579,241.29328710603212,-56.49574033620764,131.76038805778433,239.97712138456012,-55.45690932697126,0.9983253907986211,0.04540820151182787,-0.035840051928555376,236.2612982854565,-26.460654848498123,-11.0,3.0,left
153.71896314490874,270.01741591501474,-57.05293772670906,125.55879519627328,264.4999079478805,-55.906474754355976,0.9805584011554234,0.1921238112103524,-0.0399207100328714,202.00467311050977,-39.11299164261648,-10.0,2.0,left
97.73034516860119,353.14285439922037,-66.63975234558183,76.3631914871805,335.76970056950887,-64.00131635555763,0.7723579038126366,0.6279869033842358,-0.09537147160460775,88.61443346729874,-73.3621971810623,-7.0,-2.0,left
-125.87634508734827,394.84426693818136,-120.87119314685957,-111.07131027367852,378.848356957611,-107.76506293769734,-0.5821229813169461,0.6289473090714772,-0.5153233131097583,-181.66043877741177,-168.0070267856695,-2.0,-14.0,left
141.82565689229375,297.51586275430776,-57.25465728526988,114.78848308230212,287.7172081962716,-56.04548341450361,0.9393319598535553,0.34042720051334135,-0.04200940785500476,168.75188473983755,-47.68250085152282,-9.0,1.0,left
2.573841709834917,408.2005409274036,-85.90254886066398,-5.085003539631009,384.08423108207614,-80.23881228471492,0.2953733654424154,0.9300769723168332,-0.2184293948926613,-41.08448478411407,-112.41621111993274,-4.0,-7.0,left
-96.70692122065897,410.7204615229744,-110.43943184716639,-87.8429882005774,391.23552017175587,-99.99215965578,-0.3721262594352659,0.8180181781515493,-0.4385981158786906,-151.58957495877644,-151.02709326568885,-2.0,-12.0,left
-38.768111447760745,416.265306729018,-94.94596367506601,-39.809102344394134,392.55982125731043,-87.78255629628714,0.04199906952223241,0.9564044561814692,-0.2890096786536651,-89.90929629655169,-127.51226869505193,-3.0,-9.0,left
41.50355569209185,392.86487085157603,-76.7198455204859,27.701089359242257,370.25998467036175,-72.25771171389152,0.5138883232683545,0.8416167645118203,-0.16613251608608823,8.37120677983025,-96.12587338748247,-5.0,-5.0,left
126.26253323424609,322.2185857105048,-57.083770185360784,101.14993772679975,309.2150685361646,-55.78559360745884,0.8870778535750845,0.4593365150376453,-0.04585681682903851,136.44445916802192,-54.341648865502705,-8.0,0.0,left
76.34108595163582,371.29404941240875,-66.8641558107194,57.885491877426034,351.2677782345458,-63.80544602034311,0.6734469310486308,0.7307611345833588,-0.11161270198155393,56.5327610797999,-78.55356505676832,-6.0,-3.0,left
-81.42520999179229,415.69951325138084,-102.78270368162782,-75.68157619142758,394.26875068381526,-94.09228938832901,-0.24104203822783798,0.8993809267113884,-0.36470904084589645,-136.48648372372972,-140.49005370083978,-2.0,-11.0,left
107.74968158367821,344.2091714126998,-56.9986526056618,85.03113724301579,327.94618694377425,-55.60565579747389,0.8121241228006165,0.5813559970172412,-0.04979572167785662,104.27252674012848,-60.11465899519831,-7.0,-1.0,left
-24.50282532459548,415.96510921770243,-86.11622496078989,-27.9913647715165,391.83028502781843,-79.93579879790252,0.13867262494805185,0.9593812751708652,-0.24567757720545313,-73.88039926045316,-116.1287393148021,-3.0,-8.0,left
157.6753883637081,256.50525331890776,-47.777515334456815,128.99661130697677,253.35993619153237,-47.85946457304379,0.9940355109359281,0.10901988294623867,0.002840443757014781,218.18682288476393,-23.304122019204257,-10.0,3.0,left
15.969619924215241,404.97237943033906,-76.74903461029325,6.073405198194987,380.91756821866386,-71.91897276464492,0.3740688778068117,0.9092523237341524,-0.18257241423719192,-24.737892733600663,-100.50826580075169,-4.0,-6.0,left
53.89355994584625,387.0765628704345,-67.16253518607517,38.083398936789834,365.357161339163,-63.91367003087568,0.5842611141267214,0.8026358320802238,-0.12006111602133705,24.696776451666164,-83.44148341548495,-5.0,-4.0,left
-66.73360932845684,418.86254776992934,-94.79352409055942,-63.49845696812899,396.38670713637464,-87.12476433372676,-0.13498098445351753,0.9377645184012733,-0.3199653760387009,-121.16764207015538,-129.99539326198308,-2.0,-10.0,left
161.1125922431221,227.2343294824628,-47.93131005113855,132.27190636737154,228.67696566257828,-47.287134556335474,0.9985028844179503,-0.04994598232568922,-0.022302211965529267,251.1248282848264,-12.14313474140019,-11.0,4.0,left
147.8779822410828,284.71255927252355,-48.00826442368668,120.04116846123213,276.91044893243577,-47.75703244410206,0.9628575538156866,0.26986999791242966,-0.008689953211463451,184.6874117949133,-33.16585890209618,-9.0,2.0,left
87.21095849300224,363.3222046031237,-57.04117772449165,67.22725395289572,344.5559883150027,-55.275606750015385,0.7274565835661404,0.6831369809347159,-0.06427117787687212,72.43291977775976,-65.38346698396825,-6.0,-2.0,left
134.23731642758037,310.72807388724806,-47.65751164852045,107.91823966191399,299.17577618967886,-47.38830822228953,0.9156348450192991,0.40190187543847766,-0.009365527508820595,152.12214481015138,-40.736060518930124,-8.0,1.0,left
-138.08323648545166,392.772301814308,-112.06325871701958,-121.03715390100018,378.6767547507193,-99.47543215711596,-0.6697849344016605,0.5538507172288859,-0.49460845592611136,-195.88000885272365,-157.47455173200933,-1.0,-14.0,left
-124.76009186748973,403.1476016538327,-107.59364902625349,-110.68100854648902,385.90189125043196,-96.22413222791788,-0.5632079286410637,0.689883042296861,-0.4548166851238748,-181.81384339540688,-151.03448935937962,-1.0,-13.0,left
-10.481473281175585,414.40735446536513,-76.87423576775464,-16.235725528846906,389.9428751169039,-71.97530542504,0.2247306150966482,0.9554529859590153,-0.19132627174615627,-57.52912869449522,-104.33980947631014,-3.0,-7.0,left
-110.22344177732397,411.4963941300407,-101.68437623424559,-99.18622668566832,392.4107036442383,-91.78995950268961,-0.45672978715435586,0.7897828646888164,-0.4094397735563355,-167.0915908990516,-142.2511848554591,-1.0,-12.0,left
28.972604773064674,400.55410720247124,-67.14257434867828,16.974822051533984,376.9752423485714,-63.792747105134126,0.44991056019577436,0.8841950668235732,-0.12561676492085508,-8.277464584151062,-88.0578839317747,-4.0,-5.0,left
-52.31818442624014,420.53897876553106,-86.19766274182203,-51.41168834939129,396.94395458351914,-79.56490447412864,-0.03696013379604406,0.9620287091804697,-0.27043430112013855,-105.88550700344857,-119.12734195766477,-2.0,-9.0,left
116.78298513898345,333.99857369803806,-47.420053177793704,93.03323560216012,319.4797163934659,-47.064666474300395,0.8531304322585407,0.5215414583191642,-0.012766080395925652,119.85203913172617,-46.84341066230161,-7.0,0.0,left
65.23974477049563,380.4497593641129,-57.339172457997364,47.936833166161954,359.2326608435461,-55.296195132210336,0.6302478211360063,0.7728196513508185,-0.07441418170830001,40.429157985688136,-70.56976478736016,-5.0,-3.0,left
-95.31211534551353,417.4222969220158,-94.61343510383881,-87.28921121363572,396.7298936462249,-86.27386946328645,-0.33839841943432136,0.8727857703051325,-0.35175489886742123,-152.0576587259077,-132.04738368823564,-1.0,-11.0,left
160.15000200888448,242.36539513025298,-39.12551842161095,131.2905347204782,241.58891447157202,-40.00578516511011,0.9991738887396997,0.02688335136307554,0.03047663827057641,234.61714747068424,-7.8450187991707026,-10.0,4.0,left
152.9149289912072,271.34255111489574,-38.904208483704636,124.89323779427403,265.82916240537577,-39.65980199494713,0.9808450912811065,0.19298550590869376,0.02644808913557538,200.2686965983001,-19.42537484037622,-9.0,3.0,left
97.48782922708834,354.5705897533858,-47.376895794546975,75.7714925590413,336.9979580645012,-46.65199751841688,0.7771103585497032,0.6288295452936109,-0.025940192763008147,88.16055855409564,-52.25804759074151,-6.0,-1.0,left
3.21875884743684,411.5329218294336,-67.43501008862847,-4.674191175132922,387.0480914015909,-63.69268897471885,0.30361754882908126,0.9418562358484247,-0.14395560092076012,-41.026460010486815,-92.32607609638625,-3.0,-6.0,left
-38.04669344240018,420.9310460054205,-77.08787528652782,-39.488001680041904,396.75180493822984,-71.73390612936953,0.05810130229066895,0.9747015646718433,-0.21582654725123274,-90.11369741886705,-107.65107831416019,-2.0,-8.0,left
141.02409972186638,298.25737925124645,-38.50596870524814,113.98457530345348,288.73186359320914,-39.09975041278555,0.9429832943570683,0.33219527076996885,0.020707695225634593,167.7183604660866,-27.0670969632083,-8.0,2.0,left
-80.55776223860173,421.39314622047686,-86.31148526913294,-75.19345112421529,399.2218412296809,-79.37225139682668,-0.2249833696473469,0.9298817313057466,-0.29103685190359035,-136.88096223885535,-121.58764728833762,-1.0,-10.0,left
41.607759886948024,395.05654427987645,-57.61052700543145,27.635821809858456,372.3383378488993,-55.37124498339675,0.5220295997165307,0.8488139686853615,-0.0836656655050608,8.189697370276413,-75.47918437463463,-4.0,-4.0,left
76.0652209922072,372.5466524493959,-47.45683655578793,57.36595021518258,352.8108082259449,-46.71442504428501,0.6875301354437274,0.7256426100165068,-0.02729680173869352,56.272436470698665,-57.453548510301054,-5.0,-2.0,left
125.41579347094677,322.8285431096342,-38.005428250575,100.32934802927785,309.7880248578664,-38.497053391174646,0.8871468706007188,0.46115959253642846,0.01738563185468966,135.64413569361503,-33.36754869789635,-7.0,1.0,left
-138.32159984611795,400.982624275655,-99.5262486588361,-121.58887680984624,384.54088751218995,-88.174543086441,-0.6420597923050666,0.630894210619594,-0.4355820452129014,-198.19475930156864,-142.0244721562282,0.0,-13.0,left
-23.96637565034762,419.808958895395,-67.84178134182142,-27.775743094406415,395.21035159230837,-63.73805513242452,0.1509986261956998,0.9750584483223346,-0.1626666445287796,-73.89905030069869,-96.07866796108809,-2.0,-7.0,left
160.28188318043146,227.58011215705034,-31.33027918570376,130.8825491735387,229.5699460964716,-32.51300732212536,0.9969146299395767,-0.06747413274376461,0.04010563579989356,249.5310780306172,5.194326501255844,-10.0,5.0,left
-123.82855683080166,410.8356438403546,-93.25062468109897,-110.32887872026815,392.02402446847753,-83.62639025726642,-0.5383768909177258,0.7502209362056096,-0.3838214040469106,-182.88367337282435,-133.1898056212531,0.0,-12.0,left
-66.11873498734212,423.83939080534583,-77.5689347035335,-63.12887960522282,400.3708007723576,-71.72347699898523,-0.12268730170917322,0.9630224937586068,-0.2398655926019327,-121.61376163858495,-110.55522192106096,-1.0,-9.0,left
156.60608403850568,257.2394953715319,-30.077892778447147,128.26106363610657,254.24417849995976,-31.694448493302065,0.9928673138659243,0.10491974160665685,0.05662459605027354,216.18049485705296,-4.303186738265097,-9.0,4.0,left
16.2657213454488,407.6825201883435,-57.885788055348215,6.159344103121409,383.56130607246337,-55.36411642416387,0.38465105174209674,0.9180589796421381,-0.09597540462084468,-24.78292936350307,-80.12418265628378,-3.0,-5.0,left
106.60232457899237,344.79368014530365,-37.63875943595319,83.8969006004296,328.5446756670543,-38.25052888924846,0.8130155042858068,0.5818298122289651,0.021905693152750694,103.48969212943531,-38.947497139956695,-6.0,0.0,left
53.19775492152692,388.8689082221857,-47.76740807614879,37.458034741048166,366.602699225759,-46.73799819451186,0.576820362928008,0.8159994337306616,-0.03772523111712844,23.951202165763828,-62.684528969643225,-4.0,-3.0,left
-109.1544268901828,417.95935700605855,-86.26487428539284,-98.70596212487908,397.6152270986014,-78.23118427515469,-0.43103618240752495,0.8392674222180986,-0.33141817007963664,-167.8201735328945,-123.86332280278097,0.0,-11.0,left
146.61610531551725,285.29210468472377,-29.539790420005566,118.96133547527714,277.5053007474813,-30.869181657005203,0.9615413472653115,0.2707429492981083,0.04622221224229259,183.0201262888299,-13.050871851042999,-8.0,3.0,left
132.75245935886159,310.94289349765256,-28.75362854508063,106.76060791200028,299.6383506430526,-30.443168603392913,0.9153969670258055,0.3981303241852613,0.05950325809646886,150.851563257858,-20.01920810128275,-7.0,2.0,left
86.37900033636416,364.1836927928387,-37.65638349970392,66.43807302802747,345.3888886871919,-37.91373128447634,0.7276782833183443,0.6858543023314605,0.009391057464046995,71.7728171985654,-44.346554942226646,-5.0,-1.0,left
-51.866824057441534,424.74867745217955,-68.54200673043775,-51.28372616984653,400.3845689980552,-63.81070058114666,-0.02348729691446974,0.9813910519871779,-0.19057793671658754,-106.01306164844043,-99.46283730440487,-1.0,-8.0,left
-10.182401845382476,417.3781723539172,-58.25951930415374,-16.171067125114718,392.39383638353775,-55.50676318635023,0.23176761096626547,0.9669199377414991,-0.1065345413702296,-57.500751806739885,-84.10154920703687,-2.0,-6.0,left
-94.4489948612082,423.00488499778146,-78.00340963668486,-87.10146469145583,401.1593552778153,-71.67773610396029,-0.30742332762749747,0.9140248879745303,-0.2646684752545788,-152.4382068605942,-113.04001705552005,0.0,-10.0,left
28.932904642609465,402.5410475162439,-48.175679526010384,16.875776327144333,378.9312092971831,-46.78865451949538,0.4541870739560116,0.8893729134105482,-0.052248662594461634,-8.422674692161056,-67.58501773143243,-3.0,-4.0,left
158.6113975975067,242.5024512210137,-22.04548562836739,130.0076287704385,241.9921385639003,-24.28996149465523,0.9967778932595454,0.01778326409839401,0.07821500512733638,232.31326778006695,10.216791715185892,-9.0,5.0,left
115.46997801496443,334.0130838558857,-28.252890469601432,91.53964604625308,319.59169727248997,-29.779200329769658,0.8552184263124055,0.5153892371915441,0.054547020843040576,118.98979336383925,-25.81404652156602,-6.0,1.0,left
64.28436792599838,381.26777202869846,-37.97132377159815,47.0481975196344,360.2470777831486,-38.09208853219146,0.6340557588244461,0.7732745689238301,0.004442494481777231,39.860988755300454,-49.70758833295481,-4.0,-2.0,left
151.21550183173918,271.38172864517594,-20.69196824211297,123.28283446403609,266.0793946733892,-23.10327811475271,0.9789414347256401,0.18582809716687176,0.08450790306619241,198.2849008142607,0.34627237688296475,-8.0,4.0,left
-149.90448528418688,397.45331266545566,-90.2029519577392,-131.68858576335333,382.8866266276826,-79.9825561491688,-0.7153321495482764,0.572028783057224,-0.40135145094631675,-213.3150996738737,-130.98441655681307,1.0,-13.0,left
-37.727885640258364,424.25406728779365,-59.09548206619617,-39.566942247777426,399.3684624328513,-55.60577008177802,0.0729891526487916,0.987669005993917,-0.13850096820816524,-89.93673704114116,-87.86248840663441,-1.0,-7.0,left
-80.0777241824756,426.138695136541,-69.19359271250697,-75.07349636428631,402.9702018388339,-64.06808518115554,-0.20635469822748007,0.9553776559604472,-0.21135579720217543,-137.32624220548672,-102.31499207003714,0.0,-9.0,left
2.9901343447708246,413.81448236015194,-48.56830658248647,-4.924385310212196,389.17481540533487,-47.27328556477919,0.30543881565220676,0.9508992359385692,-0.049977724882417654,-41.24120679800388,-71.97125319850187,-2.0,-5.0,left
-137.2045723162413,408.3258626177767,-85.03949534528081,-121.73379500173542,390.7899668519196,-75.7678170726755,-0.6149972876008948,0.6970902697657102,-0.368569521313838,-198.9851947304053,-125.0281058896255,1.0,-12.0,left
95.82296214494414,354.7312183002697,-28.112997334442422,74.69411248240951,337.2792602978394,-29.475361853691446,0.7700521475543525,0.6360458781922942,0.04965209846041915,87.09306976250781,-31.37350281395208,-5.0,0.0,left
138.89408310762698,298.25688301018056,-19.79359374766466,112.31327438305735,288.62300301125674,-22.319193402588972,0.9364260934115686,0.339395866591871,0.08897537478595555,165.79366434770913,-6.670301536067818,-7.0,3.0,left
40.97252120340714,396.342879479963,-38.20663495275528,26.830511946937328,373.25502252477594,-38.132702632864806,0.5223288485366244,0.8527397712644047,-0.0027306574912872392,7.80213106037688,-54.68504854929515,-3.0,-3.0,left
-122.7772401497207,417.32007236913444,-77.860023959217,-110.34423697390739,397.4652677371557,-70.30131377644936,-0.505086679941347,0.8065949321045027,-0.3070701243187945,-183.56761786835173,-114.87785457494022,1.0,-11.0,left
158.5109525142729,227.3006501368354,-15.160503938195905,129.64804129686704,229.8086579051581,-17.764594967745325,0.9922457959865411,-0.08621999858832852,0.08952313773804103,248.73259416608994,23.002800362957927,-9.0,6.0,left
123.34251998993646,322.56771460369686,-19.124598874235886,98.11679480461328,309.4017979714713,-21.643522251958462,0.8830642735897966,0.46089262138416226,0.08817868372208881,134.16273597896523,-12.724592722033904,-6.0,2.0,left
74.63370582354389,372.9806001936507,-28.22177189608437,56.2247837922738,353.27137767359216,-29.380925700730387,0.6819590458029968,0.7301287147866046,0.04294088601236649,55.35687396460089,-36.735064095190864,-4.0,-1.0,left
-65.88188959321506,427.6309655517303,-59.8536940642116,-63.33844913552906,403.45275227865665,-56.00365982081594,-0.1033306205007082,0.9822717778021558,-0.15641271495735617,-121.73511836124807,-90.86960352234624,0.0,-8.0,left
-23.947606167098293,422.28147727481934,-49.31182440992242,-27.88675124416381,397.0265245702702,-47.22285352457446,0.15359966459142763,0.9847700932053259,-0.08145554963152928,-73.6818105187988,-75.87139488381737,-1.0,-6.0,left
-108.36267637021862,423.44588720043305,-69.771182847374,-98.73002546871575,401.9784132835691,-63.82075083505222,-0.3968902802573645,0.8845157814192636,-0.2451732812879498,-168.12155338631945,-105.04505504097398,1.0,-10.0,left
154.52323043222742,256.8820227054582,-12.391543055095163,126.62560897634533,254.31860756606042,-15.566577029702966,0.9894707176869155,0.09091901335461854,0.11261186372120374,213.74569119618775,14.683075831300997,-8.0,5.0,left
15.941675431573465,409.03633114631214,-38.875809961813005,5.705950342610389,384.79124355271404,-38.50795048638167,0.38889890588875436,0.9211744118151675,-0.013976552347064951,-24.805147927256858,-59.609744330511454,-2.0,-4.0,left
104.9425134530547,344.27742251763357,-18.77114716712131,82.47944323041852,328.42912350825463,-21.101825526051883,0.814183937209909,0.5744286225189811,0.08447647021696077,102.5389691664565,-18.337388181870217,-5.0,1.0,left
144.3371817792085,284.78327756247324,-11.246696898882824,116.8035647276164,277.2370319679691,-14.426933505267808,0.9585046807117144,0.2627011086330976,0.1107109054098827,180.89377631859705,6.859762419382513,-7.0,4.0,left
52.07564307578129,389.12074920696085,-28.62432618681153,36.27235754539781,366.9544756324873,-29.521901931892618,0.5801986359010035,0.8138080949174591,0.03295341477648018,23.517876619807815,-42.06805228860121,-3.0,-2.0,left
-94.28066285312458,427.35075075739394,-60.92603620405976,-87.26532366579588,404.739513976953,-56.42082711333036,-0.29110045004110197,0.9382498874268428,-0.18694297721333303,-152.9445828262252,-93.85410297868506,1.0,-9.0,left
-51.87169439417673,427.67409579686375,-50.23363898400323,-51.595729904011975,402.80277741490784,-47.66960998050615,-0.011036523656760291,0.9946674426604625,-0.10254205799021769,-105.86715934370996,-79.33881413716236,0.0,-7.0,left
-150.48561927935717,405.1428775001826,-77.49704833414009,-132.9574988741498,388.4378323981155,-68.02145014255049,-0.6741183414068517,0.6424634836480556,-0.3644243871610129,-215.63389897249124,-115.75628430064722,2.0,-12.0,left
-10.605013189681056,419.0500704536739,-39.57132059562144,-16.73051388796444,393.9407652417981,-38.94282745941067,0.23693287914759156,0.9712218266357527,-0.024309961849918103,-57.39514839758635,-63.836052165854724,-1.0,-5.0,left
130.1223760456893,310.22579189957503,-10.208601642223464,104.41343150203893,298.94959169212336,-13.71803862317278,0.9087107019069738,0.39856960241830464,0.12404488005496069,148.97526110140555,0.2574290496518117,-6.0,3.0,left
84.3712821334811,363.8977141155724,-18.711460568023945,64.83184392238705,345.4363091718011,-20.879477676849604,0.7245214932374846,0.6845480679955604,0.08038997723890187,70.62525736737624,-23.880548493595494,-4.0,0.0,left
-136.63174385496183,414.97920042863615,-70.00125680708787,-121.90030322209093,396.006330573818,-62.75818067738555,-0.5871722702428671,0.7562290303650346,-0.2886977289328699,-199.82411449101585,-107.17765271925902,2.0,-11.0,left
27.995585897929736,403.1714494123911,-29.023915239145047,15.888902776107038,379.3045040582896,-29.720802861170213,0.4522306097658104,0.8915210832005019,0.026031400266734575,-8.736391162827847,-47.01582443134748,-2.0,-3.0,left
156.2387054179859,241.62927183542593,-5.068588780333906,127.60807983895819,241.62777405795293,-8.829775143174354,0.9914811528676464,5.1868169333627814e-05,0.1302502238690433,229.55689746134382,28.247045062098913,-8.0,6.0,left
113.0976599341721,333.08189736194913,-9.705923676421115,89.76534754794828,318.8170683934943,-12.892354516266845,0.8474479107280969,0.5181097915244889,0.11573367067985972,117.56857215685018,-5.537915670101015,-5.0,2.0,left
148.6354801422068,270.30617198038954,-2.930080836791422,120.98931892308059,265.45225636447117,-7.062950238431636,0.9744286025832672,0.17108321741986585,0.14566890946556887,195.98797000028625,19.648798545556822,-7.0,5.0,left
-79.97984367186106,429.54528592441307,-51.496455420163,-75.35969018386353,406.0149757933292,-48.38520465227386,-0.19106864034397184,0.9731071435825395,-0.12866725218849143,-137.30356102888362,-82.66926519192145,1.0,-8.0,left
62.47116317802797,381.0479959226225,-19.011773688770205,45.66363583307752,360.0445132742992,-20.91299129709735,0.6232478670369789,0.7788400692293657,0.07049994891241583,38.926222515863415,-29.335218587420158,-3.0,-1.0,left
-122.41799809722323,422.54874501753693,-61.778470570766636,-110.73555493275364,401.76476377115466,-56.40968957311881,-0.47801961917490343,0.8504343364194801,-0.21967859049675,-183.972171856581,-96.58674528143901,2.0,-10.0,left
-37.99039875863009,426.20449983850045,-40.71035210166728,-40.17389579099746,400.68217883740004,-39.25672813357937,0.08510414688422527,0.9947599301058044,-0.05665655865831743,-89.7299992267855,-67.80853975977053,0.0,-6.0,left
2.252849400667814,414.6530977415231,-29.67791638497706,-5.901494636678277,389.9467323938662,-30.192098237421163,0.3133593643501493,0.949429028906169,0.01975924705952262,-41.178534446735625,-51.52000388408166,-1.0,-4.0,left
136.2347527715425,296.8635996861332,-1.7074442223445914,109.92052902585371,287.7924696469331,-5.672352199260743,0.9359549299853209,0.3226456141279211,0.14102544706608672,163.98284840402496,13.20369063351071,-6.0,4.0,left
93.75247463801452,353.6318402003963,-9.63686181210803,72.88991564895522,336.53747687027897,-12.347805282944421,0.7696250760121272,0.6306153854002214,0.10000739007622163,86.12816095943798,-11.190160608138292,-4.0,1.0,left
39.70455465430912,395.92487817898257,-19.33813798048773,25.48866041352568,373.20935030875347,-21.19604544509707,0.5292299046062967,0.8456546204004749,0.06916625669890605,7.539245482152024,-34.292007001993056,-2.0,-2.0,left
155.89259762671148,226.1008207879709,1.028692157237213,127.18129319122983,229.30181735418662,-2.9621298879274924,0.9844931318108766,-0.10976022149990224,0.13684285583655606,245.77348951175856,39.40369830170191,-8.0,7.0,left
-108.40291768685776,427.37027575928516,-52.79219291477963,-99.30330251962201,405.2538560117788,-49.001278662578144,-0.3758022334339962,0.913379278565847,-0.15655981231642094,-168.5658946615834,-86.05135052360146,2.0,-9.0,left
-162.07816430769287,399.16719031938584,-69.31338362184462,-142.2979151156334,384.7988809120286,-60.66204538348646,-0.7627263514841298,0.5540419690803524,-0.3335955773826645,-231.438609695251,-106.66984459664808,3.0,-12.0,left
-65.99960867436957,430.112340095969,-41.71451172828063,-63.7454896740591,405.6679286518147,-39.93724925651142,-0.09158478492538451,0.9931756772522349,-0.07221011899128708,-121.35907321490271,-70.90361114104323,1.0,-7.0,left
120.3641016184231,321.05759803561443,-0.970404638443771,96.14388230229805,308.6285207793569,-5.0105025990418905,0.8800527796405471,0.45161622382396044,0.1467988127538276,132.44255851900203,7.203580911410853,-5.0,3.0,left
72.47969975729896,371.97163711622443,-9.688386938340825,54.403706605494165,352.4573483657913,-12.516496230796093,0.675745287981721,0.7295139227303411,0.10572484245952232,54.41237127561362,-16.63749641598265,-3.0,0.0,left
-24.4675719025579,423.42564322340115,-30.740327146380785,-28.691607426808172,398.0083968965065,-30.69359826465869,0.1639390519084942,0.9864688024126761,-0.0018135947300358705,-73.37563243373121,-55.68937708451196,0.0,-5.0,left
151.62534470705708,255.4915285743427,4.94011060408735,123.76299963797622,253.1808491181812,-0.04200305527830128,0.9811226398830588,0.08136644357579667,0.17543622023038583,210.8643171758048,33.35775182363903,-7.0,6.0,left
-149.9055059405386,411.1385199735121,-62.269993075744125,-133.12371013427588,393.3167352924437,-55.57043263344647,-0.661229281117375,0.7022064866558422,-0.2639732711686129,-216.3342307767007,-98.46329529333731,3.0,-11.0,left
14.70906428353443,408.8266619984172,-19.857429536133402,4.406498596782258,384.64816700908773,-21.445436906502714,0.3912875146239081,0.9182900162322373,0.060311914143411645,-24.81963642023574,-39.03273003201774,-1.0,-3.0,left
102.15648330335245,342.82443829906265,-0.7840274949324313,80.51845214797764,327.4797512074483,-4.087352471002726,0.8094566564220577,0.5740290795327537,0.12357401516824917,101.08012826544413,1.3671633870866913,-4.0,2.0,left
141.38742449703238,282.7947645606239,6.180198344284742,114.75367478961894,276.08647982745646,1.9089271387061286,0.9581964342672112,0.24134245391594353,0.1536665653141,179.0502119129603,26.07226048485773,-6.0,5.0,left
-94.3960710148742,430.2782873627602,-43.48938300745188,-87.63710849903798,407.4960945968053,-40.84743001151723,-0.282682587226777,0.952828067723427,-0.11049537654225947,-152.83929271032054,-74.51743348202524,2.0,-8.0,left
50.13596393556,387.9886214974572,-9.995516284563328,34.68863025402371,366.35281199927766,-12.729518118128933,0.5780197148176259,0.8095846632052848,0.10230289529107202,22.88608307333184,-21.89600278982464,-2.0,-1.0,left
-136.33467181967393,420.0941127662887,-54.19639371010857,-122.51553776232582,400.37887955199085,-49.19372421260658,-0.5619737379186736,0.8017465680120538,-0.20344030714341502,-200.03896695022542,-89.27588212440969,3.0,-10.0,left
-52.36140224492625,429.13228848091774,-32.029120013646306,-52.35034697430364,403.8605165344943,-31.441491146633645,-0.0004373370476788088,0.9997296773589655,-0.023246095242978146,-105.50691163333364,-59.42421948670831,1.0,-6.0,left
-11.47579957431389,419.3117473874154,-20.886722672784337,-17.950134837564573,394.5360820849774,-22.038672520766433,0.2525729605542953,0.9665336873514321,0.04493919015383598,-57.17454938985299,-43.54088641331562,0.0,-4.0,left
126.94904757666939,308.2860018824852,7.3395587003586895,101.94728766956885,297.59613691736354,3.041906427974382,0.9082060474541203,0.3883166642614696,0.15611516141813156,147.1670287323704,19.633859799331077,-5.0,4.0,left
82.06803256724154,362.1145557001431,-0.7901447598246989,62.66505460693649,343.85635713778925,-3.9674490979503774,0.7231401267876022,0.6804747214734358,0.11841668153288355,69.78754040671313,-4.200871269925575,-3.0,1.0,left
153.0518459843375,240.08795403437873,11.096758193429908,125.35279101348715,240.31317676816872,6.621226876704044,0.987164785010035,-0.008026698088261291,0.15950316408739684,226.49991666594482,45.454457403688075,-7.0,7.0,left
26.2678451255843,402.1388756561814,-10.396915894700129,14.415200393158058,378.8249387249479,-12.93576939043421,0.45106867231746844,0.887243886530633,0.09661955634225045,-8.994801467665049,-26.784386017838113,-1.0,-2.0,left
-122.43026507094689,426.3536991007196,-45.01849631859523,-111.20337803656295,404.8386826256808,-41.714825430703186,-0.4583918362583497,0.8784543639672303,-0.13488830519591913,-184.10764305425218,-77.8720468404793,3.0,-9.0,left
-80.4064640628859,431.55209874651075,-33.67519937580771,-76.1757776590749,407.67590460874396,-32.348879504462374,-0.17421439940510178,0.983191951557483,-0.054616201190742106,-136.92561328703164,-63.0571353272033,2.0,-7.0,left
145.33685796857537,268.5977948438008,13.652082440468195,118.51609172810828,263.90495674741965,8.825955469278716,0.9699175080398906,0.16970677836970657,0.17452689469839264,193.3199698973846,37.76877019642758,-6.0,6.0,left
-162.74463267300627,406.11411432174975,-55.185244012419204,-143.62998705175286,389.7649177998281,-49.08400399489153,-0.7385232432495049,0.6316759347328864,-0.2357306358103822,-233.33014110389817,-91.11848925702941,4.0,-11.0,left
110.0228038875915,331.1020602657853,7.892383432744706,87.17458603521746,317.2709169378003,3.804877680615281,0.8456219355836646,0.5118963005305267,0.151280268253653,116.005458812061,13.855678576775453,-4.0,3.0,left
-38.886381826606524,426.6721288969603,-22.26409845325899,-41.19095643249261,401.27436117412145,-22.964538542587647,0.09033392681752875,0.995533008540372,0.027455610943500026,-89.36849114585739,-47.69808911698295,1.0,-5.0,left
60.24247320788657,379.2974077406052,-0.9721286981429915,43.65446997595656,358.7223372144448,-4.196550410318846,0.6230228710441644,0.7727717032553992,0.12110489999845553,38.21227070259671,-9.612441509003112,-2.0,0.0,left
0.8054759318107361,413.88296669300524,-11.185565504009361,-7.611992618153575,389.43602731079557,-13.247052047729415,0.3245283188427455,0.9425308917361682,0.0794788550000876,-41.18415713854482,-31.40486129655446,0.0,-3.0,left
152.6493851876239,224.35287669056123,16.490508528778996,125.18568586158268,227.19667491404016,12.059803732367618,0.9821167661059652,-0.10169576507316087,0.1584444038132783,242.44809530589362,55.11639029310127,-7.0,8.0,left
132.77587482441706,294.54209029439295,15.26278038816745,107.3277464856611,286.01301911650336,10.435272348928047,0.9331887073290399,0.31276299778364164,0.17702582786403037,162.0316837958992,32.024068574419346,-5.0,5.0,left
91.08660273434899,351.4752881514138,8.009622895757783,70.64831111042055,334.6730025697433,4.013617545165159,0.763810219846731,0.6279271125106167,0.14933683213383003,85.06136327123703,8.269436234250467,-3.0,2.0,left
37.40975869065752,394.23869666173323,-1.1769833663735074,23.89709428816621,372.2953766063439,-4.561632431500041,0.5198881438125545,0.8442503708282634,0.13022146243794153,6.901645007688829,-14.484231433679906,-1.0,-1.0,left
-149.8188106875399,416.32108837599037,-46.867923031128676,-134.00739200283056,397.21239637731054,-42.16469973701835,-0.6263417444182514,0.7569574697037521,-0.18630997895656368,-216.3345551986899,-81.04883287889852,4.0,-10.0,left
-108.62066798453408,430.0406879192062,-35.41513987108083,-100.01491604049096,407.41173805227623,-33.36032348252126,-0.3541879777924204,0.9313424375985979,-0.08457032762865245,-168.26899421351982,-66.80648918002433,3.0,-8.0,left
-66.78713155931163,431.01982162535774,-23.68045533310123,-64.70301487943253,406.13084082535465,-23.73104359542124,-0.08344431329868762,0.9965103833250613,0.0020254637617084705,-120.92177333112461,-51.11801685345602,2.0,-6.0,left
148.27806669279624,253.4568037377141,20.40291499226197,121.23803992449801,251.3232673086768,15.361703352810242,0.9801172393420863,0.07733408893350029,0.18272831152635657,208.32776293146082,50.19617482490969,-6.0,7.0,left
117.21095251455188,318.61897133981915,16.339691161465403,93.21182811976053,306.564061525829,11.276089015989111,0.8781297191613402,0.4410900329251986,0.1852775733316713,130.8699391753859,26.40715312248432,-4.0,4.0,left
-25.73230938340297,423.15214782178606,-12.459326876326344,-30.14991130992589,397.8922501810797,-14.28031430484325,0.1718386275729112,0.9825752105798475,0.07083390168433873,-73.20047048412344,-35.74291569506183,1.0,-4.0,left
70.14495298596381,369.6171764245954,7.973076108125709,52.07188820498175,350.19901713109766,3.916101856907323,0.6734687084009093,0.7235918654303872,0.15117774666856068,53.73020768780317,2.8333933632331565,-2.0,1.0,left
12.727349249054296,407.3738899214734,-1.726373469073791,2.5473084732454465,383.6567600684466,-4.772586551471271,0.3917095873187965,0.9125923315741615,0.11721277897300254,-25.187316115983545,-19.244377749371246,0.0,-2.0,left
-136.56899542860663,423.71119500471514,-37.52762792420326,-123.38002213784084,403.13636996889227,-34.69097270068151,-0.5360666829006074,0.8362651106387626,-0.11529603727916041,-200.06919313818796,-70.70244362600522,4.0,-9.0,left
137.72450164474412,280.6012513607458,22.80408560297333,111.93692950591183,273.97612046435466,17.334305545193867,0.9487333181965562,0.2437407595015373,0.20123501957006817,176.4063565856183,44.41217945742233,-5.0,6.0,left
99.18298850393754,340.1116330312076,16.635027286107892,77.70647309768532,324.8391030423844,11.723974595469288,0.8011565610574236,0.5697240624486928,0.18320113902921223,99.93022531052075,20.707777550761687,-3.0,3.0,left
-94.91531682584626,432.0067194289637,-25.703781621428142,-88.51772399858686,408.4395820549842,-24.799676657131037,-0.2618017172659518,0.9644122722629561,-0.0369977018907985,-152.22454031222486,-54.89376146321965,3.0,-7.0,left
-174.10394567349357,398.25104776547346,-47.57097999752395,-152.94700629150543,384.99770221615245,-41.507689424149405,-0.8235135678480285,0.5158737604804967,-0.2360077685541761,-249.76740342045278,-82.44041285809239,5.0,-11.0,left
48.020232022053385,385.7836466554007,7.803595012720085,32.920354677364145,364.7259809176777,3.779653059885557,0.5758349279148852,0.8030356244186437,0.1534533209409881,22.481604558679315,-2.3180602801568773,-1.0,0.0,left
-53.457207789314374,429.01438475300927,-13.838858599511667,-53.68172704974532,403.8374443309044,-15.17137985476458,0.008904837755073194,0.998562747791267,0.05285019004800807,-104.97580169405364,-39.49071734126922,2.0,-5.0,left
149.4173721161075,237.5019439541182,26.778241673489717,123.06233397209638,238.29545170241673,21.15805335376534,0.9775859088101987,-0.02943353711080228,0.20846932097765605,223.57145534768216,62.475786055303985,-6.0,8.0,left
123.47814309635015,305.4321382876195,24.301854133199008,99.15814005721771,295.25159158113615,18.494299617950226,0.9008435673633418,0.3771002823486799,0.21511913953117762,145.44157455253443,38.569570939813424,-4.0,5.0,left
-13.215146247851411,418.05648203859386,-2.863796488861013,-19.789499509675125,393.3548931454781,-5.442845076804318,0.25589819095609323,0.9614773742377185,0.10038612799755196,-57.20001201579,-23.80306168640751,1.0,-3.0,left
79.4594112662281,359.4050007839217,16.866132297058922,60.126104585824855,341.3003764926478,11.843455653026393,0.717140456809518,0.6715642982981983,0.18630877182324077,68.92439463822797,15.322457471832674,-2.0,2.0,left
-162.82384706472584,410.7502580950958,-39.74992976475353,-144.64028433804583,393.2901858725721,-35.34687545365978,-0.7105540726432745,0.6822824334725442,-0.1720569406470996,-233.17260470638973,-74.33113125701972,5.0,-10.0,left
-122.98961208219438,428.65521295953783,-27.803344357003652,-112.1360839233464,406.7218368397551,-26.307363321500702,-0.44268413037200793,0.8945991931474182,-0.061016754557803816,-183.79302954208052,-58.833005522024315,4.0,-8.0,left
24.369595134717393,399.9143086837604,7.4452681327734975,12.31526654712929,377.2563728901889,3.714383216745861,0.46479546724770776,0.8736534579690582,0.14385690461250802,-9.13666407275472,-7.144064386091005,0.0,-1.0,left
141.56146551647703,265.65793314354795,29.93198856741303,115.38128627951085,261.9032454277557,23.820747041705005,0.964459583740447,0.13832008248191133,0.22513388486276503,190.9610485456346,55.89292011916352,-5.0,7.0,left
-81.2865184602604,431.9685901313294,-15.608669679795767,-77.2616741441328,407.7406207501646,-16.303564523479757,-0.163812433121263,0.9860859954291555,0.028282439311047708,-136.2282545568826,-43.181726201617955,3.0,-6.0,left
106.64446918338462,328.0445197982119,25.16507972427347,84.12019870490772,314.41866318858047,19.374187464578235,0.835642696350625,0.5055145989407142,0.21484011332538896,114.57601381527857,33.166147637226686,-3.0,4.0,left
-40.25335171428564,425.78502923655117,-4.258847228683711,-42.843545156240936,400.6414513287077,-6.591656506970592,0.1020401473457205,0.9905261718901504,0.09190055021765661,-88.97884149711906,-27.920980736841013,2.0,-4.0,left
57.76300659878767,376.48821819871404,16.80421958202183,41.372796560604485,356.21473358189314,11.922277687908057,0.6179546846577612,0.7643645056479238,0.18406224549084527,37.665994581989295,10.05557554692216,-1.0,1.0,left
149.2943711760728,221.83112458656566,31.87699510981138,122.78417456715015,225.41239485180643,25.997768116101305,0.9678985128415619,-0.13075369507608897,0.2146530690743604,238.84740067048693,70.97434122792708,-6.0,9.0,left
-150.28836107604462,419.768843450565,-30.290894228124742,-135.03816796812083,400.060813093554,-28.07177374485368,-0.6095693109478738,0.7877546467671271,-0.08870102393621533,-216.16759183683567,-62.60403156793129,5.0,-9.0,left
128.84054163809634,291.70109192285224,31.977082699993126,104.21419073982936,283.25829756886924,25.565279482934912,0.9185042706789178,0.3148961331149946,0.23914499805309106,159.60385809647616,50.69882265346345,-4.0,6.0,left
-1.050674440306218,411.99143629324135,6.529617152740913,-9.385009746299954,387.79103832548634,3.2469302856890883,0.322974044788993,0.9378192897432528,0.1272114231431226,-41.25047789775818,-11.897181501449964,1.0,-2.0,left
87.83829141015237,348.3648601547982,25.58715952013907,67.5130513307292,331.6679804454156,19.643019431568433,0.7537001527192444,0.6191533648666085,0.2204204858114236,83.77541989836483,27.78269885242804,-2.0,3.0,left
-109.40443292638903,431.3204064176372,-17.739799783077004,-100.98133619643085,408.40023353317645,-17.721446739785257,-0.3449415368151612,0.9386238710420597,-0.00075159138749694,-167.54176748775973,-47.31489664218896,4.0,-7.0,left
-67.87624730093486,430.38830627541057,-5.677910867295962,-66.1689763525649,405.64928149869365,-7.7025569150335995,-0.06861916672138195,0.9943186037920398,0.08137520575403703,-120.08050585483964,-31.30214257872231,3.0,-5.0,left
35.151958363076545,391.6858627423801,16.506620878415582,21.784799493503215,369.9790737682373,11.88621778785215,0.5159512724996552,0.8378478555067809,0.17834027988279866,6.4710178698731555,5.013339391731495,0.0,0.0,left
144.20305702251503,250.21470155964548,36.470292687711975,118.21815312362506,249.40090790053543,30.01994949625982,0.9700963669307355,0.03038141973531218,0.24081114634222103,205.53656277750702,68.05448685725959,-5.0,8.0,left
113.58438515596771,315.0858759306767,33.40568887100939,90.24207241442966,303.4675240987766,26.63560309769165,0.8665032419271665,0.4312914337008631,0.2513161971420948,129.341131685783,45.623556165501654,-3.0,5.0,left
-175.00260581284994,404.12258308557244,-33.23250158491822,-154.63199303686145,389.03441520647067,-29.054285144524844,-0.7928816794189916,0.5872740314144715,-0.16262796336397314,-249.99793686289763,-67.63219730504986,6.0,-10.0,left
67.18757099385876,366.319391148664,25.601592864851987,49.53711914923527,347.39141749656585,19.817265499942884,0.6655739273604464,0.7137474933504037,0.21811891929405605,52.92792447211383,22.463641721553167,-1.0,2.0,left
-137.40055999875696,425.8326655951237,-20.582956509073483,-124.47781811456503,404.8306599081525,-19.667885707991466,-0.5236908172952994,0.8511009212762135,-0.03708301071059203,-199.6454514337487,-51.97391160640114,5.0,-8.0,left
-27.536302990351395,421.42459298916265,5.325844269698167,-32.072109233219635,396.37708675939405,2.4486193906817304,0.1770625073068875,0.9777697761673422,0.11231711053915165,-73.05250567130877,-16.119834400130287,2.0,-3.0,left
133.58006911143852,277.3650681080886,39.32760386571995,108.4424755421402,271.2988228460324,32.12407672232489,0.9364400140591165,0.22598323832493,0.26834991348077547,173.89927087929996,62.97546984735064,-4.0,7.0,left
10.699535953686436,404.94566289325644,15.878944281380733,0.5224798343741963,381.60516443406357,11.59757186285313,0.39415130686996036,0.9039635689174993,0.16581499739963101,-25.33093595724217,0.22733046117807199,1.0,-1.0,left
-95.9291670925975,432.0190045750665,-7.876906836558976,-89.81864509413042,408.34752519004746,-9.033123939409993,-0.24966618995051773,0.9671789202350531,0.04724118805183197,-151.33691294029447,-35.21692470303502,4.0,-6.0,left
95.70099927901859,336.63115869647817,34.123572459736835,74.72933894974034,321.8451528187302,27.396768305734597,0.7905752897694435,0.557392724171382,0.2535824565043219,98.49640254064228,40.266209450598915,-2.0,4.0,left
145.42176298115913,234.5510843244532,42.08147386782286,119.65672590987644,235.88298751522888,35.150783627806874,0.9644716913332559,-0.04985760041973133,0.2594389644929133,220.14658589333848,79.23446622311997,-5.0,9.0,left
45.20354024010897,382.63046189613726,25.52727366583806,30.560816301815233,361.9210366977205,19.961053156636446,0.5639026837103703,0.7975360661513075,0.21435947959476778,21.762266182946977,17.314579762293956,0.0,1.0,left
-163.81691952584802,413.9887441483137,-23.570832261832287,-146.12085375113398,395.9127485916234,-21.448263961421286,-0.697107488474253,0.7120741991251852,-0.08361509704201393,-232.90984644552194,-56.30878865383478,6.0,-9.0,left
-54.606116576843256,427.4748699050002,3.8335480589140065,-55.09779078495875,402.42137182620144,1.3712624286751574,0.019527148989393558,0.9950153610157927,0.09779121532611049,-104.14811085472596,-19.942526368885975,3.0,-4.0,left
119.43920716372861,301.8156161007463,41.134405203673836,95.77142392802145,291.92618348290307,33.686654805772434,0.8860959151903073,0.37024953959355644,0.2788356281284928,143.37180698810454,57.591057268820386,-3.0,6.0,left
-124.18423505450531,429.41404935864534,-10.42561809535265,-113.69016490639153,407.34322368128437,-10.938466634261005,-0.42931041238118417,0.9029132776327174,0.020980536114236604,-183.12242004256626,-39.67346685260742,5.0,-7.0,left
-15.256453557654023,415.80626675159715,14.79427141594808,-21.417670240409805,391.20846799313284,10.980049389306508,0.24026947326442238,0.9592423794640864,0.14874352979983546,-57.216327131412356,-4.237435584463025,2.0,-2.0,left
75.81177152204363,355.5740746366654,34.25275551357614,57.07841691323908,337.98058678246366,27.567978989026535,0.7054610918072081,0.6625359637663975,0.25173546564263194,67.77231593648048,34.85008439282179,-1.0,3.0,left
137.27279702560216,261.86725291763037,45.95017228264542,111.8257262258326,259.7921700354097,38.32510278248229,0.9550108324148622,0.07787641439254922,0.28616354423935936,188.4661001006537,74.04509231726264,-4.0,8.0,left
145.1130340473582,219.14712024127073,46.82081893406969,119.67111442817682,221.98458886301398,38.89266310110732,0.949353012882053,-0.10587877901238803,0.2958353276514057,232.81904097600375,85.85847405836911,-5.0,10.0,left
-185.3965300242,395.4553484857744,-26.032619632359957,-162.3652965061388,383.8290694124393,-22.362938503778892,-0.8838090453851801,0.44615111913688626,-0.14082169644000328,-265.4745411263449,-58.46937022736146,7.0,-10.0,left
21.766012013879713,396.90349844953704,25.047349065185344,9.918904222481835,374.4555053491067,19.61557467539843,0.4564112430234939,0.8648116160291404,0.20925975729417293,-9.621309022845963,12.391975167416415,1.0,0.0,left
-82.58081486746673,430.9593255333069,2.0833468685053314,-78.7408529687601,406.88132362017416,-0.34047595468393527,-0.15671742200130723,0.9826770385507398,0.09892162324998435,-135.29545995360704,-23.638634572491046,4.0,-5.0,left
102.60657179981823,324.2745162427597,42.31703520241548,80.88638713729299,310.8711073273367,34.76500991402534,0.8160347285869364,0.5035706337850866,0.28373215984327804,112.76354053770262,52.51587743176355,-2.0,5.0,left
-151.6670045883791,421.30547983787926,-13.611745368154759,-136.34924779440547,401.30005104196414,-13.243233374506694,-0.6078730235266117,0.7938995671940432,-0.014624106048791639,-215.7402041551871,-44.1471988979348,6.0,-8.0,left
54.622261319801616,372.75437750577714,34.358732107980245,38.765091207346885,353.04586773260485,27.677952173376095,0.6060890169676236,0.7532940133458443,0.2553511953536352,36.841683697923436,29.65308500640284,0.0,2.0,left
-42.052842061562146,423.6756803484468,13.595307588347907,-44.21948830285825,399.15736455614035,10.178645688432933,0.08718946051889173,0.9866579444386865,0.13749217668816746,-88.53712119360513,-8.10862005861394,3.0,-3.0,left
124.53220663992258,287.79793609703233,48.48321325018873,100.70432834047554,279.7346677647565,40.47063652409646,0.9025546586206173,0.3054212509207132,0.3035011494018558,157.43548987713282,69.50301027227681,-3.0,7.0,left
-110.66587299091147,430.85351110138777,-0.4240814652814769,-102.61490589299876,407.9194928927801,-2.1194249346877667,-0.3304293582223947,0.941262437912041,0.06958061655818762,-166.6379513705609,-28.208200833582197,5.0,-6.0,left
83.85642366204318,344.20485537259515,42.73839753740785,64.41551567693224,328.2795461597603,35.278955257947416,0.741604830828448,0.6074966382084713,0.28455247223897906,82.41606936709574,47.229848458500015,-1.0,4.0,left
-3.3463254877080573,409.1744594944519,24.358785256280388,-11.120813374790322,385.5280464322783,19.44841263022866,0.3064273910414129,0.9320110555666211,0.1935397796866207,-41.37163069946105,7.921966183520617,2.0,-1.0,left
-176.32892271706564,406.3231907681944,-16.942589634499313,-155.9551204200659,390.5214629493912,-15.277740274124845,-0.7885469164319411,0.6115895091241277,-0.06443627018213983,-249.81134716584063,-49.596295083737594,7.0,-9.0,left
139.68966532193053,246.21515772522926,51.9487274452423,114.64685064710525,246.39608837668206,44.42111754038024,0.9576478137203805,-0.006918864554508571,0.2878589831668484,202.6946250248761,85.65261169781034,-4.0,9.0,left
31.91495891766557,388.26820823572143,34.04383920143023,19.210545943190006,366.7963125854063,27.627094535525536,0.4931683406600724,0.8335103062193435,0.2490894562134793,5.490797441025942,24.477044193592327,1.0,1.0,left
-69.45775780993444,428.6011928502323,11.64468306748645,-67.63767641235825,404.1855496173891,8.5252207518141,-0.0737432871510852,0.9892358618113051,0.12638962499587103,-119.40364112025216,-12.041107684692047,4.0,-4.0,left
109.20732199797891,310.9508084636506,50.15780224332279,86.87963306226095,299.64713919871645,41.826546676854996,0.8465061807689336,0.4285542460611551,0.31586159010387505,127.32130468874053,64.73006248736611,-2.0,6.0,left
-138.9127116077681,425.8313978410118,-3.6331181073201044,-126.2612115490141,404.7909618857912,-4.453098878543596,-0.5150241299956152,0.8565254849023152,0.03338022221485917,-198.9215153615399,-33.264649559251424,6.0,-7.0,left
63.268282720735904,362.2320583887624,42.849292147513445,46.55218240351422,343.84195950778485,35.27931189740989,0.6434371530519556,0.7078728078778881,0.29138414153736786,51.59936010489045,41.853913468492095,0.0,3.0,left
-29.691345815476637,418.7285441366712,23.17968101013237,-33.714719254282265,394.473491000713,18.677975413954037,0.16096578287399382,0.9703880775826844,0.1801027363177588,-72.86552032518564,3.776314541201735,3.0,-2.0,left
129.11365534054136,272.9435047162426,55.43945875812845,104.58134221657903,267.3482487179708,46.706253672937805,0.9210639847328713,0.21007349609992018,0.3278875756480592,171.69385694137222,81.52862838797981,-3.0,8.0,left
-165.55374094606498,415.0306341107305,-7.218219358335743,-147.75954673820434,396.87706869787155,-7.403467830639791,-0.6999842407755406,0.7141211090792594,0.007287265145352588,-232.37252756108882,-38.212900958434695,7.0,-8.0,left
7.744046750186888,401.41200918394554,33.42998304275238,-1.7057717166640765,378.6316806892579,27.356664846817736,0.3720494309712495,0.8968858273328293,0.23911301437495192,-25.88111933815474,19.855575009039782,2.0,0.0,left
140.55359255449014,230.61144740273653,57.37968715097049,115.81966242181757,231.83258019915172,49.156238870069785,0.9478872975591995,-0.046797911215326636,0.3151501652098567,216.4633357470467,96.55284543571656,-4.0,10.0,left
91.33235696048399,332.27079318845495,51.092822790154315,71.1805635314903,317.808518681069,42.79476109118819,0.7704611353937036,0.5529344312007667,0.31725881176183246,96.8136333860413,59.61996502760685,-1.0,5.0,left
-97.32584226617806,430.6241807246057,9.408143585303083,-91.41562127689572,406.99817108212386,7.040465751942648,-0.2415405464963063,0.9655542983791221,0.09676291272934504,-150.26388195499234,-16.033698367599435,5.0,-5.0,left
41.66740172860999,378.5913096358016,42.863894800761514,27.709343319606784,358.2007878949699,35.51379971350192,0.5414231020094598,0.7909337537512744,0.28510493118740093,20.719986835288317,36.742656084772406,1.0,2.0,left
-56.84171471871065,425.1440820443169,21.29113914402376,-56.85323961915223,400.71705574967905,17.233486714632555,0.00046543157053157227,0.9864822060165176,0.1638677533446958,-103.89599710234508,-0.41424501177529294,4.0,-3.0,left
114.81202181674604,297.1517335805448,57.49594436075008,91.80393572467796,287.62339688606556,48.526451893149215,0.8692433793632074,0.3599796851801132,0.3388666016161193,141.50392548845934,76.53695679001504,-2.0,7.0,left
-188.36968875722263,396.59209213960617,-10.954066073622116,-165.5866972635419,384.6493893211814,-9.393493742821484,-0.8840661757267239,0.46342200546640466,-0.06055610444390172,-267.4106335367337,-43.01512128211581,8.0,-9.0,left
-125.72147150791024,428.3267987933857,6.45527617018871,-115.36736726924664,406.1812706043144,4.588237977996549,-0.42231136186675466,0.9032464762970556,0.07615061848205645,-182.11265805173733,-20.959729286041018,6.0,-6.0,left
71.49004703524358,351.05985109644575,51.26049889090635,53.900290871348986,334.1047036447013,42.93350550562609,0.6814790299463612,0.6568924168334799,0.32261228192683006,66.25526608714713,54.205414247777256,0.0,4.0,left
140.13625410967305,215.80541610510534,62.14460028588336,115.71264041141097,219.4596638765774,52.98353980454411,0.9272470210090271,-0.13873419396440304,0.3478013591907489,227.73691821556972,102.8289912484181,-4.0,11.0,left
-17.74050362045302,412.4086337089053,32.50595709326946,-23.41978297240596,388.92575122749173,26.971141185717393,0.22913471666530316,0.9474342236771692,0.2233062323894054,-57.246313739051125,15.622974719417424,3.0,-1.0,left
132.3715582134662,257.26657240748665,61.694549277305946,107.75972151990408,254.2042397168998,52.70377267057464,0.9329397904994087,0.11608121955168467,0.34080565982728794,185.79696104476508,92.3736099155816,-3.0,9.0,left
18.45834351558586,392.95510293255086,42.58895083928237,7.22149408236079,371.16426912610166,35.25231495489426,0.4390823458583863,0.8514815903517768,0.2866806495867928,-10.420827666818036,32.03510763269908,2.0,1.0,left
-84.30049758805805,428.7361947287336,19.356862296695507,-80.39921234319306,404.8703668633119,15.632829785209337,-0.1594466287868177,0.9754031191020148,0.1522022595580611,-134.40662465031326,-4.299748880093041,5.0,-4.0,left
98.01090420593937,319.46050603004574,58.92487500620031,77.39415155646088,306.6829728876439,49.83115396010419,0.7958940256560629,0.4932669302271124,0.35105617138758205,111.03506757605001,71.7203556567949,-1.0,6.0,left
-153.44885494502887,420.7586523976396,2.71743593264532,-138.1903670189904,401.0670095735864,1.6432967430149872,-0.6119394924114655,0.7897305403332666,0.043078199731702016,-214.94583118653222,-26.124370786777135,7.0,-7.0,left
50.4649181592755,368.2681670677422,51.4386837016832,35.52005935088221,349.12266981021605,43.099062956021626,0.581971197217596,0.7455492288780321,0.3247550968475932,35.45811231963441,48.93255671028717,1.0,3.0,left
119.7123714411384,282.7391321481996,64.4966077576854,96.34224064554007,275.0321429648687,54.865663345578504,0.8843724667053676,0.2916478771363007,0.3644541890215461,155.45507889313313,88.27894210783977,-2.0,8.0,left
-44.44483707724952,420.5921730075665,31.058616777475073,-46.18740009205828,396.30540865358637,25.89896721930662,0.07001094385141672,0.9757691865769865,0.20729920952073078,-88.34244101471307,11.574477879470102,4.0,-2.0,left
-178.31940504735255,406.60176363109133,-1.3536849242700164,-158.33060015050893,390.4821865833012,-1.603340516260643,-0.7783843763042012,0.627712711759618,0.009721842464587054,-249.1837778741876,-32.390903516369654,8.0,-8.0,left
134.49959515953356,241.1987950330303,67.35882544229858,110.16668284850573,240.36108753647494,57.965390898758685,0.9324193809767682,0.03210033782202704,0.35994953297734944,199.6615058142877,103.79388565653488,-3.0,10.0,left
-112.40849238864357,429.01959782621554,16.55981059918377,-104.04324283337704,406.2255460364271,13.602316730990513,-0.3419967292712399,0.931889850678642,0.12091130373092795,-165.49966476519774,-9.248569437524793,6.0,-5.0,left
-6.402359279415625,405.0846672957871,41.673015432598646,-13.661294972175149,382.1524795022645,34.89185224970649,0.290459325121225,0.9176094226463108,0.27134171798827167,-41.81693717463259,27.476269230836163,3.0,0.0,left
79.44509795179201,339.1611234855844,59.79146524952104,60.76247425497703,323.807204616733,50.33803916652571,0.7195474364516222,0.5913448314784447,0.3640917150658999,80.97189633562868,66.78973906982314,0.0,5.0,left
-71.79207700557745,425.7514930485712,29.045282096526975,-69.59880834217881,401.6207872794481,24.137796348147223,-0.08871673687868778,0.976076260123552,0.19850560450732352,-118.92092331352102,7.603922460935571,5.0,-3.0,left
104.21805824190163,305.77951507694144,66.160479744301,82.62889532121608,294.95165112918176,56.28163479781104,0.827343369270512,0.41494714146414596,0.37857868285846635,125.64819640800022,83.57741045354857,-1.0,7.0,left
28.432238944310917,383.6353676762324,51.32814924001265,16.06141761236353,362.7497930946091,43.14960037931486,0.4829504315527452,0.815361970459741,0.3192862943989698,4.757614730994678,44.031714189956524,2.0,2.0,left
-140.91368804261745,424.30576681921184,12.818517913376986,-128.06117075359677,403.6541241639535,10.552381819222955,-0.526100954072389,0.8453479314417885,0.09276131160786448,-198.01171846751518,-14.944571308455487,7.0,-6.0,left
58.98815507877188,356.93193637402794,59.77891600073765,42.95865188270419,339.49108396104697,50.37445140273758,0.6289358163010046,0.6843117104237177,0.36899488065656816,50.48737543132263,61.30987593385292,1.0,4.0,left
123.88561399416139,267.5169794564832,70.97743423180123,100.14680546824113,261.98496288171475,60.79876868109528,0.8986948893812741,0.2094290039151913,0.3853400940975006,169.4865926206418,100.06475872314962,-2.0,9.0,left
-32.368889776672646,414.8146851839324,40.54640176295434,-36.101969483329775,391.2980418455119,34.19554978969699,0.15148338728217342,0.9542739695747654,0.257709088643646,-72.82379601504502,23.53016610572532,4.0,-1.0,left
135.1940461092937,225.01694885021138,72.66942491942594,111.04707662850679,226.07361328390357,62.56052596016648,0.9216786510424876,-0.04033239246129425,0.38585199536979026,212.89230922295647,114.65867930127018,-3.0,11.0,left
-167.29918583471607,413.9979775265017,8.580288439811932,-149.91413257212923,395.8113348916835,7.142157420867232,-0.6898709706909805,0.7216795150747294,0.05706769067859412,-231.1527128930234,-20.742004264828992,8.0,-7.0,left
-99.26781488145,427.9028330905451,26.558571783822963,-92.98561437361283,404.80758057629214,22.487528527473373,-0.25875909848271644,0.9512760238014494,0.16768319979328933,-149.16150767577864,3.391381603003474,6.0,-4.0,left
4.309104090722945,396.7777672264451,50.637215795176374,-4.7009285563203544,374.47587845806464,42.70180024300272,0.3557290378909187,0.8805106202727999,0.31330161057359823,-26.552269789376165,39.379164842862444,3.0,1.0,left
86.53743324518094,326.8970838352783,67.69097285329909,67.57544653797362,313.16137777905647,57.59906908530334,0.7437085014489446,0.5387284320547036,0.39581478164470557,95.19385881701399,78.94512567467766,0.0,6.0,left
-190.3372005912186,395.6441479513917,3.160943570339043,-167.60179270701926,383.59528955626075,3.9624796413714733,-0.8831591033961075,0.46803906186287636,-0.031135745680841966,-267.28137222187667,-28.118944043645428,9.0,-8.0,left
109.58891899030638,291.57687106052015,73.12070389858997,87.41911009402507,282.5395840307435,62.61742419958823,0.8479988702577627,0.34567772899166377,0.4017521919302046,139.7674584565147,95.25247609758938,-1.0,8.0,left
37.43432691557422,373.50044035290296,59.88575680300283,24.276621622523457,353.81922627237384,50.701472798404595,0.5181538468214872,0.7750513147098225,0.3616794859964697,19.5267980805704,56.087021951669044,2.0,3.0,left
-59.46651718412197,421.67759215248805,38.55972550215546,-58.99597652867472,397.7705275854993,32.86197379309813,-0.019142327681203948,0.9725766701328123,0.23179342528276367,-103.709640398413,19.237254455311536,5.0,-2.0,left
-127.8494096730905,425.82128743873,23.21816114027257,-117.02117122598267,404.20731050634197,19.661963397771018,-0.44314755102571524,0.884555783685419,0.14553801417013124,-180.92549139340107,-2.0476648174292507,7.0,-5.0,left
126.85742619354332,251.7959465454689,76.88973145676358,103.46534408230963,248.5728431385014,66.47758518065265,0.9064311049772219,0.12489359300044382,0.40346529263024833,183.08412129431167,110.71801189119235,-2.0,10.0,left
66.76937668133425,345.39778029269564,67.80205456700716,50.21787914641834,329.3558840515669,57.66845901426068,0.6573520993880276,0.637112995366463,0.40246148705848356,64.94277428288623,73.48314129549718,1.0,5.0,left
-20.921997353736266,407.959697918747,49.56423614442646,-26.20383840301264,385.02835784737084,42.29405619071064,0.21445403654712608,0.9310614226861712,0.29518484614601553,-57.632958326467204,35.13869351484435,4.0,0.0,left
-155.24032312338846,418.7305791694809,18.768049548771195,-139.97885359705208,399.21234461279994,16.01197988897335,-0.6121901265397858,0.7829436387149897,0.11055545017289956,-213.4203231206242,-8.112946622866176,8.0,-6.0,left
93.10449163985945,313.40496565291556,74.76492991676108,72.93285784753517,301.50423827864415,64.01892348766725,0.7828119300842794,0.46183821604004965,0.4170263113074159,109.99762832857319,90.69432509563279,0.0,7.0,left
14.668647944613328,387.83440025110076,59.46324540873855,3.909418082819852,366.56320235595695,50.394002407647974,0.4218572610447444,0.8340196648322474,0.35559478339386813,-11.295593089022168,51.31529179144183,3.0,2.0,left
-86.71245743720098,425.409771758357,36.408407326470396,-82.39195224900777,401.83477084356275,31.058696966015688,-0.1759348230340383,0.9599950545843758,0.2178449751945699,-133.720127337019,15.179162106555452,6.0,-3.0,left
-180.4699015634477,405.071091599934,13.682519312904262,-160.31019777998995,388.80657942076107,12.210418189074062,-0.7770330326536032,0.6268972678846844,0.056740476591782676,-248.10179100311956,-15.863569178524529,9.0,-7.0,left
114.20586551401865,276.8141107071789,79.64711409303555,91.92209084466256,269.7512302907387,68.6281120028917,0.8622694865390873,0.273297785520411,0.4263797052079967,153.63899106910233,106.78626471489093,-1.0,9.0,left
45.93397599758919,362.55023383250045,68.145481925788,31.892847375225706,344.3274700536773,57.970904623832425,0.5581974526273372,0.7244360901991796,0.40448480205970355,34.30397430779013,68.25780481063708,2.0,4.0,left
128.6597668889282,235.14404128078007,81.76001374994277,105.32042275980018,234.73645774704244,70.85584199027528,0.9058840592572001,0.015819785851130436,0.4232302039780738,196.84255937931115,121.64460444644439,-2.0,11.0,left
-47.370178998510184,416.35320421062454,48.069794066910795,-48.73764575816486,392.7348526652759,41.21603274615802,0.05551883259310361,0.9588995829795609,0.2782611165598295,-88.41633511783678,31.132368307186454,5.0,-1.0,left
-114.54429550681316,425.7403639159776,33.30939302991386,-105.84853991798371,403.6339308807939,28.747850822159105,-0.35948892540373895,0.9138961847704901,0.18857750654308558,-164.2979462939245,9.92327335600661,7.0,-4.0,left
74.33264515151168,333.22000997159455,75.7549533894196,56.77766966929502,318.6519633174887,64.78076146606483,0.6934674595240412,0.5754759562999316,0.433509292059526,79.53072697181754,85.73579250169783,1.0,6.0,left
-10.04802305894372,399.99651879062435,58.59378303238904,-16.85307864556207,377.5709608874541,50.05534218358367,0.27283168454893686,0.8990966586229017,0.342327431502827,-42.47945158423926,46.962664818210996,4.0,1.0,left
98.87582551730071,299.6290242724226,81.6816550120516,78.38875867576502,289.40814474174977,70.29981380909305,0.8012715346262846,0.39974974895716786,0.4451562265163994,124.21435931589731,102.42517632575537,0.0,8.0,left
24.208980472937668,377.9427022792961,68.12501971794686,12.40238660308656,357.83046080736483,57.855641074477134,0.4633215587795592,0.7892568485074525,0.40299722114943126,3.7767678606104518,63.30792411864591,3.0,3.0,left
128.57016912442117,218.07199925234002,85.80270804940916,105.52459347788913,220.60063390460942,74.0492418834089,0.8866066889133346,-0.0972813363790921,0.45217797465868614,209.85345857345862,130.5217250044176,-2.0,12.0,left
-142.88861531383037,421.34412118032697,29.32329940890455,-129.92372322006912,401.13055597686724,25.322335893026406,-0.532546058937845,0.8302926401806014,0.1643436240676703,-196.24882743763052,3.8919105484167176,8.0,-5.0,left
-74.52408701285592,421.66478584738786,46.10005917245195,-71.86925531896983,398.2190942334061,39.706731062783,-0.10859835783624512,0.9590678058715001,0.2615250282785519,-118.51067814273554,27.332481564382206,6.0,-2.0,left
118.13299023130071,261.49970872341225,85.62545479218221,95.89359510590008,256.4582030412072,74.17388824680701,0.8715329919630846,0.19757005558989651,0.44877201010544215,167.36925516801645,118.27037912916454,-1.0,10.0,left
54.00264062947522,350.86008297580025,75.88739430389313,39.15806515867584,334.39302835746406,64.88767906529984,0.5998021028401552,0.6653591412627888,0.4444487040892032,49.17944494622069,80.31132934455498,2.0,5.0,left
-169.42556026113124,411.4424116748298,24.179119003667005,-151.89939190353454,393.4069392940496,21.249518385606095,-0.6922272350279015,0.712343104541622,0.1157097943029471,-229.64058003834998,-3.217908976020894,9.0,-6.0,left
-192.6385303183237,393.6372858902576,17.57862887016175,-170.0624510350998,382.1716230806665,16.447898511346025,-0.8907159336764904,0.4523659058131358,0.04461180059893368,-265.572904271953,-12.512834014938619,10.0,-7.0,left
-35.66989566568762,409.7815207380627,57.42275710458155,-39.06368787543589,386.8235513192757,49.2909143681638,0.13801000681871714,0.933595612285794,0.33068485108727175,-73.10541663641249,43.13834917275347,5.0,0.0,left
81.14820926719806,320.4417646820733,83.16450622832042,62.744215794742615,307.2983144512127,71.40766370900968,0.7220414328265585,0.5156552381513633,0.46125464187239507,94.0776386494802,97.77688653689333,1.0,7.0,left
-101.81250019636016,423.8312996468977,43.38853138105639,-95.30126265725346,401.4759510138954,37.56633920865009,-0.27128843604463576,0.9314277864161338,0.24257960169889925,-148.24755398109394,22.972301380090414,7.0,-3.0,left
0.3707243046349501,391.20631259290343,67.48877232931821,-8.070411747503925,369.7388265959711,57.6411073890074,0.33654813537897943,0.8559087709184889,0.39262644897884,-27.35735869394222,58.853627198400325,4.0,2.0,left
103.8707245366328,285.307059160551,88.24717119903664,82.84729027790104,276.8591499921421,75.92250325225936,0.8151009818198223,0.32753445382667756,0.47784052883030104,138.05926199650844,113.94032249753302,0.0,9.0,left
32.916334269336815,367.2902315296292,76.44486443464365,20.412598616266514,348.47541511668874,65.22421825349613,0.49571043638891393,0.7459131505507981,0.4448423710602388,18.51317056454036,75.3215525008693,3.0,4.0,left
121.06510403221517,245.09980559634516,90.78608461398596,98.78749305976105,242.89476264097905,79.1665115840849,0.8832476416806088,0.08742405065515008,0.4606849670139984,181.16122801742102,128.51992484758318,-1.0,11.0,left
-130.04327972062734,421.9437840736024,39.78243974536471,-119.11535057515903,401.19714571891905,34.585857167287784,-0.4549959283682796,0.8638083074161049,0.21636523104974922,-179.29717773915831,17.2195584188569,8.0,-4.0,left
-62.58419494323695,416.8070809429803,55.4835709117737,-61.61528968307283,393.9988114088688,48.24225647162223,-0.040455684584120105,0.9523368239587354,0.30235395039095936,-103.6207267047373,39.03845459850738,6.0,-1.0,left
61.59523789599798,338.9253133545224,83.47556500887302,45.76342193280097,323.690039433754,71.77223070632621,0.6359605449992484,0.6119975831192109,0.4701203499748798,63.74964620317932,92.31053044863141,2.0,6.0,left
-24.55127331598245,402.3203458392213,66.32292561782677,-29.621937219799506,379.8692062751235,57.14750029891498,0.20464305207129893,0.9060883959232802,0.370303983251761,-58.07704936516204,54.7367860536077,5.0,1.0,left
-157.3181855851562,415.32764129936703,34.78476443546273,-142.20503691036856,396.171151764578,30.61788188037329,-0.6105431886400149,0.7738866635534858,0.16833433036471548,-211.4523162883015,10.270756885320239,9.0,-5.0,left
-182.82708090726854,401.74110355080074,28.561283485212144,-162.47435325448902,386.5032381343471,25.497141024703787,-0.7947525625899202,0.5950225834458596,0.11965153340500906,-246.2847139139265,1.0628167656756347,10.0,-6.0,left
87.38294904506837,306.8928282837004,90.05808712380477,68.41141085751983,295.5243526758826,77.77470634822683,0.7498907350552517,0.44936338032935136,0.4855269692790227,108.52475708400209,109.52084392260836,1.0,8.0,left
108.33508711515114,270.318443728881,94.09024960613762,87.31879842309988,263.6840455250938,81.43851397630982,0.8270245905029059,0.2610741857479121,0.49786604246480326,151.91680621922464,125.07899860285255,0.0,10.0,left
122.58051375563088,228.0597401803944,95.32157151713409,99.85555086770698,228.4628383470226,83.05806995312133,0.8799273374065241,-0.015608258557952392,0.47485183283783705,195.0403769359968,139.21210312515683,-1.0,12.0,left
-89.5383133266017,420.61841357674587,53.09066561379883,-84.89475144747703,397.9532551423963,46.210983847674456,-0.19238234592489215,0.9390154506095397,0.28502458927783386,-133.16505261815766,34.85009460100322,7.0,-2.0,left
10.23890681625764,381.75803856716016,75.98127903067976,0.3700655666586439,361.429169279667,65.30196891587681,0.394846965355742,0.8133469922425158,0.4272733833968767,-12.306009399172819,70.51163518519763,4.0,3.0,left
40.95093823796047,356.00301887402117,84.03304895766112,27.666035276132707,338.8188868958854,72.1966952136726,0.5370620166060365,0.6946941652731609,0.47850225397011836,33.12396761111037,87.0810726207389,3.0,5.0,left
-50.75500235563864,410.82303849308073,64.83185803409903,-51.73609465729325,388.03506881280197,56.122469520789195,0.040183480987582086,0.9333473974352365,0.3567182691657257,-88.51509582337411,50.919816059856544,6.0,0.0,left
68.81441441826813,326.4158230689227,90.8627237561189,52.05216842571053,312.6106065270689,78.3322789716477,0.6685836485968246,0.5506387419275385,0.49979283780123895,78.53704566663177,104.3355399981786,2.0,7.0,left
-117.29781106117488,420.87728421590884,49.97646195711657,-108.3962576114188,399.84785288780347,43.529173961259175,-0.37514170401652214,0.8862516803895684,0.27171061980394967,-163.14699939454633,29.68929914836223,8.0,-3.0,left
92.87535683186306,292.8540990206586,96.42558165172764,73.41790854879042,283.3884096632339,83.344513282961,0.7695405729227021,0.3743672811176368,0.5173552410620653,122.74130748746948,121.01536143157524,1.0,9.0,left
112.01862704016986,254.50181587350346,99.4155582228867,90.68401182137589,250.38703992899065,86.28600182686353,0.8403868933894357,0.16208418748309553,0.5171833191308454,165.57449151234857,136.3097181137466,0.0,11.0,left
-13.953889127738702,393.7331711374907,75.18580908959063,-20.38872436824228,372.3974594795657,64.89881984913288,0.2621681122521975,0.8692597463424171,0.41911260337388556,-42.999901448954155,66.52181615354445,5.0,2.0,left
-194.4824119977551,390.00221644825444,32.03778908485161,-170.86981469127534,378.02429057253016,29.06980573623248,-0.8862683577926201,0.4495759851342888,0.11139942354476505,-262.36269047714495,3.941060141091839,11.0,-6.0,left
-145.01368416359395,417.04578140243086,45.463622946296454,-131.80980127811654,397.343246156993,39.74622070722052,-0.541205874645603,0.8075751589686614,0.23434710125330968,-194.31338307631245,22.85959228690784,9.0,-4.0,left
19.448186160757906,371.4135510591814,84.3818233764191,8.532671263425213,352.32036423236593,72.44596914154715,0.4362149771762099,0.7630179734274937,0.4769906350377954,2.667042850961007,82.38992660937879,4.0,4.0,left
-77.68722414793032,416.2937652319869,62.61802729112457,-74.69692657644703,393.6456427267434,54.52506914260107,-0.12338335255774063,0.9344893667051459,0.3339253985946973,-118.31487982010137,47.02574456951944,7.0,-1.0,left
-171.58766126591524,407.1635014357231,39.54358176776849,-154.0476185044587,389.8347886776447,34.99928063360398,-0.6995964299065106,0.6911673902567117,0.1812525142109514,-227.2964926728983,14.745538156118457,10.0,-5.0,left
48.7547103243905,344.09461087841277,91.3902583945647,34.50820225098673,328.4622893203902,78.98989209631583,0.5810780938321676,0.6376018296065866,0.5057787616643346,47.951565457036025,98.92813340917627,3.0,6.0,left
-39.45121943677204,403.7017009880428,73.77474020585034,-42.327779253202586,381.5870806069377,63.97121200358224,0.11808233422029711,0.9078017359767615,0.40243331187000947,-73.52792950517944,62.6218108273479,6.0,1.0,left
114.68953190040463,237.75443381081604,103.67619509286726,92.5759660178881,236.37413397518839,90.2387468127175,0.8533795389438706,0.053266833743151144,0.5185614784525806,179.81018125633113,146.06410901077697,0.0,12.0,left
75.2891688663192,313.492197815387,98.02297819259024,58.14473011536741,301.29537532981954,84.99232474513639,0.6927443548565597,0.4928291935829824,0.5265212671551986,92.79837659436654,116.3390911563738,2.0,8.0,left
97.73493877087209,278.13811806014274,102.4454066547684,78.04717725311582,270.5609885331395,88.70627411823148,0.7820337497257366,0.3009773869322682,0.5457433708670474,136.69277298736205,132.36336763627315,1.0,10.0,left
-104.87149350572426,418.52825129664836,59.87815423115609,-97.981264651272,397.1760422725215,52.29092459024665,-0.2909165447218754,0.9015246086440819,0.32034503900672484,-147.55251698685987,42.78718676332145,8.0,-2.0,left
-3.930333062234777,384.6576343243321,83.76565400772384,-12.015281162597397,364.15494358151545,72.06268147696909,0.32399819307102107,0.8216298572737408,0.46898779144349345,-28.093753315985946,78.05630659444863,5.0,3.0,left
27.878343766394956,360.3417598790205,91.84743579295773,16.094892296234946,342.70419782177214,79.32800883511649,0.47840584976786965,0.7160816069213093,0.5082863121675402,17.4953442577644,93.87770689842068,4.0,5.0,left
115.28163752684732,220.1532434579141,106.59518985262459,93.35439261058367,222.33671452112475,92.64713660142468,0.8407973934450764,-0.08372491781895448,0.5348363126342252,193.12907274202476,155.2148880177609,0.0,13.0,left
-132.559393672167,416.82699317727304,55.69562453514226,-121.51114873386749,396.7974015219386,49.057950000190104,-0.4638571228759361,0.8409361676455823,0.2786806981167151,-177.88223134385612,36.30961955000288,9.0,-3.0,left
-66.08756672748497,410.7037159068866,72.16095221452997,-64.54778780692837,388.7141846962006,62.80610041907822,-0.06430142061475122,0.9182864349048243,0.390660147412956,-103.56887678643993,59.120769520064755,7.0,0.0,left
56.022870784277856,331.8014723541621,98.66207380026505,40.91723093698322,317.4128690868817,85.44914975704052,0.6117129680766444,0.5826760931733561,0.5350661782724607,62.7185169070121,110.91242776025628,3.0,7.0,left
-184.7582705998487,396.80281338682533,43.262243153296936,-164.16495979676364,382.1499853482423,38.502397738306634,-0.800716898465634,0.56973680109013,0.18507410946742672,-243.22592969012578,18.681088349192777,11.0,-5.0,left
-159.92943160528586,409.9493082073608,50.25823819138374,-144.5161411366001,391.9437146663659,44.240432626209795,-0.6303042740897684,0.7363127678330131,0.2460894755780046,-209.5387617155272,28.910532738056332,10.0,-4.0,left
101.9240860534298,262.9983165524159,107.71500343240652,82.20450449397971,257.24255625372103,93.5493356446805,0.7902660435882795,0.23066320679164082,0.5676918753900961,150.2519553830041,143.25313103763415,1.0,11.0,left
81.27303346719067,299.5828430042239,104.54849500177853,63.387864416224396,289.26072860025397,90.74497474853669,0.720051682378164,0.4155653111859666,0.5557256938843899,107.33165136772143,128.0767003566346,2.0,9.0,left
-28.65603251097808,395.7137037076874,82.55549734026047,-33.14532385471371,374.5704001448634,71.76842075646505,0.185839166767806,0.8752503716019421,0.4465429331046566,-58.6589293697092,74.19595713090197,6.0,2.0,left
5.470128931433949,374.6807746033188,91.96846300376852,-3.5769801926234406,355.360476930777,79.4225155286359,0.36555098665439306,0.7806420570162047,0.5069225335034027,-13.227206189767255,89.58947154868476,5.0,4.0,left
-92.82207366224645,414.7122885406196,69.40305192197424,-87.81967561422437,393.2028333102934,60.9611189359738,-0.21158894681371715,0.9097962487253541,0.35707268642607715,-132.79014025647047,54.69055137109496,8.0,-1.0,left
35.79659690294473,348.6059601867306,99.09707094249251,23.03762436522605,332.61980992970985,85.98661817364432,0.5251751853542255,0.6580098357851403,0.5396425490064396,32.35337661159177,105.54076173698695,4.0,6.0,left
105.62787730833722,246.98042554125018,112.26401661431858,84.93744051324393,243.6092648975312,97.735034215497,0.8112024287933789,0.1321718690195084,0.5696325276523568,164.43257742228087,153.96319588240294,1.0,12.0,left
62.98926151252706,318.9212253549063,105.49962965783288,47.24634679278858,306.24525368094044,91.86492529556428,0.6457087747916521,0.5199155483341247,0.5592387690043403,77.52949182447159,122.76334774978741,3.0,8.0,left
-195.1471870035181,384.66238721373867,46.35519125940571,-172.51768630447856,373.65142419629154,41.4723711080401,-0.8827416438632364,0.4295205503562487,0.19047122357798874,-256.1575746798181,21.10226124761145,12.0,-5.0,left
-54.56823812940491,404.1289874957937,81.06405699470454,-55.07423905408713,382.8122927783487,70.67598521034938,0.02133355349737788,0.8987352096786899,0.4379724904363008,-88.72631263602679,70.67018773143553,7.0,1.0,left
86.47886010214057,285.42387417991154,110.44396036578189,68.26808292316414,276.7674501200248,95.98320866367348,0.7339241205469541,0.34886805504206075,0.5827919572630954,121.37249215350136,139.41699744017768,2.0,10.0,left
-120.15796824145724,415.2480238902652,65.73245733904065,-111.15849875166325,395.09310248617794,58.00359913963632,-0.38480832809343496,0.8618043115938089,0.33047825820809534,-162.28606727197737,48.89942048201427,9.0,-2.0,left
-18.312384901894198,386.84395137011813,91.00322702643447,-24.272073109536237,366.58167101206993,79.02683904661232,0.24545806350463253,0.8345302515149956,0.49326422773892076,-43.682127390744924,85.53581428191558,6.0,3.0,left
-147.98686180422203,410.89926728701255,60.88593965990702,-134.3039141505588,392.2520753121282,53.587975033661266,-0.5641787764495135,0.7688657604264743,0.300911532925791,-192.87503168369798,41.9176310307722,10.0,-3.0,left
-174.067599410855,400.98303358319197,54.470523712176444,-156.28054561627766,384.8761318599793,47.94449177062913,-0.7152684133359094,0.647704682988705,0.2624304489163397,-224.80215535009023,33.282319725384525,11.0,-4.0,left
14.42696491722753,363.89615233080985,99.53495953110814,4.224389588406886,345.82771340159854,86.13305458797731,0.4130319450787756,0.7314665400595358,0.5425507470437902,1.8803813951379453,100.91860608188976,5.0,5.0,left
108.57550427687512,229.68413054982418,115.42118679772258,86.43176350478284,229.33595549702972,100.74555434964756,0.8334847340332715,0.013105219857032797,0.5523870484958764,179.67293491112179,162.8174205412887,1.0,13.0,left
-81.29398747866992,409.65706086364474,78.82741423516393,-77.91363580352946,388.10596731571326,68.84534818129487,-0.14090694814389845,0.898338135447551,0.41609353079012185,-118.19105710295577,67.01893929030518,8.0,0.0,left
43.1714805318494,336.57639551382374,106.28693283105311,29.83764069798326,321.7474948201842,92.46163237183328,0.5494922298635829,0.6111042137972796,0.5697454951105415,47.117000322876045,117.36773879665,4.0,7.0,left
91.33144865038693,270.53959652673404,115.89028760615886,72.62794163026702,263.7642852174523,100.87738091036952,0.7504773727244483,0.27185905965711216,0.6023922017348501,135.28109155882788,150.46318282496136,2.0,11.0,left
69.32623738880584,305.5309796794114,112.11805192494847,52.9540473159074,294.4161763755958,97.74031115247357,0.6693369122009108,0.45440152416819435,0.5877987349416227,92.12554505671577,134.6558893441585,3.0,9.0,left
-43.599043961978154,396.5748701384299,89.88085221939309,-46.05812640291163,375.66143078847995,78.21649898759966,0.10215398168010918,0.8687757127052147,0.48455476990784685,-73.9514728365886,82.30130304445518,7.0,2.0,left
-8.796734610158769,377.0621694571546,99.23596836870477,-15.947841908753379,358.01998871505435,86.1388107714856,0.29559154099344626,0.7871099277924878,0.5413719631303641,-28.91444284300785,96.97567318299843,6.0,4.0,left
-108.18446192901678,412.08411202981597,75.66785595162192,-101.05017127559289,391.9512727846761,66.82298697707947,-0.30859776613831746,0.870857316990623,0.38258979622872047,-147.1038927432861,62.43748484787755,9.0,-1.0,left
22.57370989448868,352.60855947002915,106.5769948920872,11.389660387888345,335.98003401742073,92.7300499408621,0.4591466292171757,0.6826625191449093,0.5684683437388856,16.6875788584634,112.13007552986721,5.0,6.0,left
-187.50275435391555,389.8068389468097,57.746701349020334,-166.3095914107834,375.5321421335183,51.103429763840666,-0.8027193920015078,0.5406732339914568,0.25162279656253134,-240.32616062555186,37.16164702164846,12.0,-4.0,left
95.64430953359107,255.08475503519762,120.27297546278429,76.65697319260765,250.50994361509032,105.08756240181276,0.7674896092980668,0.18491905164453568,0.6138115704011995,149.65753415355002,160.8094468955448,2.0,12.0,left
-135.80609726107633,410.34858121034586,71.20047140428585,-124.12055619002508,391.28038333577246,62.89436112895138,-0.4898233215999132,0.7992824605260409,0.3481675773420981,-176.83579085133115,55.790932500292826,10.0,-2.0,left
50.32002299061773,323.93368284364453,112.94734010653636,35.99074807773769,310.5995342896994,98.55648694698911,0.5898148122781194,0.5488538934488887,0.5923494668380505,62.04573679813831,129.12106482968326,4.0,8.0,left
-162.88175661565452,403.1627694678086,65.40624893016421,-146.85999316401845,386.2796809158342,57.42353191940534,-0.6511301701041863,0.6861347287965696,0.3244204610060091,-207.42598010842988,48.22912823136318,11.0,-3.0,left
-69.86181883328548,403.61366403863155,87.9459019450361,-68.05903499566091,382.5036610673609,76.96016495165173,-0.07553889174449605,0.8845354589344182,0.4603160845785115,-103.64832353793466,78.74984539543601,8.0,1.0,left
74.93095061306812,291.8762959751798,118.21229197191577,58.16359819781816,282.2740521469758,103.01407640019202,0.682065928219038,0.3906021169873439,0.6182362459187486,106.16716841819417,146.12280529516846,3.0,10.0,left
-33.28124321017344,388.0974298383906,98.11828405403651,-37.06705975759668,367.90474509568696,85.38230109056795,0.15662036884225158,0.835377439107587,0.5268914445061401,-59.34267268265211,93.40998555998782,7.0,3.0,left
99.02890700067101,238.84793395227376,123.8284447047504,79.26133553869604,236.88839833938852,108.20653860760257,0.7822130396766449,0.07753983897607562,0.6181669142969298,164.28664970419814,170.95587100725567,2.0,13.0,left
0.2870165004900303,366.72456833388037,106.91511592502701,-7.927627339194728,348.5057324203165,92.88017555919757,0.33637603931700105,0.7460311104377868,0.5747075277324721,-14.03283821592295,108.13024678973535,6.0,5.0,left
-96.58989323883094,407.57005567732574,85.38797351093012,-91.09072729804566,387.1329953541072,74.84638695494985,-0.232581759785091,0.8643651611883278,0.445845929822339,-132.62472333861078,74.82552274413638,9.0,0.0,left
30.20159911875704,340.52886301155417,113.7305768043616,18.482543496517714,325.56048590895324,99.33218808298324,0.4914169936975894,0.6276712999239454,0.6037698879184087,31.766018584662113,123.90599608375203,5.0,7.0,left
80.12876464765392,277.2957157740509,123.44276363343701,62.81059200785279,269.71255576484185,107.85199985039512,0.7067197786058644,0.30945350149267287,0.6362276989735691,120.41229118853154,157.2424163244165,3.0,11.0,left
101.62645638518816,221.59034763648225,125.34388136879234,81.37583422777277,222.9968782099445,110.33475667800793,0.8021449129375984,-0.05571391020106535,0.5945245990355995,179.45569351019574,178.56737531664993,2.0,14.0,left
56.962921044725014,310.799230831753,119.50716096111948,42.284252900929786,299.2089679063186,104.69524331867999,0.6152588504441512,0.48580782493284674,0.6208440256490819,76.84417893408411,140.99630919681766,4.0,9.0,left
-177.3034668086656,392.97218278265314,68.46963896148233,-158.51704614280317,378.088375465216,60.06656566987927,-0.7396750499195446,0.5860180135603696,0.3308530010582912,-222.94857440068856,51.914073397756084,12.0,-3.0,left
-58.78332046167063,396.581291573033,96.74803289758248,-58.8239202565232,376.37118620944807,84.74537460406941,0.001727238337797971,0.859799142376854,0.5106294658710472,-89.12686358418702,90.27717260365492,8.0,2.0,left
-123.8385174059986,408.0523801483896,81.20593026715613,-114.1040639457098,389.23969258682985,71.94706394946164,-0.4210919757372622,0.8137972826663435,0.40051907656760155,-161.74595715940677,68.73659503571346,10.0,-1.0,left
-151.13087251688836,403.5332058112725,75.75284442905163,-137.09282584860725,385.96415877029654,66.79663022025161,-0.5799301437369906,0.7258004063212539,0.3699929709725527,-191.4084813533641,61.38230060496501,11.0,-2.0,left
-23.34766332293956,378.8428765058792,106.2573342714165,-28.610287733030283,359.7555097556672,92.76992719329309,0.2196705322058157,0.7967378413680812,0.5629863847488177,-44.563756566673284,104.50580290546614,7.0,4.0,left
8.914382723529958,355.78644061576125,113.99099686287252,-0.3618664327845448,338.79598035776934,99.55228697324421,0.38411681508313567,0.7035517665730081,0.5978872670682891,0.9940575198720012,119.07586131306259,6.0,6.0,left
84.96806524408683,262.2949102371822,128.10747433622942,67.32703978106397,256.81879249877977,112.30199612730274,0.7256506572588511,0.22525609094708796,0.6501467658237136,134.98855025025162,167.87983745486986,3.0,12.0,left
62.97067128914041,297.59026658364803,125.65583777450881,47.843219352032555,287.3582859942595,109.76492563115595,0.6248803194723056,0.4226596340291474,0.6564171083225487,91.06706384743339,152.59710616375617,4.0,10.0,left
37.36899196700631,328.20884571974204,120.4521714177439,25.15800024983636,314.7048273545235,105.48304519338194,0.5180750236436462,0.5729341887938207,0.6350942333132951,46.540376422235184,135.58503872465334,5.0,8.0,left
-85.2274420912873,402.1155148449169,94.31117386082047,-81.26956933167983,381.7177870700683,82.81887967977926,-0.16668534280029865,0.8590478908763639,0.48399660915797516,-118.30378008671147,86.70665834907018,9.0,1.0,left
-189.84260503201912,379.45777424771893,69.66342252802806,-167.86261565308905,367.550808920376,61.35629374633862,-0.834406612955188,0.45201343995584203,0.31535607550186423,-238.1618402478528,53.961930504263194,13.0,-3.0,left
-48.264996328717785,388.59822423479926,105.01591657920994,-49.86400929175437,368.8900040473224,91.95212729930114,0.06747230243711963,0.8316123907222881,0.5512425237597279,-74.6280387748929,101.39932638321635,8.0,3.0,left
88.92863290152386,246.9373115040477,131.8837946705777,70.66645284633421,243.45155807064612,115.86889366917427,0.744227603507298,0.1420528061993668,0.6526455963451139,149.51849380704223,177.9216909761426,3.0,13.0,left
-166.4483909694377,394.81845532434653,79.03403017348732,-149.34862482217665,378.8699161925498,69.32001465750378,-0.6753369444030983,0.6298704667774672,0.38364463583611047,-206.33606272344792,66.8809395797125,12.0,-2.0,left
-112.04043997158307,404.09222012944315,91.08725918682327,-104.29607485137238,385.1493599135835,80.34420113905992,-0.33506230338618775,0.8195685867243608,0.46480166146882074,-146.72218718070746,82.64980108317837,10.0,0.0,left
-13.789136646474969,368.73134677735635,114.20411551846695,-20.35714401750757,350.75117967087624,99.62012127410404,0.2729292569403417,0.7471541018175317,0.6060283564679382,-29.428899795779454,115.68190196189852,7.0,5.0,left
68.46627816474503,283.35256924580574,130.93113504641929,53.0370430256855,275.15219546621347,114.71001782795207,0.6471502320814154,0.3439492461413718,0.680364235682441,105.4371036588141,163.90524935254626,4.0,11.0,left
16.79246463570382,344.0334310011569,120.76528662746429,6.704063297712561,328.62475234282795,105.98436760662011,0.42719906023563387,0.652489212291952,0.6259063754080312,16.14619343519838,130.3157059557141,6.0,7.0,left
-139.46235018325518,402.0848077134141,85.86152889243505,-127.36657739510365,384.4107526748723,75.89349081432098,-0.5120357502595283,0.748174439970686,0.42196492488204784,-176.07166717458034,75.56426972248991,11.0,-1.0,left
44.204165759151735,315.4934854086342,126.78395176798983,31.095463944100615,303.3260377836667,111.2203961776059,0.5529035439186987,0.5132029858643522,0.6564452501329088,61.36670982713176,147.22910863231255,5.0,9.0,left
91.48431855012848,230.9992163099625,134.87858701610853,72.9842334266912,230.20404399572755,118.38727907472206,0.7460872219730764,0.03206838773762494,0.6650755413608344,163.00959870456154,188.26658152036396,3.0,14.0,left
-74.18338720148164,395.4119578765771,103.21857442280181,-71.8455692039594,376.07118378337634,90.76570938285028,-0.10111003893281689,0.8364836029267265,0.5385832730987168,-104.0275434730502,98.43260508674729,9.0,2.0,left
92.69872643214198,216.72714037461307,136.12833939938363,74.05864593044319,219.04814575941896,119.78594377041021,0.7486558367315871,-0.09322031781257642,0.6563721585157687,172.7662215560784,195.55638734871457,3.0,15.0,left
-38.19492698863946,379.5939617058318,113.20002515619993,-41.22540227429652,360.8341887545314,99.05467890701594,0.12792354636524975,0.7918944913675194,0.5971086005301846,-59.965483224609535,112.54762065557266,8.0,4.0,left
73.52565328130927,268.76177584526147,135.79923560690176,57.65561439630698,262.5290867305871,119.29761608787163,0.6688376464615482,0.26267466316826954,0.6954554076324471,120.07695466601774,174.94525649240632,4.0,12.0,left
-100.46797054796153,399.33997058457885,100.13915570280356,-94.4837569496936,379.8949714794169,88.0867017956889,-0.25306442512692146,0.8223031212598433,0.5096822279631693,-132.54145770611893,94.31589505149162,10.0,1.0,left
-180.8613023677742,383.94315937979127,80.49035707850037,-161.15616101664025,370.37305561546736,71.13376334748294,-0.767029630162063,0.5282211117461086,0.3642087362477096,-222.32727763388047,68.78957321370639,13.0,-2.0,left
-4.976725954864966,358.16842306506356,121.28488372544544,-12.645861804184609,341.0569607278982,106.23490371023699,0.31896097602254286,0.7116693243502064,0.6259318401820341,-14.516360595696941,126.35746588352521,7.0,6.0,left
50.57519213253808,302.5040201137637,133.13314279127724,36.997650439668156,291.90732544557727,116.59614966811046,0.5686449168970433,0.44380320792081046,0.6925905508497445,75.82473348712405,158.99473100270023,5.0,10.0,left
24.229661285416732,331.82777370999185,127.6693089786589,13.519005082707952,318.0880963603866,112.07792148846254,0.4581270465140277,0.5876874100989647,0.6668906336600516,31.118525253017424,141.9937061737704,6.0,8.0,left
-154.75132649372728,394.52831228338664,89.39177422950557,-140.0065603935383,378.42587994474536,78.85345539938854,-0.608191857327669,0.6641928508724088,0.4346843930144057,-190.63800450350243,80.64227544085605,12.0,-1.0,left
-127.71083754586094,399.4131918713425,95.7743274330879,-117.61281916164558,381.83532177676557,84.74233870825017,-0.4375348354937993,0.7616276983793291,0.47800263261913073,-161.34886398784897,88.63861389931756,11.0,0.0,left
-63.513504725815764,387.9594200274631,111.56076455321481,-62.783396889026676,369.1682550530293,98.04815194169947,-0.0315290433026656,0.811479379254502,0.5835298933843465,-89.73902964581434,109.5155547842671,9.0,3.0,left
77.81775637467368,253.783204095921,139.95135284673137,61.53956118486896,249.42177207505182,123.21139085932066,0.6852971304612678,0.18361229938288992,0.7047370903371556,134.7273520764591,185.511622302884,4.0,13.0,left
-28.360214638223223,370.00561648171174,121.08718942607264,-32.87948038262975,352.1000795802785,105.9879308748387,0.18945420881423336,0.7506262120685656,0.6329829322487057,-44.956435551779634,123.38839166895985,8.0,5.0,left
56.41541789802778,288.79883235359887,138.5623628960348,42.32347117993821,279.8591621724179,121.4479064502774,0.5895204378846297,0.37398085482318977,0.7159636677527922,90.23836234523718,170.49796302959984,5.0,11.0,left
3.247100921730847,346.60842279344376,128.0552327431015,-5.19286296417253,331.2394546155049,112.50343096087195,0.36011158129350773,0.655754397557446,0.6635554378515486,0.8372593465171576,137.35561732838522,7.0,7.0,left
31.229858207488974,319.5925667088265,134.10623492365795,19.656785870391513,307.01581027992097,117.5455977865349,0.48629552077269095,0.528469894517207,0.6958708479778337,45.827979331171726,153.46791748707838,6.0,9.0,left
81.14599188768315,238.22433983356296,143.28950353954923,64.07160079844756,236.07417466718226,125.57409466285992,0.6913254277610936,0.08705808866837256,0.71727961223525,148.57557594920831,196.01541191878562,4.0,14.0,left
-89.44389628791458,393.396824304902,108.8621020588935,-84.93843174263468,374.3960639443684,96.01928848632251,-0.19276913779918772,0.8129594973877424,0.5494878662165591,-118.50467351295505,106.1444840178654,10.0,2.0,left
82.41421397750726,221.64695579977908,145.49721050281764,65.45309234831387,222.4624632602167,127.33426163261271,0.6821453573072871,-0.032798221730188766,0.7304806555655331,161.20061471300534,207.32470379212464,4.0,15.0,left
-169.84954941646464,384.9107866971057,91.1178040710634,-152.19302958933994,370.69616432939006,80.60035481914133,-0.7065859425224668,0.5688466607028366,0.4208916516597463,-205.63288499954194,85.30615026117314,13.0,-1.0,left
-53.09613254552056,379.62900455907095,119.50755726587066,-53.93056345010099,361.2582257614358,105.09543335157325,0.03571390770569384,0.7862751665344371,0.61684348038026,-75.16306653657054,120.33741127745779,9.0,4.0,left
61.853254098434704,274.52198146752716,143.42470620881744,47.29107014832049,267.485211108165,126.03690032529113,0.613227961097234,0.29632535579577396,0.7322176938868913,105.17769646496762,181.72190632712292,5.0,12.0,left
-116.0898730515386,395.23309023160357,105.20428347517273,-107.78237084186915,377.5051578981943,93.22122151465624,-0.36191895693847664,0.77232296987119,0.5220458780776934,-146.6847988185515,102.1281928612863,11.0,1.0,left
-143.16797651533506,392.83664115682507,99.41267342256353,-130.6614746055359,376.61628582653884,87.97737096388497,-0.5331439907435469,0.6914631312926435,0.48747945925650793,-175.59957327705106,94.97095406593837,12.0,0.0,left
10.95574218802097,334.7328459294123,134.5709129952118,1.6437293549122038,320.8524197823958,118.37977519759013,0.40015772023685026,0.5964725116311703,0.695768885337114,15.91170712563823,148.45620196658615,7.0,8.0,left
37.85875444386495,306.73887896634943,140.24390365425364,25.68757399749719,295.6916044965672,123.09229126270674,0.5123367019320122,0.46502672375340803,0.7219842450141137,60.59794064872855,165.1421029096578,6.0,10.0,left
-183.19398766712482,372.16765178586337,90.86547609900025,-162.68051494893086,361.46842379710745,80.20151142892863,-0.8052266059022506,0.4199826698050569,0.41859845939821416,-220.9930901108004,85.98215646556716,14.0,-1.0,left
-19.161227002937686,359.63824035774627,128.19916131692497,-24.99940102077044,342.9823249159296,112.8056359831609,0.24928882308887032,0.711204144527979,0.6573003480062912,-29.859541183160335,133.87782499683297,8.0,6.0,left
-78.6462864825324,386.47787468294194,117.4766586438971,-75.82096085443024,368.3046158542055,103.7177368835528,-0.123008044301762,0.7912210206418604,0.5990311490494535,-104.34320583420586,117.46404104031258,10.0,3.0,left
66.42723221472527,259.95516056920053,147.69831244483726,51.48755182580733,254.5825411345292,129.91122852404717,0.626612715443878,0.22534295014123695,0.7460409235864301,120.01202805716639,192.6032808867239,5.0,13.0,left
-43.189724650063866,370.2873840522834,127.50333301923024,-45.59850150905541,352.83296001125495,111.84991983192823,0.10220191800747161,0.7405732116903794,0.6641581785103535,-60.32601744054952,131.27437072491327,9.0,5.0,left
43.86047344743028,293.54622621093773,145.70183455668388,31.49275407632407,284.12575080495986,128.21296586404947,0.5285319427722631,0.4025820782926178,0.7473832053953138,74.88868379639177,176.5879075235218,6.0,11.0,left
18.162578933294817,322.6478084901148,141.06508411264247,8.035259579926727,309.99230403270946,123.91033803513473,0.42910455510724616,0.5362262628803779,0.7268635881536205,30.76950667293997,159.82853464973482,7.0,9.0,left
-10.752407272964874,348.62910012870435,135.04974724929133,-17.354867391625273,333.17629425619316,118.937391034971,0.28360263736489294,0.6637611468103883,0.6920915286756769,-14.728575955750095,144.5252502313074,8.0,7.0,left
-104.78558933215098,390.12633223436364,114.18824952607292,-98.20216925634324,372.13381288560765,101.04984643324585,-0.28338669687222795,0.7744972321287003,0.5655493059502683,-132.74045850835458,113.79971362063637,11.0,2.0,left
-158.6400270377282,384.5701530543487,101.65355877759796,-143.21495679546382,370.0300248473671,89.93263563247822,-0.636808254457,0.6002743272895259,0.48388632864809883,-190.49276358965162,99.41809470610292,13.0,0.0,left
70.3582718220235,244.76620278459762,150.98549782307532,54.94091784799136,241.67292831046703,132.82331698370226,0.6417616850005962,0.12876042426158318,0.7560176537681992,134.37969297061147,203.16196279772782,5.0,14.0,left
-131.7641473545118,389.6800916103907,109.02200405214836,-121.09928077135872,373.65775454170034,96.85448188141342,-0.46835987466923107,0.7036393491554926,0.5343507220167825,-161.32929563176205,107.96975201259713,12.0,1.0,left
73.4867164860532,228.30814333074204,152.90459885617312,57.22735812018742,228.13274645074023,134.55655025516833,0.6632063650164655,0.0071542999793545335,0.7484023873515184,149.81395380526513,213.79493352373862,5.0,15.0,left
-68.14507659259917,378.49328165914767,125.62661758034787,-66.82383264366842,360.8461858108408,110.93112261255716,-0.05743869825616581,0.7671756713427856,0.6388601452918966,-89.94925461637256,128.46159122278775,10.0,4.0,left
49.61434237572402,279.6442652031525,150.66692059511604,36.337341433743035,271.80954939575554,132.50543357370287,0.5573353864189092,0.32888182964506163,0.7623739300203031,90.04713328622265,188.08202453929684,6.0,12.0,left
-173.6182109844308,373.65663173666803,102.53605815943214,-155.22682119285776,361.39058952455196,90.40711661513359,-0.7293748639056554,0.4864527896212884,0.4810155832946302,-205.38396819131822,104.02551090512858,14.0,0.0,left
24.942269218700915,310.05994160110305,147.0089718291582,14.211092363868072,299.0225394316168,129.17869348239066,0.45555362713239544,0.46855332462105403,0.7569205207900468,45.63700933534786,171.2464083456531,7.0,10.0,left
-33.81502697996871,360.14467541687435,134.76530165908494,-37.58521045408153,343.7817709119588,118.53226799103807,0.16142727932084758,0.7006075895648336,0.6950469329010978,-45.29339172971616,141.72202527284273,9.0,6.0,left
-2.727572064200484,337.00888293102383,141.4898265873176,-10.212845408841194,323.1698900151534,124.86999986853253,0.3270688204266346,0.6046944287114155,0.726202888034814,0.47597500395283987,155.2788102279038,8.0,8.0,left
-93.88507805958275,383.8153904874754,122.70133420220259,-88.99776241383663,366.6124453996666,108.79259453762579,-0.21572134900743883,0.7593212287143871,0.613918212147257,-118.63876429039306,125.42101151499328,11.0,3.0,left
-147.38092738273957,382.5989184164016,111.6303357118546,-133.8013359454016,367.76593292672396,98.90862004697439,-0.5706593222953522,0.6233310837233527,0.5346085464540199,-175.81887850916888,113.8999124336839,13.0,1.0,left
54.727442165015596,265.48439417903376,154.9721105501216,40.921803141353635,259.2341638539639,136.59990697632793,0.579680670583627,0.2624389714904763,0.7714247250346189,105.3071216627718,199.0758276371255,6.0,13.0,left
-120.41884346533271,385.542305527246,118.40876632782992,-111.39721141470375,369.381384231028,105.22225339698909,-0.3969823924575824,0.7111353205813845,0.5802512696240014,-146.97612566412843,121.2985081890001,12.0,2.0,left
-58.093823015225354,369.65784714477684,133.51244304665812,-58.37871834283073,352.7780021931992,117.8342141599708,0.012365532880186911,0.732649003111455,0.6804943290258783,-75.31063785580466,139.27475384375555,10.0,5.0,left
-24.92580117169692,349.45002956400566,141.66241383326962,-29.813874170626928,334.1822495231477,124.74873149443847,0.2097535746771757,0.6551603140247323,0.7257881239295395,-29.913244916146407,152.08163609766788,9.0,7.0,left
4.779060659522318,325.22672768778375,147.6189905366975,-3.855601168087955,312.3686359545928,130.03498574305559,0.3684898171296052,0.5487274390119965,0.7504088567888345,15.485312980206906,166.0679193584974,8.0,9.0,left
31.309887279542203,297.289211717563,152.556681692057,20.10101382409596,287.4820101512595,134.53684449244656,0.4794608418551082,0.41950416675797925,0.7708005936688712,60.0915539954533,182.60278949081987,7.0,11.0,left
59.080005423947384,250.71276100728102,158.76556242961135,44.96557245902166,246.47093383329923,139.60244390931973,0.5838417777839544,0.17546265758348498,0.7926800327419711,119.84756910266998,210.1556537366974,6.0,14.0,left
-162.53477653795872,373.34863563713395,112.50512342995484,-145.91296614453864,360.5953007455074,99.53473748538192,-0.6745678820585589,0.5175723885307716,0.5263810360618839,-190.62421932344517,118.03484748743466,14.0,1.0,left
-83.25460160445962,376.53511061672356,130.98079530564684,-79.92265139130734,359.6748769122663,116.2205902270258,-0.14707579535188023,0.7442284918043864,0.6515310141567937,-104.48155400999278,136.39997731744845,11.0,4.0,left
65.23312936898466,220.7664016863013,160.97730265784128,49.97084297976703,221.76431155975672,141.73316269114076,0.6208748013768688,-0.040595299988039,0.782857907052177,146.5554765233946,229.61829374272403,6.0,16.0,left
62.65606309339512,235.1799567275275,160.76576971442228,47.92252070391639,233.62949472412018,141.6670965641356,0.6095528131111864,0.06414536645809141,0.7901460244728161,135.40969947757586,220.7539829764985,6.0,15.0,left
-176.26434470375284,360.60019181179706,111.21134661732816,-156.67937418479934,350.95791688932684,97.93904150136477,-0.7665960466226605,0.37741848162911923,0.5195053330113928,-206.26571889370408,119.73265703264627,15.0,1.0,left
37.16635491099362,283.9778152981306,157.4565703738239,25.40314038535393,275.5534922781063,138.99490215765505,0.501505088040619,0.3591570015688507,0.7870825210188851,75.07596235530877,193.94735327690205,7.0,12.0,left
-48.438093437071075,360.113408736475,140.7163662433832,-50.2049477408141,344.2131392572295,124.36533138342035,0.07723724014104119,0.6950731192006471,0.7147781248052281,-60.424977684566045,149.43340193952847,10.0,6.0,left
-135.9134726070232,379.2301836486208,121.29008038530458,-124.3938646413568,364.39659857753804,107.50136103105734,-0.49441497939959184,0.6366489796527738,0.5918039412274839,-161.5873212724645,127.07199567360357,13.0,2.0,left
11.786670282898996,312.73935711207355,153.41968887879113,2.5664821783261784,301.4026855768485,135.39524471589903,0.3973582030674367,0.4885713153475288,0.7767911741739882,30.607323195340427,177.27623379750383,8.0,10.0,left
-109.41099919808005,379.96962631342274,127.5648384556448,-102.24299239238282,364.1808152446734,113.18765528753283,-0.3182261760650683,0.7009498047669895,0.6382800890393835,-132.96815470555285,133.22596263263685,12.0,3.0,left
-16.793449390900925,338.33670007699,148.18425421855466,-22.570774762958287,324.53178886670395,131.04170757607594,0.25388522680339554,0.6066584081581841,0.7533311804392319,-14.993833794405827,162.4694530848376,9.0,8.0,left
42.64175740725535,269.91755314793664,161.89822927088755,30.409632970151137,263.37118982852814,143.14085063985277,0.5242943116308177,0.28059075656747046,0.8039802871466821,90.85764688993322,205.37093564415113,7.0,13.0,left
18.539662691677858,300.14133545485447,158.99298888652584,8.5420206340941,290.19208938479085,140.26496704659658,0.4264252898656967,0.42436107583525384,0.7987985662724378,45.46650374651212,188.5144999392072,8.0,11.0,left
-72.92436433483311,368.1546577810085,139.1351905093369,-71.13984626815729,352.0080296257811,123.40422972941715,-0.07891454359583616,0.7140324411817327,0.6956508950250234,-89.84979050023783,147.34995669857346,11.0,5.0,left
-8.896896299279327,326.7969962178093,154.2972952974013,-15.873868048997242,313.9239766263404,136.0891773767864,0.29860642634699297,0.5509505433584092,0.7792866615805454,0.2618527488280762,172.91212159912456,9.0,9.0,left
-39.18768829802328,349.74745259897884,147.78356008141125,-42.29734892110761,334.92009632758777,130.67084529546332,0.13605852399304436,0.6487486750253547,0.7487410999148377,-44.94451288639222,159.63375681823408,10.0,7.0,left
47.23439781098839,255.55815474977192,165.90326759617295,34.45239550530263,250.79550802694217,146.06531416210242,0.5309237605332422,0.19782521139518985,0.8240055498828204,105.48812748132278,216.78688841171876,7.0,14.0,left
-151.2981215835335,371.3187946571332,122.83622644628124,-137.21752834377097,358.53857944740525,108.93584715189775,-0.5977861615754401,0.5425791132689645,0.590135247950134,-175.89247620434517,132.95118688559165,14.0,2.0,left
-98.63246316353364,373.3343663961166,135.83302294670654,-93.03550897170504,357.8845429793372,120.67945915265258,-0.2503901921925133,0.6911766868336471,0.6779229596579973,-118.80428788243958,144.5877059232202,12.0,4.0,left
-125.00696910225915,374.7705763488531,130.8521821957358,-115.3143467672039,360.06747664474483,116.23251395774605,-0.42347962951376594,0.6423920173677388,0.6387468194903911,-147.3458575013685,140.62679575347025,13.0,3.0,left
51.231657488757705,240.270272611416,168.5385632324972,37.87888176701408,237.95757932932264,148.33465268395224,0.5488684077623747,0.09506370104893584,0.8304856192031709,121.42480734929931,228.15590145521492,7.0,15.0,left
24.525506750261997,287.0842541350003,164.24580724252144,14.174464420928558,278.5439006124867,144.95783148966058,0.4405266362876348,0.36346612160192443,0.8208706726206978,60.48421514829467,200.0775999019157,8.0,12.0,left
53.98294939439871,224.5544538898361,169.22434121981743,40.466544586844236,224.90823891455472,149.0126777743064,0.5558355799512561,-0.014548713743955569,0.8311649312793745,135.74577015988888,239.56469835223675,7.0,16.0,left
-166.52804397276884,361.8903541678929,122.59521349861035,-148.96763730655667,350.6262605248752,108.75128504175319,-0.7013498792553136,0.44987971330137067,0.5529164407290073,-191.58655522011318,136.04914764223878,15.0,2.0,left
-63.13816841256087,359.1029380115168,146.53637736188952,-62.85936364943464,343.6623272525892,129.72186430943452,-0.012212103288198948,0.6763239311500807,0.7365030921095844,-75.12946685639851,157.58925154703468,11.0,6.0,left
-30.831135296642756,338.9146845979111,154.31968512287597,-35.05935135644884,325.2959074975523,136.58922249184474,0.1858277004551488,0.5985375382371014,0.7792437879538224,-30.0589192799389,169.72253142632144,10.0,8.0,left
-1.5967203901939087,314.4606222965134,159.9038025474975,-9.235623272336909,303.4544364914783,141.59695999143366,0.3367314434051506,0.48516506750967364,0.8069862404592892,15.652340174205357,183.69856763978706,9.0,10.0,left
-87.98363519754704,365.6939372896775,143.91008427982644,-83.8979348094438,350.30098175366436,127.92863283710207,-0.18108786922781622,0.6822520631350544,0.7083355885217764,-104.2823864938789,155.3117686487975,12.0,5.0,left
30.278182449583824,273.5965190284265,168.63351881785627,19.354299053954875,266.73947782302184,149.2646728912507,0.46943649413128474,0.2946704268984538,0.8323453114478458,76.34018913953918,211.34120675867464,8.0,13.0,left
-140.200926661054,367.9198560282731,132.70985648835767,-128.04654517530284,354.8177825761667,117.6139343046374,-0.5195507801962168,0.5600607889599518,0.6452897794534316,-161.76837096927787,146.17667433062914,14.0,3.0,left
5.386121796433287,302.0773829419637,165.36218566316174,-3.016433954670052,292.34875839118854,146.39826748160237,0.3667597699735698,0.424640812640012,0.8277484227525682,30.69803621684739,194.67446726701934,9.0,11.0,left
-114.01648414420761,369.01227023191507,139.56838538844463,-106.32079817400076,354.56901765469934,124.08971819213663,-0.34163584663516844,0.6411816752249889,0.6871470058506757,-133.3307733594068,151.9883402979583,13.0,4.0,left
-53.71976488571363,349.1774793269567,153.5467113591956,-54.874819138206334,334.85764254678946,136.0674046215971,0.05105075464084541,0.6329040150136922,0.7725453567462225,-59.83568268439281,167.56566267980918,11.0,7.0,left
-22.860581831026636,327.42596399422126,160.4529380884179,-27.94083685212811,314.97813890517045,141.95485644574262,0.22215755747985275,0.5443385039202978,0.8089138475785898,-14.82881444718749,179.98109965495937,10.0,9.0,left
35.231247351103335,259.5610983087855,172.51993478745254,23.93948620990306,254.4918272268548,152.5546954365086,0.4806910642944788,0.21579922574517701,0.8499216404323539,91.37380237158985,222.8456927405333,8.0,14.0,left
-169.6252034492544,348.00088757226797,129.66070186575354,-151.58855081916343,339.0746538727607,114.89473725644962,-0.7226045567410837,0.3576127609753306,0.5915705940668645,-193.14495437213932,152.45800773253654,16.0,3.0,left
-155.47217911197282,359.14830111442126,132.61644404284255,-140.39912793419842,347.9964319255207,117.57721588266435,-0.6270976379532723,0.4639611943622419,0.6256904686819103,-177.1034231153998,151.39724472258692,15.0,3.0,left
39.553375138477065,244.7214651415517,175.52519262398567,27.565374482382413,241.72215562663297,154.65466851330314,0.49425629392463777,0.12365928628999338,0.8604760873087244,107.50329902686323,234.62030071693374,8.0,15.0,left
11.63964806790651,289.40721693261344,170.5624025525487,2.619643255896556,281.0005771446451,150.84922743376364,0.3879289033852097,0.36154953595577227,0.8478166658945285,45.87891316407967,205.956093866495,9.0,12.0,left
-77.99861184594735,357.0766712462908,151.47927760430622,-75.47986282958902,342.46880723560923,134.67547889210277,-0.1124059139112295,0.6519150156476015,0.7499144770511961,-89.6684082582637,165.59362953312882,12.0,6.0,left
42.31508469688066,228.235009990563,176.76677346610333,29.462170886202642,228.22620058408344,155.0799052973326,0.5098445278249678,0.0003494482070866511,0.8602664908811025,123.09267533640747,247.62608078380828,8.0,16.0,left
-15.20143249840724,315.63661973378197,166.10291674617355,-21.172112310474112,304.584664940876,147.04806042991723,0.2616097910562206,0.4842496457926866,0.8349027474940887,0.5883801234229153,190.2434365858971,10.0,10.0,left
-45.04181975388843,338.6456647422024,160.2266853066455,-47.43255084831422,325.52591180163415,142.13311026043436,0.10636286960194445,0.5836936552509073,0.8049774262610565,-44.897053682045076,177.4285691894763,11.0,8.0,left
-129.4197172122541,363.0640956029488,142.0350391860119,-118.9710590792183,350.013195604629,126.21672273823624,-0.4539808207477151,0.5670448987129535,0.6872856009235515,-147.46609933299567,159.60076622579345,14.0,4.0,left
-103.37917831372359,361.9476615649331,147.78680681811522,-97.07691723994992,347.91954737088054,131.6627303726096,-0.2828395391350193,0.6295685480391369,0.7236333591134276,-118.91681361158064,163.3154135011554,13.0,5.0,left
17.31702461049163,276.23076325274064,175.152654677588,7.9458683471270195,269.30191621197525,154.9837580105676,0.4022986074243579,0.2974516097286261,0.8658396908979581,61.56823373069749,217.37243965105574,9.0,13.0,left
-68.5359928379367,347.6406446157979,158.72979808612746,-67.44979377366653,333.8741791544575,140.90108484261208,-0.0481658247997022,0.6104527110484995,0.7905868332415493,-74.62349075576708,175.6861779006667,12.0,7.0,left
-8.162641799099326,303.5484837838974,171.42529002748955,-14.858048658546874,293.74060376958903,152.15346464508937,0.2957748847652267,0.43327084401598026,0.8513481034616787,15.50784161949538,200.7553740867483,10.0,11.0,left
-36.69189954927356,327.6229287927,166.18113290325584,-40.19275993161553,315.6255728307501,147.56923057910666,0.15615845411777077,0.5351508931828378,0.830197602220796,-29.62524478232736,187.09156485557676,11.0,9.0,left
-144.73458518973632,355.5948891657781,142.4045202685907,-131.7161275881752,344.12580853871106,126.6042248106352,-0.5547714037475973,0.4887459139867208,0.6733172514834336,-163.20300199270199,164.47282496872072,15.0,4.0,left
-159.63711822516424,345.98625204529753,141.29225508317813,-143.87366260656415,336.676373356214,124.35699684024087,-0.6320756103654872,0.3733031257364429,0.6790619994496071,-178.73824117389708,169.23221844227405,16.0,4.0,left
22.70303398608317,262.70092224454504,178.96081362605196,12.906411139477271,257.485964640442,158.67637897514726,0.42369231118806516,0.22554072710839426,0.8772777244724345,76.90622337444977,228.68522936895027,9.0,14.0,left
-93.11354143755636,353.87711563692676,155.60666056872287,-88.22137011746133,340.236457145018,138.53434409417974,-0.21846475890493883,0.6091371241433893,0.7623812124566869,-104.29842408833757,173.76156692518097,13.0,6.0,left
-118.58520275227372,356.8267148046899,150.51101277708017,-109.93135008508985,343.9369080938533,133.77715567559932,-0.3791109740326351,0.5646811154722247,0.7330826059845308,-133.25978983177563,170.78870355437323,14.0,5.0,left
-1.5714372855446133,291.10665822844095,176.58994710425537,-8.975918028203813,282.6949125575557,156.50075109520088,0.32188539340750816,0.36567291598416685,0.8733115778612637,31.017735714969824,211.75889600253902,10.0,12.0,left
32.14051066792898,233.31729545639723,183.2491383719963,20.563667670918242,232.42941469089482,161.37204974099203,0.46742470389962637,0.035848927382042095,0.8833057231728455,110.79473221396911,252.02609818679673,9.0,16.0,left
-59.603368361826824,337.241417597891,165.47005311676276,-59.95405401636074,324.59746005475665,146.73639054189175,0.015514289005831466,0.5593670826437398,0.8287748630908609,-59.59970409574027,185.54239876852634,12.0,8.0,left
27.45098811561352,248.72575844962256,182.14178933176748,17.15151086131005,245.28238707186648,161.12043582806413,0.43529712923577857,0.14553065545181748,0.8884465305255316,93.05678617379846,240.32932897043986,9.0,15.0,left
-29.019448367572362,315.92329288536155,171.89611626148633,-33.35361069423559,305.1949343092573,152.7007678731094,0.19337687852714244,0.4786660805028359,0.8564369014861231,-14.333427913143787,197.13910015526338,11.0,10.0,left
4.396372980630385,277.9691994327434,181.2074305906852,-3.4403988179684193,271.22836191512727,160.67284698804986,0.3408829285275925,0.2932121149864917,0.8932107728098676,47.20806602378862,223.1430416263156,10.0,13.0,left
-133.77027243162297,350.524914015141,151.63848715000046,-122.79043598106196,339.11673510737336,134.86849979226264,-0.4760649947165832,0.494637115580601,0.7271150147642411,-148.38993123004184,177.7247812438976,15.0,5.0,left
-83.4534473617052,345.0890716141705,163.00051983004175,-80.00013468309226,332.06349089822226,145.15541658264593,-0.15443084129654225,0.5824990597572715,0.7980262906936946,-89.48018024297744,183.70272058776771,13.0,7.0,left
-51.27673377850222,326.4056276734948,171.64210437241172,-52.576296298454885,315.00325851544994,152.30448497429973,0.057792797042395545,0.5070743395841845,0.8599625612462904,-44.61092846088931,195.08998490998192,12.0,9.0,left
-108.30181864701963,349.5246637391209,158.62492399805438,-101.12666805916314,337.2333080563497,141.22761229619226,-0.3192183793229999,0.546835441666865,0.7739965284414407,-118.69563786988385,181.8305336679885,14.0,6.0,left
-21.78679658177351,304.0917214514296,177.2477842705934,-26.749894961580566,294.62699616057023,157.5846128131219,0.22176726911190886,0.42291450219648746,0.8786140234383603,0.6004150978105258,207.23931709866747,11.0,11.0,left
-162.56066080436918,332.24277106416315,147.00139453748932,-146.36591746539216,325.5626995114516,130.08839225417748,-0.6650705252264545,0.2743309111555692,0.6945673096680863,-180.21717149592422,185.60405253780263,17.0,5.0,left
9.916767706112426,264.444198481198,185.07286632985097,1.3965672455058389,259.3999481365307,163.6711854547482,0.36131416955231277,0.2139103572414849,0.9075761290082186,62.91905859443465,234.6979582948988,10.0,14.0,left
-148.9013284519628,342.4681891737479,150.71144968418378,-135.26121669859333,332.84938652658013,133.6570090469549,-0.5716083115501586,0.4030896256347424,0.7146906266857149,-164.22046761056222,182.8074061158865,16.0,5.0,left
14.671916129600959,250.72006510407638,188.11179866650141,5.672799672167071,247.33612094809462,166.03741145583552,0.3737602167502558,0.14054531988701044,0.9168153104266201,79.23669767470378,246.4433972582305,10.0,15.0,left
21.913509846612207,225.1190534008616,189.18918032467917,12.417565809305419,225.9626882165898,166.8606979504105,0.39112556946870347,-0.03474821949550053,0.919681113293991,107.95487892387925,266.4387564334987,10.0,17.0,left
-15.092171699143073,291.7601176277724,182.22438690447547,-20.777112302304367,283.61478002855023,161.7294241528246,0.24961128657430948,0.3576410625281347,0.8998817011187997,16.21813004127388,217.82661940040154,11.0,12.0,left
-74.28315985562787,335.2285747563027,169.87432788891243,-72.38632230624765,323.35654944052067,151.06429823039352,-0.08496860054020725,0.5318058876415178,0.8425929235354732,-74.55679482448484,193.51388152131776,13.0,8.0,left
19.012231164904406,237.35595929081416,190.42365561868516,9.459674730253933,235.65665843831115,167.61555337024066,0.38540044868510964,0.06855874817237957,0.9201989959798654,95.00679685727411,257.9096839625727,10.0,16.0,left
-43.2365645706121,315.2234782569601,177.21305803541642,-45.51521132812971,305.01119403088785,157.47709567975056,0.10200713868364712,0.45716866376456144,0.8835108129102329,-29.297041448098398,204.49627117880885,12.0,10.0,left
-98.39386474430141,341.39679419879985,166.2919963031689,-92.70028648148067,329.36621944492,147.90187125024983,-0.2508042473527379,0.5299513077866851,0.8100918718793622,-103.91190141082308,191.8370666745143,14.0,7.0,left
-123.18534054144212,344.14188627832607,160.2309833575065,-113.87283730612016,332.9283351430106,142.71247004527478,-0.4086299549749191,0.49204738830616856,0.7687073094216511,-133.86640370969388,188.70210622901095,15.0,6.0,left
-8.655734730535405,278.8833877660523,186.61882885434352,-14.983954385755442,272.44621378094905,165.94856819126989,0.28056417515668564,0.28539470939204764,0.916424357745732,32.96357074593952,228.82034825306454,11.0,13.0,left
-35.76906494782155,303.6470713473475,182.555650935693,-39.00352496013865,294.64161879406214,162.22144691276176,0.14392591566173513,0.40072160414541425,0.9048245834260125,-14.318417402378088,214.18355311514674,12.0,11.0,left
-65.7938403681238,324.56264574802856,176.10066269295575,-64.98072964806772,313.83493613681264,156.7310586128966,-0.036697921264032124,0.48417101502321,0.8742034607494376,-59.6456104368767,202.98804805358537,13.0,9.0,left
-138.087420681789,337.3185706602336,160.19343291119566,-126.42680543910095,327.7392775409302,142.43326815882983,-0.5003329124975523,0.4110276796118673,0.7620519819963733,-148.82796315826513,195.93260843328758,16.0,6.0,left
-152.962035244394,328.4796965555733,157.45562184524348,-138.87106159887117,321.1677876797005,139.87180313848611,-0.5948099340595508,0.30865120790920136,0.7422503446952812,-166.23589352690658,200.23313940135048,17.0,6.0,left
-3.1264690419579484,265.4138509507514,190.63319464623336,-9.793252085060978,260.74851065307723,169.10726531930086,0.28970217278625277,0.2027303441982702,0.9353999458115096,48.80956512786308,240.4115495084191,11.0,14.0,left
-113.30446522692478,336.5611025441928,168.49438306491686,-105.32809211557588,325.7401552817474,149.83222320703618,-0.3468015718419437,0.47047968632453135,0.8114046675512335,-119.00833489003102,199.71659922009397,15.0,7.0,left
-89.02844164713736,332.25839578317766,173.6319841785838,-84.88798395661705,321.0441023544305,154.48120340431996,-0.18340438184051655,0.4967447339907684,0.8482968242155212,-89.15511765874687,201.610614183497,14.0,8.0,left
1.9462678127919033,251.14180116540993,193.3303903487647,-5.509135759953006,248.32299669493813,170.64565176028788,0.3100700948210502,0.11723402508167584,0.9434578526149506,66.37185010945414,252.6264881144191,11.0,15.0,left
6.015881448466697,236.0076703224031,194.77538859598423,-1.9348309762487546,235.56396171476214,171.9328642256135,0.32866767633947475,0.018342089268861498,0.9442675078021394,84.20841977444559,265.5951653251589,11.0,16.0,left
-28.572190206302444,291.74602408834323,187.41771467398559,-32.6632826395972,283.97016345592317,166.66233967346727,0.18151526242039595,0.34500256502428983,0.9208829673933141,1.6513831267767998,224.11961082843365,12.0,12.0,left
-57.502096985515806,313.71017137729314,181.84104031928302,-57.76761405851318,304.0798874816636,161.80749543108573,0.01194429465662424,0.43321865211085314,0.901209705500563,-44.37975674577454,212.03509331846897,13.0,10.0,left
-80.20332421152757,322.0417912190677,179.96471768892724,-77.40613909334004,311.93033716256934,159.97061362082144,-0.12388209430621833,0.4478173778544125,0.8855014527384489,-74.1740552382282,211.01578746230084,14.0,9.0,left
-22.048654372830974,278.85705283900256,191.79385744956426,-26.70850607269669,272.9994541234306,170.50700723816408,0.20651271775863594,0.25959380431079354,0.9433787967552544,18.61152238555198,234.82596006970314,12.0,13.0,left
-127.8198541730347,330.48055699995075,169.19610481338253,-117.77038609039192,321.27241347866624,150.3389361081414,-0.4319109020301607,0.39575204792881835,0.8104525212914321,-133.68621931329537,207.18861307541383,16.0,7.0,left
-103.87633031758114,327.8340225176121,176.1911876070834,-97.32791706787557,317.8670716630148,156.43060086989047,-0.28372242605817594,0.4318370525861503,0.8561649052404388,-104.43577901363828,209.82302350206675,15.0,8.0,left
-49.68626646422233,302.33093844071675,187.27923185858248,-51.281549480959995,293.88181801607175,166.51574453489815,0.07098529921716405,0.37596046292261404,0.9239127759772907,-29.21755520972377,221.32586056196976,13.0,11.0,left
-154.42224320693794,315.3144214335257,162.8356294351002,-140.17879883953407,309.98163939748457,145.78840240813923,-0.6234650743154951,0.23342691996730308,0.7461924511433713,-164.43105618802298,216.8119155904115,18.0,7.0,left
-142.04012073931045,323.20616434380116,167.41312861740016,-129.74968766421267,315.8227522211,148.74377835449593,-0.5221166736307903,0.313658807138438,0.7931029768076848,-149.3695364637813,214.18339911785955,17.0,7.0,left
-16.223862463366185,265.64306728929023,195.65935126315014,-21.522796664788643,261.34806528439174,173.45806976619792,0.22815182089944894,0.18492634385256662,0.9559021884950301,34.78441004686021,246.03615299983926,12.0,14.0,left
-6.178916746099141,236.2742510814031,199.3084994144779,-13.085596028444524,236.72247721978525,175.19561713923565,0.27531420338675033,-0.017867200311623064,0.9611882503269292,72.30513423030405,270.97091812539065,12.0,16.0,left
-10.933916818227313,251.58457339049772,198.19336841749913,-16.709365113835116,249.23367223617942,174.94538465895215,0.23994666150990362,0.09767049320611958,0.9658602768450129,52.761142757861265,258.0194862441066,12.0,15.0,left
-71.63847155404295,311.5034355542317,185.85662966256137,-70.02609605093673,302.3765451610437,165.26625638953794,-0.07140675405979002,0.40419965224074944,0.9118792225964477,-58.89204946892827,219.82911575865353,14.0,10.0,left
-42.231044735465915,290.67920276760304,192.17971133212743,-44.85775211063773,283.57731484948835,170.8440364558491,0.11602315340761206,0.3136944142295979,0.9424088509529731,-13.130478104854582,230.82076275326423,13.0,12.0,left
-118.34222007965123,322.6215990078307,177.14917427144405,-109.72208934268227,313.83273703106426,157.2088970627023,-0.3678428066521623,0.37504299591968937,0.8509021217542261,-119.18571155433096,217.78262936652777,16.0,8.0,left
-94.72112081184333,318.25553454129624,183.0779953526341,-89.86214908453323,309.24654726063045,162.68238873269559,-0.21292605312195764,0.3947847840966991,0.8937602979253597,-89.42154928082181,219.18727991459977,15.0,9.0,left
-35.36611762550193,278.3516064236709,196.37648202555033,-38.68577332979933,272.7173724604141,174.5150346131599,0.1454803811955914,0.24691431212539816,0.9580546858894992,3.9027180664905003,240.76398428027193,13.0,13.0,left
-132.45951287379074,315.62117132924277,176.23056386511425,-121.54246729575885,309.0089790660443,156.3022477087347,-0.46131258963980576,0.27940595414114666,0.8420944171708369,-134.699726980312,225.56136110723682,17.0,8.0,left
-63.64177052812991,300.4349614512484,191.22142022274005,-63.32348920193972,292.54411885497177,170.0541802026152,-0.014087951543989067,0.34926902394255793,0.9369165803504104,-43.886610138957806,228.62721713699418,14.0,11.0,left
-146.10622279072814,307.7998994303227,172.70314834820897,-132.84296055409246,303.0513852871635,153.86856376891836,-0.5639072341971839,0.2018901103846627,0.8007802535957983,-150.7689165009259,231.98479760348803,18.0,8.0,left
-29.4722117803135,265.2756720402816,199.8551161255749,-33.160466903192855,261.39538529393167,177.43617362373584,0.16001613803398723,0.16834749195187265,0.9726530509499274,20.14105990092237,251.4115541711638,13.0,14.0,left
-19.199465194942114,236.91580781861865,203.18293008804343,-23.784559667117186,237.5706151476962,179.75203548192533,0.1919712486779497,-0.027415832186083657,0.9810175390004876,57.83258668296278,275.24655702839766,13.0,16.0,left
-86.00497929350846,308.10545137726297,188.99025072904044,-82.52156649195011,299.99287572261005,168.06581491389773,-0.15338138966302717,0.35721236572950715,0.9213432992511356,-74.32078536851336,227.87805102967005,15.0,10.0,left
-23.98777088687487,251.509216805093,202.2415425239864,-28.191827544515448,249.61306840056346,178.9967851355184,0.17740243097272437,0.0800135116726463,0.9808803267650845,38.350668219420115,262.98271339786106,13.0,15.0,left
-56.25746481955109,288.63944500217536,196.1509407284065,-56.803422612563,282.15634668204603,174.25971976314133,0.0239061340551748,0.28387875311546257,0.9585621264603282,-27.934952866979643,237.92723748709022,14.0,12.0,left
-109.30325501050137,313.3661675017304,184.3614193692402,-102.22534219604401,305.6849500648291,163.96620273991385,-0.3088869628284401,0.33521576022566474,0.890066985283103,-104.55206020111768,227.53039705649047,16.0,9.0,left
-137.6962901109808,299.5479704779647,180.5653100666776,-125.9620427657911,294.87308980513814,160.0291821956123,-0.48670150688945124,0.1939000773599499,0.8517772027891701,-137.0508650859834,244.02217143311483,18.0,9.0,left
-123.57389811760189,307.15525223088093,183.6925357565993,-114.12017520337476,301.03719789402584,163.1601222665337,-0.40370180541022066,0.2612589351089683,0.8767945147719939,-120.36321122303757,235.9218169978581,17.0,9.0,left
-49.24595887127464,276.62236009411816,200.3452547156325,-50.89016068264688,271.7739285764957,177.8499365129075,0.07126844375939419,0.21015678643886582,0.9750666305631647,-10.94136661875482,247.35237113752567,14.0,13.0,left
-77.77024788733215,297.2798407396717,194.28412824407442,-75.37844392708666,290.5272302883018,172.99016782054318,-0.10646010495538853,0.3005612622624454,0.9478022861758106,-59.401556978081956,236.33685155293097,15.0,11.0,left
-100.42072313766744,303.6390423199433,190.67317282924017,-94.7540618261921,296.92890574468277,169.50973411654536,-0.24730675185745893,0.2928465263288468,0.9236234527678697,-89.56576747906439,236.20131330286287,16.0,10.0,left
-43.02679183806549,263.9222241275595,203.47511640335054,-45.365693118946176,260.8592241346751,180.49307996616295,0.10036941871713151,0.1314427125802523,0.9862295843747187,5.482417872119711,257.248564387947,14.0,14.0,left
-32.13439487952432,236.27263097426624,206.17895422042326,-35.63905320403898,237.04558573169456,182.2046638874149,0.14457311501308126,-0.031885698033364995,0.9889802407916649,44.085579351987846,279.73216688781747,14.0,16.0,left
-37.306921804466874,250.56665258021576,205.34381023885607,-40.08377087631434,249.1627373888528,181.83865714708406,0.11711617029894465,0.05921141782745445,0.9913515071120692,23.88442627444273,268.02571546923195,14.0,15.0,left
-70.04175358046109,285.91372865875,199.04272879145503,-68.77153562726421,280.2384595044631,176.8655079054874,-0.055402503764571225,0.24753556654902845,0.9672934952070484,-43.46867437012144,244.9324253826272,15.0,12.0,left
-128.74038532942114,290.5396231271836,187.77431815040956,-118.62838349993106,287.41685984906314,166.24322843090826,-0.4214826906291839,0.13016123719655034,0.8974465966459769,-122.46788557394089,253.8350252221628,18.0,10.0,left
-114.86659920270537,297.491809636095,190.31759786094364,-106.80184998249632,292.76091024407947,169.09838667892913,-0.3478006061668151,0.2040249028617125,0.9151003100000922,-105.79352285462076,245.13831478666327,17.0,10.0,left
-92.04928515090612,293.18236618959395,196.10021829346238,-87.26533505066861,287.43773615726764,174.33205058517865,-0.20785248704314505,0.24959199288104775,0.9457807254959504,-74.84263717176867,244.52526869676794,16.0,11.0,left
-63.10185501942111,273.9746214467581,203.16475136487873,-62.50827101836113,269.87056773697054,180.34580315960966,-0.025593602250524188,0.1769547664282087,0.983886161180337,-26.791278476034925,253.9670239119429,15.0,13.0,left
-56.66707912606528,261.39206792687503,206.23994479658313,-56.94902953152339,259.218517929164,182.68380675740624,0.0119178203173074,0.09187423682301743,0.9956992970606501,-10.24205318331002,263.3778353151005,15.0,14.0,left
-46.34772193659286,235.82454699848668,207.76454581962315,-47.97700817874754,236.90268473484116,184.14174218917802,0.06873623287894227,-0.045484411888013505,0.9965974606453767,26.1805774423391,283.12528856479935,15.0,16.0,left
-120.62312875810338,280.61516741228616,193.3784522064825,-111.52881130065168,278.36886835854546,170.8968710444678,-0.3734040903872752,0.09223091879342371,0.9230725014323481,-109.32933739432376,262.17572198028523,18.0,11.0,left
-50.8740473613956,248.77469035683475,208.32858140982768,-51.84017624192713,248.55918221414018,184.42124895246974,0.040376809462219325,0.009006594658828825,0.9991439308279378,7.707777971188449,273.2699036966826,15.0,15.0,left
-83.96813778458863,282.13932548619334,200.7549957917501,-80.45203713827942,277.6238181694023,178.47491105612238,-0.15285155741078962,0.19629765905473218,0.9685574998144035,-58.86277554037826,252.60887111435807,16.0,12.0,left
-106.4820699127402,287.52318803038946,196.01466207992513,-99.45690949427363,283.6934050279026,174.34992555166446,-0.3041847976669277,0.16582706989258894,0.938068756413499,-91.49541979704334,253.27048265797185,17.0,11.0,left
-76.88950259532838,270.1924831368069,204.7965349968049,-74.27063650982342,267.3159905822634,181.50000850568367,-0.11087927123949784,0.12178682978061821,0.9863436294220106,-42.231744874699245,261.2303137720771,16.0,13.0,left
-98.06221972430019,277.19763857355446,200.88767467303114,-92.18406030790791,274.1712668763155,178.44272001500985,-0.2512199861028342,0.12934066633208294,0.9592494517148628,-75.55235967085825,260.8602287282718,17.0,12.0,left
-63.48723933723342,242.98810237454717,208.98185294900938,-62.38109637170883,244.62011967684037,185.23380365512338,-0.04641857635096784,-0.068486553830472,0.9965715768142172,-4.284224765587766,280.5068156495078,16.0,15.0,left
-70.51525016840161,257.45878025047546,207.4441557805166,-68.51991083492109,256.427383788032,183.99430980946073,-0.08470198322593712,0.04378269119207465,0.9954439461815882,-25.89219604425267,270.2832741412241,16.0,14.0,left
-112.2325023114528,270.7845862986474,198.66459652923206,-104.26023115502892,269.45338624912586,176.75297055039135,-0.3413541320604283,0.056998893864400914,0.9382049257084011,-93.92602389990068,269.3476057728755,18.0,12.0,left
-90.25317361879803,265.8905749252765,205.53774289007413,-85.43527629298259,264.4144621412318,182.06955594675284,-0.20072013834274194,0.06149686101349052,0.9777165039770771,-58.34096748498243,268.72425301892963,17.0,13.0,left
-85.74144437631712,252.9706360719441,207.3394166309877,-81.16215358378564,253.17462786855455,183.29017416507298,-0.18704580647492644,-0.008332253145726887,0.98231585543432,-45.331498341223686,277.30013270179586,17.0,14.0,left
-102.67810460967424,260.1884668041504,203.2137717527851,-96.40425857226136,260.52697126538015,180.77559286882553,-0.26924949503088486,-0.014527317806065016,0.9629608852196309,-75.48726944165021,275.3401642789447,18.0,13.0,left
-76.68766580715348,241.82780945886932,208.70540700119702,-74.50557211749232,244.0307941585589,186.4779629389016,-0.09722963403293673,-0.09816049473303674,0.990409468623754,-23.134814256020867,283.827706398974,17.0,15.0,left
64.80574809463955,-268.8953894895076,-242.58560870635336,53.59553302479493,-268.87513329586966,-219.80172392402426,0.4414788858469921,-0.0007977261580668041,-0.8972712839405232,111.13195212048713,-286.59557473960234,-18.0,-12.0,right
46.972137846605136,-281.18854618689517,-244.67815737596146,36.15950332275877,-279.72763871654513,-221.53498077859695,0.42259624233650855,-0.05709746371337097,-0.9045177143652651,78.85432267933186,-289.580178242222,-17.0,-13.0,right
79.48245812855414,-265.7175714022181,-236.97913273793208,65.07674732196877,-265.40840564342193,-213.63999732783998,0.5252051353868324,-0.011271602379472981,-0.8509010029040381,128.38179898221017,-276.5199605940445,-18.0,-11.0,right
31.604919760025236,-283.6039418274397,-247.56686005694615,23.163249220968744,-281.7717918713339,-224.5452145239186,0.3433120395569503,-0.07451121615025313,-0.9362611399406991,57.2186290697227,-295.9202860642745,-17.0,-14.0,right
60.65267867852188,-282.9818081947073,-239.1019899719467,48.37041127071598,-279.6739443731846,-215.63613021225734,0.4601544215566193,-0.12392892231066906,-0.8791470471637888,94.15542159521047,-279.04674391859055,-17.0,-12.0,right
92.10534454075957,-261.5282492964769,-229.42174463628567,76.30027495749567,-262.23661219259657,-207.08785121226336,0.5774642765960603,0.02588120635725643,-0.8160056203316751,144.14481760137323,-264.8070348578346,-18.0,-10.0,right
74.37876502077422,-281.1678114919845,-231.4299383603763,60.15304479141311,-278.04827855326573,-209.44703405276903,0.5394762381063828,-0.11830078669447587,-0.8336487943888922,110.99402297616248,-267.4372228439252,-17.0,-11.0,right
26.070932501638957,-296.7274892890438,-243.30752817893494,18.073328440510284,-292.347355213986,-219.26661580510986,0.31104422708139756,-0.170352946641992,-0.9350034023305619,40.00433728769573,-289.3207772738575,-16.0,-14.0,right
40.73020285007023,-297.04921908312696,-237.93686479208844,30.573726733585374,-292.0788263087595,-215.250179162507,0.40067425752928054,-0.19608261878016742,-0.8949925954809186,60.97079385563427,-279.36439669828445,-16.0,-13.0,right
11.111866824666158,-295.45963103991704,-246.0047983789958,4.917363443430833,-291.616149427857,-222.03284303618693,0.24722718898807497,-0.15339617987059076,-0.9567383806590829,17.978712275304694,-298.3263743853736,-16.0,-15.0,right
87.3551270669771,-277.61553539843345,-223.78570316883815,71.4438574002233,-274.99791088652825,-203.0329650752392,0.6054261530388744,-0.09960099800548183,-0.7896447393688263,127.59691570891178,-255.5960150026688,-17.0,-10.0,right
103.90695301084604,-257.7515012353479,-220.30471773046023,87.13109753926679,-258.91329767964373,-198.8135732467733,0.6147648791650169,0.042574976394013225,-0.7875604832203503,158.27637501275225,-250.01581206296183,-18.0,-9.0,right
54.822783998860636,-296.9652211249857,-232.07767585817095,42.975224849649535,-291.3834271135746,-209.87092116504493,0.45954577272719443,-0.21650787388968123,-0.8613605652178046,77.80960296454863,-269.2150776534271,-16.0,-12.0,right
68.33831943291673,-295.5456758738849,-225.11214600307454,54.45123774233895,-289.68796237496366,-203.65156642024414,0.5295476700412299,-0.22336863887157923,-0.8183432753573299,94.28594693589726,-258.49348047936417,-16.0,-11.0,right
99.54850072909514,-273.0243312932633,-214.9488109736102,82.2518898878603,-271.07831934033777,-195.09775027801726,0.6551444233496866,-0.07370917287978748,-0.7518994230528336,143.07641074919047,-242.3770415486615,-17.0,-9.0,right
114.5709154104044,-252.0879925053724,-210.20534231381725,97.1786667254159,-253.41187755945052,-190.55673322708785,0.6619625110413362,0.050388094754190545,-0.7478413427210958,172.12461880456618,-234.51531923143523,-18.0,-8.0,right
20.065813661253216,-310.3395441616929,-235.87893843671452,12.945558404761385,-303.8349733233431,-212.80296506493278,0.2846945284937931,-0.26007715470454545,-0.9226640228417302,24.971969281914113,-279.8525369566631,-15.0,-14.0,right
5.442763048684906,-309.4376495673097,-240.05224804951317,-0.07212119799257621,-303.11035080425086,-215.56296863772272,0.21303099093364083,-0.24441323972297113,-0.945980953904439,3.6688169588522044,-289.9476065567737,-15.0,-15.0,right
34.47506439989303,-310.5597644433208,-231.02747917477745,25.047863426448217,-303.3805812547955,-208.58161104435607,0.37141750263249246,-0.2828489917987676,-0.884333357154791,45.22481563658736,-270.07097209137265,-15.0,-13.0,right
-8.921803426591495,-306.44305895304217,-241.92287682890955,-12.76067600336215,-302.21666546272115,-217.68187129274645,0.15414477920543493,-0.16970516170371486,-0.9733650626228701,-18.398961409726,-299.70811275404805,-15.0,-16.0,right
81.53060731310671,-292.5893010191445,-217.25666014284388,65.81517058463425,-287.114547149617,-197.30619101629134,0.6049012874436788,-0.21072819809801968,-0.7679114916286524,110.89244105296484,-246.81781640188612,-16.0,-10.0,right
48.4413724753334,-310.46830576001105,-224.81236275928853,37.023572569365484,-302.7604515969023,-203.55621308653957,0.4507646893643686,-0.3042992972475831,-0.839174077600632,62.04088755504791,-259.75877843353345,-15.0,-12.0,right
110.85446897289037,-267.495688698055,-205.0668221257102,92.77747891313591,-266.44017388419735,-186.1932020022257,0.6911378343154949,-0.04035551383975322,-0.7215954035887542,158.31534863748567,-226.96048418614134,-17.0,-8.0,right
124.50879154410464,-245.8971263476048,-199.59371024481666,105.09894121118224,-246.4910539463134,-181.98417342350743,0.7404291527173479,0.02265660482406453,-0.6717524455215005,186.18475720840337,-216.66497789288258,-18.0,-7.0,right
94.09278252911292,-288.24767172289097,-208.89156148413792,76.71318599115648,-283.2348713321841,-190.11621973577013,0.6666280913399368,-0.19227566931297235,-0.7201646025921583,126.83045038488532,-234.44583223104712,-16.0,-9.0,right
61.887917954834535,-309.26460171844565,-217.67744651128095,48.604578470740925,-301.05999907833746,-197.50962156654327,0.5208136539201909,-0.32168635643731464,-0.7907408083388542,78.43906650349004,-249.16365354004455,-15.0,-11.0,right
12.972841959600423,-323.46483468393984,-228.20368210953984,6.907220703461002,-314.66031858872157,-205.75652429355267,0.24395832928216282,-0.3541162472934316,-0.9028211434036494,8.359855616950128,-271.17417528304844,-14.0,-14.0,right
-1.5829808034087383,-321.91397987882624,-232.22821087112428,-5.747531521034541,-314.2486539847486,-208.76811949219086,0.16638559784150636,-0.3062514825760572,-0.9372971045783142,-12.053589610021874,-281.62616457193974,-14.0,-15.0,right
27.214556769111603,-323.68083606181335,-223.3359334689262,18.838921693231377,-314.35025636928265,-201.68490883887264,0.33476362707050994,-0.37293156545669565,-0.8653642940846444,28.35498506412145,-261.22741324332037,-14.0,-13.0,right
-16.20012989719784,-319.8438026098949,-235.808508567953,-18.63118004905097,-313.1594499048111,-211.02833096420662,0.09429705722575003,-0.259276752915983,-0.9611886549454836,-33.844172645743896,-292.2600911529594,-14.0,-16.0,right
75.04867220924865,-306.45678873677554,-210.0550230390587,59.58955143848893,-298.53294240316643,-190.66739632950004,0.5938564582519053,-0.3043916526164894,-0.7447685739945701,95.05629524574627,-238.10987164796467,-15.0,-10.0,right
105.79742712904267,-282.52716025319734,-199.8815945950636,86.9187272311467,-278.5797105776119,-181.5816520698727,0.7100690740974017,-0.1484721909532259,-0.6883007471476458,142.48530010262843,-221.2127327670699,-16.0,-8.0,right
121.29280265956817,-261.3335562266401,-195.4209191216265,101.49387675680549,-259.9647840024478,-177.25854095098902,0.7359519267361063,-0.05087905074267819,-0.6751193107362111,172.8763203351093,-211.42589354397003,-17.0,-7.0,right
-29.757397634997695,-317.9260085358944,-235.75609315666182,-30.291331971481743,-312.46936895113913,-211.39243455278205,0.021380513505368594,-0.21850206732167143,-0.9756022346317185,-54.143900335951614,-298.7240254699824,-14.0,-17.0,right
41.16121141053897,-323.4454897430857,-217.14846263907685,30.540162714533682,-313.66422267436826,-196.37371895293884,0.41981090870883936,-0.38661743618467226,-0.8211490479608738,45.41361083372359,-250.8919125102308,-14.0,-12.0,right
132.9949420346182,-239.14843840005963,-188.92273588260332,112.60128668323745,-240.0833616480486,-172.1289439067133,0.771465559456943,0.03536693516350291,-0.6352873920273617,199.1583627313209,-197.62197245418105,-18.0,-6.0,right
87.83262171503483,-302.7088440384696,-201.8863714824978,70.46978123070001,-295.173086355513,-183.53246091842385,0.6585523254229181,-0.285822515642652,-0.6961424597248561,110.8700202181877,-226.2859560189468,-15.0,-9.0,right
54.731611265586075,-322.25293457110115,-210.02182482548008,42.12889053073419,-312.2973899150837,-190.6692377431647,0.5011253641966831,-0.3958649918923008,-0.7695221098531544,62.14079247460114,-240.2904654920944,-14.0,-11.0,right
116.79933941104767,-276.8524566346439,-189.82379001865075,96.84037244765278,-273.34727900717075,-172.68044668512346,0.7519430832856083,-0.13205563582022012,-0.6458660143923428,157.66015369675108,-205.40567190422271,-16.0,-7.0,right
130.63669202176493,-253.61145474333523,-185.20906248791607,109.55881601273057,-252.2227288684552,-168.4399865018358,0.781516245298339,-0.0514905691171024,-0.6217564471935803,187.73681560616387,-194.80694534955472,-17.0,-6.0,right
-10.015618992637172,-334.3082349604159,-224.41027425677757,-12.924936578658725,-324.56449249382536,-201.65622390614817,0.11673265927957906,-0.3909552449431538,-0.9129772629747994,-29.138006929548737,-273.6556717743251,-13.0,-15.0,right
4.486324360618353,-335.7531665261456,-219.87617769885688,-0.3704512796900401,-325.03243839671273,-198.25251177570956,0.19727589997847572,-0.43546201158761716,-0.8783251423884827,-9.125627887144304,-262.98185258336383,-13.0,-14.0,right
-24.68195308640844,-331.9190719073991,-227.27407644416445,-25.593360380980656,-323.3386032585831,-203.6837843526817,0.03628378822078719,-0.34159470649713575,-0.9391467101606035,-50.47243769878226,-283.9861122981492,-13.0,-16.0,right
67.74772138733246,-319.8842046503754,-202.3455878101583,53.141710562597325,-309.85143517366384,-183.90185699768597,0.5710689616181005,-0.39226338498371904,-0.7211169654622882,78.41408175135993,-229.48573598826596,-14.0,-10.0,right
99.77404429018267,-297.64038050403076,-192.95199647109865,81.0816701652524,-290.6688904687316,-175.7763566919271,0.7100599018021346,-0.2648232641180107,-0.6524443076881162,126.50380657659608,-213.54166145847427,-15.0,-8.0,right
18.8198140349557,-336.33851576523597,-214.75488937322643,11.505780757526544,-324.5879398884681,-194.05552242312032,0.2937303760820115,-0.4719011987701021,-0.8312831796482236,10.58016268984069,-252.6919104914102,-13.0,-13.0,right
-39.87509720576247,-328.453517141073,-228.5241047742294,-38.56135705810192,-321.07195739880746,-205.25346052883322,-0.053734682274103274,-0.301921021553828,-0.9518173567784914,-70.803071747969,-292.582362109813,-13.0,-17.0,right
32.81777723389362,-335.864713133161,-208.8304169547493,23.289238972252615,-323.87563470905485,-188.9229417762065,0.37937363765429183,-0.4773387238403569,-0.7926054414243001,27.98634237674508,-242.42559157804814,-13.0,-12.0,right
80.71467790861973,-316.4042945381692,-194.1482058759735,64.02622841484961,-306.6500702587067,-176.6413608728407,0.6399074910028177,-0.3740192393355484,-0.6712883222322108,94.43183464474174,-217.96887936942167,-14.0,-9.0,right
126.94863118106065,-269.4840797823723,-179.7737226844623,105.78120008597939,-265.9825195959718,-163.77249308439536,0.7908650180928951,-0.1308265253224098,-0.5978435777266404,172.8905938614348,-189.52048079768207,-16.0,-6.0,right
111.01731141461602,-291.77296463921215,-183.45757299192942,91.11187308692232,-285.74851153904905,-167.34634391245453,0.7566408143656732,-0.22900008654787335,-0.6124162296976766,141.823902099757,-199.77566485137004,-15.0,-7.0,right
139.06403963388476,-243.6730519448151,-174.5053516676637,115.92223303428679,-242.90978671490694,-159.38505711049268,0.8368310272857565,-0.027600439217508044,-0.5467650752625537,204.25965655881276,-175.46410866827352,-17.0,-5.0,right
46.62991861015685,-334.76060888171685,-201.6812887254627,34.89323862030876,-322.8248357076992,-182.94288516285536,0.4671039864563526,-0.47502762585713076,-0.7457631128643475,45.10229481554245,-231.65561696902864,-13.0,-11.0,right
92.9435721789554,-311.7256000437634,-185.44420851746878,74.65501870032429,-302.64107921069274,-169.04302904587522,0.6982610332561674,-0.34684902285732283,-0.6262006745277026,110.15892966178035,-205.83888481523343,-14.0,-8.0,right
-19.709171677111943,-345.0179797257741,-215.8039224214065,-21.191135611092434,-333.5306302906829,-193.88067882378618,0.05976904929812818,-0.46329599455679527,-0.8841857735643724,-46.429171836986384,-265.89382093750226,-12.0,-15.0,right
-5.006773673847569,-346.8342757260502,-211.3082330537776,-8.725731626655513,-334.46595160765315,-190.6094948037451,0.15243117869498052,-0.5069479805291515,-0.8483917024576997,-26.69056240969701,-255.16486120077528,-12.0,-14.0,right
60.050768062748844,-332.56692952893184,-194.01341443878067,46.20728978185414,-320.7400996870955,-176.51012868098866,0.5481197564272692,-0.4682724211848246,-0.6930264584933344,61.878005903610756,-220.70095731896106,-13.0,-10.0,right
-34.79471802321376,-341.85535979044323,-218.97961479793983,-33.98810232363723,-331.5648182708627,-196.07979214533844,-0.03211219351194864,-0.40967695123340253,-0.9116652909132581,-67.37293496571533,-276.61105759832674,-12.0,-16.0,right
9.526546125254411,-347.638618058408,-205.97903844462834,3.48072812415084,-334.69139255879713,-186.2264430732099,0.24799037042237726,-0.5310757364850321,-0.8102217833992448,-7.059861060255123,-244.61447652819717,-12.0,-13.0,right
135.87971650985384,-260.47947930834744,-169.64207023065833,113.14094899303811,-257.02985586686174,-155.22305837813667,0.8376732002713384,-0.12708063908140138,-0.5311818151234439,188.29458514122297,-173.1130038442983,-16.0,-5.0,right
-50.21470793341726,-336.7214718792659,-221.2018182155265,-47.70246308309882,-327.400829923482,-197.73556812429698,-0.09900779781968683,-0.36732734637349257,-0.9248070482955373,-88.75697504406055,-287.6851624687749,-12.0,-17.0,right
121.70376194173315,-284.9699373614021,-173.5110680476334,100.48991175038564,-279.2134160176328,-158.58585170795754,0.7984350296941267,-0.21666073101251399,-0.5617469456921526,157.286116130751,-184.25885535774495,-15.0,-6.0,right
144.676184949445,-234.5864359049859,-162.96875932409208,120.57057471084971,-235.1232926331834,-150.31397616204933,0.8852358238194774,0.01971511209859513,-0.4647244888980901,217.24689249219324,-156.26037971092245,-17.0,-4.0,right
23.69238001937248,-347.61494706989146,-199.84219193966322,15.281776029515072,-333.8124390758135,-180.76807847670457,0.3364055122658352,-0.55206971792995,-0.762922248896902,10.239017775532226,-233.9652789077977,-12.0,-12.0,right
72.93510825586932,-329.50876996529826,-185.84227595116482,57.17975260205569,-317.69302977846627,-169.35236426049556,0.6133878592951034,-0.4600106616719685,-0.6419856113788597,77.64522535719028,-209.53080144787498,-13.0,-9.0,right
104.48411877849077,-306.39709783879607,-176.2245128865985,85.03230562724974,-297.5678659627206,-161.1394939914816,0.7438205625254021,-0.33762221391226344,-0.5768381154512731,125.53465179389187,-192.79644434800446,-14.0,-7.0,right
37.49163471701627,-346.5306203782476,-192.89450634689916,26.988690486735635,-332.61604370581796,-175.01193624256064,0.420550791050193,-0.5571567456149853,-0.7160400777629526,27.45999179769492,-223.29029181616895,-12.0,-11.0,right
143.27807244592145,-250.47696184249946,-158.9295334044001,119.14790457753128,-248.170388281121,-146.3210350644098,0.8831370931619092,-0.08441800659117342,-0.4614569046451747,204.3355264147093,-154.6673428004657,-16.0,-4.0,right
131.5422972347556,-276.4169218034108,-163.3970344655977,108.53122895246861,-270.94444505721617,-149.7919205741431,0.843311424327284,-0.20055575442291684,-0.49860127453401315,172.9878593107796,-168.3984880675199,-15.0,-5.0,right
85.40185066544018,-325.30262607738007,-177.25849468639433,67.97225111883115,-313.987308729711,-161.68605026431067,0.6711996055851672,-0.43574360503905396,-0.5996820825486492,93.40594272341806,-197.7880747908767,-13.0,-8.0,right
51.251450917640014,-344.51896007189805,-185.31006478872163,38.58416793477157,-331.0419864197933,-168.89164831962557,0.5121896749787402,-0.5449287557484938,-0.6638632298927021,44.68263724618946,-212.1994890718648,-12.0,-10.0,right
-30.273983930168292,-354.56264895063043,-206.97071378974414,-29.96251550812451,-341.5631114916996,-186.17444364994955,-0.012699043063813607,-0.530010987686631,-0.8478956818127484,-62.80623558631143,-257.8280597485776,-11.0,-15.0,right
-15.235591513812341,-356.9082799517432,-202.4424736688503,-17.559005087958955,-342.97667184317515,-182.6584550846994,0.09558092682292198,-0.5731205283328711,-0.8138778449074051,-43.27991039233889,-247.01074099694253,-11.0,-14.0,right
-45.68104270022984,-350.4953127812835,-210.24694170412172,-42.9247685031573,-338.6342630319799,-188.2435801713395,-0.10960146793435584,-0.4716470027353677,-0.8749494974210673,-83.17610264675639,-268.61687542502693,-11.0,-16.0,right
115.55211973769119,-299.79873894074694,-166.44812643823582,94.33085312133741,-291.4302423726617,-152.30098881799944,0.7905870014447203,-0.3117638889313238,-0.5270440880088333,140.99765035006655,-178.66891175875014,-14.0,-6.0,right
-0.5207309022073916,-358.0384492134689,-196.892286077296,-5.2411496367764165,-343.5970664335015,-178.29043073660895,0.1965366112853587,-0.601273021197061,-0.7744960389860146,-23.92306648589198,-236.36262455813488,-11.0,-13.0,right
-61.269308227345405,-344.7686434595923,-211.9177157334193,-57.205700570286325,-335.1250504150276,-189.91767096073045,-0.16680012528113958,-0.3958434631845976,-0.9030424524130747,-103.51249583867416,-279.4177783957608,-11.0,-17.0,right
97.45158210592851,-320.14610049879343,-168.20615018406056,78.15693629358486,-309.205791667712,-153.98209176897868,0.7322577784386696,-0.415199445379587,-0.5398221618945889,109.21374763563145,-185.25612529698088,-13.0,-7.0,right
13.78752847446924,-358.3962859121542,-190.6447676416256,6.855386528860513,-343.23339685899975,-172.89364852422457,0.28465214398324196,-0.6226284620000572,-0.7289080567761529,-6.776603922621639,-225.49207087617083,-11.0,-12.0,right
64.24485544970169,-341.7083247846416,-177.03766885381967,49.4875114825993,-328.1105029446498,-161.55347584368747,0.5822263386659904,-0.5364793313335896,-0.6109029526982661,60.57524903385759,-200.9658562680987,-12.0,-9.0,right
140.06910996554026,-266.8862726433327,-153.1275851282175,115.75406247632525,-262.1229927098152,-141.2179545435253,0.884476174802558,-0.17326750511098163,-0.43322080730183166,188.63927036512138,-151.90338902066392,-15.0,-4.0,right
148.99498338846485,-239.24455139995976,-149.32254310571847,123.55145125851185,-238.41098855518283,-137.1904464717539,0.9022438796916455,-0.029558670203378566,-0.43021188567353114,220.57935654442596,-136.9935733853995,-16.0,-3.0,right
125.95219044237574,-291.7991212823322,-156.52386593801782,103.18841966648631,-284.2412269100732,-143.90357963872606,0.8398928215118061,-0.2788563147775235,-0.4656384907647093,156.86280534787636,-163.2895373644735,-14.0,-5.0,right
27.878239766873435,-357.69944063949663,-183.75009778792872,18.594968721817516,-342.0692090067742,-167.0052892637067,0.3756003304921457,-0.6323977979772506,-0.6774934810370616,10.583211224121222,-214.66935238000633,-11.0,-11.0,right
77.08150080795997,-337.90011280701015,-168.66717527100104,60.7533025160655,-324.8032605628223,-154.1989678566087,0.6416963556888545,-0.5147048195919265,-0.568598923481645,76.5923077092394,-189.54099376878037,-12.0,-8.0,right
108.60606482239473,-313.86563465149686,-158.58847507411917,88.25515548028498,-303.63915584052353,-145.71128342780128,0.7778167381835737,-0.3908585242132525,-0.49216941783424983,124.69938816061799,-171.8815927464054,-13.0,-6.0,right
-41.285570042583785,-362.884208603914,-197.943820731706,-39.23906060110983,-348.81569963616954,-178.01513267532584,-0.08359970551981116,-0.5746971809517661,-0.8140849092343463,-78.50849763059018,-249.37752962280769,-10.0,-15.0,right
41.67594746955932,-356.02685595526077,-176.30734406504706,30.072266862645428,-340.51299097929393,-160.73714535892074,0.4668604724163314,-0.6241821519430248,-0.626448673468924,27.70477597853658,-203.5957434179498,-11.0,-10.0,right
-26.194039866020475,-365.7836271753987,-193.3765981923031,-26.81055379651212,-350.5145718978729,-174.50153684972918,0.025385950349251625,-0.6287278518526536,-0.7772109377959197,-59.696064486609274,-238.80446861875575,-10.0,-14.0,right
-56.375657411824875,-358.4383965048021,-201.3047708489026,-51.913633697623155,-345.733851346293,-180.1369638244603,-0.17785724000320285,-0.5064059454002092,-0.8437534122252565,-97.56361347978773,-259.73600247959774,-10.0,-16.0,right
146.8842344734834,-256.1463726864183,-142.88466487493824,121.49503275165421,-252.71830191766836,-132.07384692468395,0.9130461457111144,-0.12328023688673058,-0.3887784960555689,204.87897313418958,-134.35117495582594,-15.0,-3.0,right
-11.243254386284617,-367.3557269821697,-188.1157854104833,-14.406007004944806,-351.6671772250072,-170.12458905774747,0.1313469061918458,-0.6515345086056904,-0.7471618126816787,-40.49744570066256,-228.4112778200307,-10.0,-13.0,right
135.20910464574865,-282.5316983998261,-146.34104312895863,110.83131471855552,-275.98323150546923,-135.15051729628868,0.8828900235144852,-0.23716571960008892,-0.40528709308977995,172.70570861970708,-147.52609941161214,-14.0,-4.0,right
-71.00392165412191,-352.30605505850014,-203.4599790491832,-64.2464976413701,-342.743313612222,-181.3942801764187,-0.2705126190621008,-0.38281484618470313,-0.8833321665538648,-115.19205579896281,-270.19159137104083,-10.0,-17.0,right
89.28253073036171,-333.02151277806297,-159.7683177565537,71.19080506182516,-320.48690073171565,-146.61170719506396,0.705544441235928,-0.4888271033055424,-0.5130839156658437,92.48794905112125,-177.5188001139885,-12.0,-7.0,right
54.93565463724197,-353.2131397582709,-168.2636436557314,41.29671723710346,-337.8018851346613,-153.75572448155515,0.5416683683231874,-0.612055682996172,-0.5761798501077464,44.053219711413675,-192.48304621355751,-11.0,-9.0,right
3.242861260511435,-368.1077370326934,-181.63818246004655,-2.217520272356351,-351.995981667552,-164.8680594044897,0.22858163252704025,-0.6744677678788688,-0.7020282525395751,-23.489139788701422,-217.3559628182701,-10.0,-12.0,right
152.60436050492515,-230.03624718451738,-137.5459746621081,127.74992534614395,-231.32486805150288,-127.18555718986735,0.9219637492556353,0.047800793633213885,-0.38431488285847976,232.65588454136247,-117.30064223915039,-16.0,-2.0,right
119.26190930013912,-306.415337989607,-148.95762560350238,97.34894248505418,-296.95753942905503,-137.22202639643137,0.8239166485107123,-0.35560851974343705,-0.4412526906351469,140.1163902868151,-158.00566815270693,-13.0,-5.0,right
17.39755130030847,-368.0615859526819,-174.5397514545492,9.656185567179035,-351.1054580127178,-158.93635546218593,0.31846283650909346,-0.6975379779388312,-0.6418895474266493,-6.483966036917735,-206.25015430014622,-10.0,-11.0,right
100.92941300146964,-327.19736758675253,-150.40739322544573,81.3003913858096,-315.12751359919264,-138.4903416944068,0.7566454373355146,-0.46526006888224486,-0.4593699494558134,108.12919737967741,-164.70174665860173,-12.0,-6.0,right
67.7738943989454,-349.72249218007966,-159.81858305177514,52.38634894729773,-334.81671064405725,-146.31827428976226,0.6076685529435697,-0.5886432456008001,-0.5331398120306006,60.004630614375884,-181.0915573302225,-11.0,-8.0,right
143.04397857763618,-272.3566198112513,-136.1515717433415,117.75157825205332,-266.6710644171407,-126.25357737900114,0.9114740418640174,-0.20489301484248507,-0.3566986451850199,188.54512884766993,-131.39350312417605,-14.0,-3.0,right
152.10884860563124,-244.85392528953048,-131.7002300608111,125.74077194020913,-243.33372605818647,-122.52618670812019,0.9430715301703743,-0.05437092107470443,-0.3281156685127932,222.1213405210774,-114.71125061532561,-15.0,-2.0,right
31.39348359112466,-366.62199598813595,-166.99591188568903,21.167911576270818,-349.61656907988436,-152.4381360995829,0.41549665857292095,-0.6909831594477864,-0.591527514215774,10.744467426433587,-195.06448870421772,-10.0,-10.0,right
129.2616175124442,-297.6635478656846,-138.98516487109217,105.61666484589821,-289.1033358583679,-128.61196841062613,0.8692267607567412,-0.31468725945213694,-0.3813355046712101,156.16681001498586,-142.6734480664262,-13.0,-4.0,right
-52.89355854466401,-370.113010549598,-188.69174038093968,-49.145065700905384,-355.0980649492053,-169.48371782822494,-0.1519654920244373,-0.6087122721023834,-0.7787013927210638,-93.8501256978318,-240.50807022785023,-9.0,-15.0,right
-67.99595206368834,-364.84357720621244,-192.22196880839837,-61.74577651848122,-351.793676474203,-172.03206743375165,-0.2516232615018958,-0.5253706173072594,-0.8128169835463194,-111.91703422673663,-250.69624230450864,-9.0,-16.0,right
-37.837105185352144,-373.6012383911036,-184.11301436930597,-36.71905623435553,-357.3655137179846,-166.2215208629272,-0.046227439489891615,-0.6712908046039759,-0.7397510929308283,-75.88069899011668,-230.19260025121764,-9.0,-14.0,right
-82.26490471347692,-357.97131316711983,-194.05005380507856,-74.09690237844151,-347.38685113463697,-173.9428954196232,-0.3382710616836279,-0.43834674161641335,-0.8327213357070326,-125.98887992761595,-260.1451053132275,-9.0,-17.0,right
-22.81711159877976,-375.9634502733969,-178.85708710528317,-24.350961236307896,-358.869486468084,-161.93586993559433,0.06364116546527337,-0.7092479943108884,-0.7020805399839849,-57.360796738285835,-219.99989099868895,-9.0,-13.0,right
80.3629567119279,-345.57484315895124,-150.88805664747326,63.21241846310694,-331.0336463361897,-138.9143371058667,0.6732396481414633,-0.570810670223995,-0.4700250577669155,75.91766496761466,-169.1317314952647,-11.0,-7.0,right
111.99341174657152,-320.32526936592217,-140.63209721583388,90.7755459141428,-309.1171188884367,-130.04443310805487,0.8089711156303359,-0.4273318564427085,-0.4036746444168099,123.711171373909,-151.02375656902495,-12.0,-5.0,right
44.93277072969579,-364.1997517723527,-159.18847471533775,32.4262602966201,-347.1480185737643,-145.67441407171245,0.498348733092099,-0.6794628831130476,-0.538496732299468,27.289895066006455,-183.96271151395717,-10.0,-9.0,right
-7.996672649748855,-377.12078844741825,-172.60736288464744,-11.887097794916835,-359.52493884624624,-156.56540918734532,0.16125034328801888,-0.7293127827320851,-0.6649069045611412,-40.300152814960974,-209.201869260796,-9.0,-12.0,right
149.7358838197889,-261.0518191970864,-125.88208887580993,123.35362531220109,-256.98056608133993,-117.21465167636435,0.9399941949403692,-0.14505787265460568,-0.3088189227675783,205.3068721704421,-113.85411257834994,-14.0,-2.0,right
138.12404617811626,-287.8700193821146,-128.96984382857949,113.14082360250757,-280.3548147719333,-119.93793804374661,0.9049189901769178,-0.2722087331302765,-0.3271452686877763,172.10818271319357,-127.24423427199451,-13.0,-3.0,right
92.37612755431093,-339.9494362570316,-141.48191461858545,73.61908241633188,-325.9862705731315,-131.00621969045966,0.7320400567193815,-0.5449470598398142,-0.40883989204849713,91.8936936930798,-156.55462536350075,-11.0,-6.0,right
155.12789992933529,-232.2980322088264,-120.80997053097637,128.68866282780346,-232.93955559028012,-113.26982993281592,0.9613959562483425,0.023327374477557263,-0.2741781335360626,236.14456990644385,-96.25981542295389,-15.0,-1.0,right
6.48785807932021,-377.45506876328886,-165.44755307621224,0.16913438828491767,-359.2494481761554,-150.64548059079948,0.2600336920531146,-0.7492137603843938,-0.6091479461082524,-23.16744319639576,-198.04687819187967,-9.0,-11.0,right
57.85136662938937,-361.0347712659655,-150.73812830891754,43.90960146937131,-344.2936239357316,-138.42009536828868,0.5570591727850076,-0.6689116891737944,-0.49218109482460226,43.25113068191993,-172.54287560798062,-10.0,-8.0,right
122.31448759291784,-312.2314177109496,-130.79420942783185,99.63232037331125,-301.66260721507825,-121.40565245113305,0.8486653697477583,-0.3954376749113923,-0.3512778607478308,139.2900876479628,-136.91027739010963,-12.0,-4.0,right
20.578443268356423,-376.459427268578,-157.77086273375556,12.0053486595482,-358.2086019425212,-144.09382977765358,0.35186147545980834,-0.7490600093212181,-0.5613400079478954,-6.126390566083934,-186.75509405381268,-9.0,-10.0,right
-65.40399528656525,-375.4549632337123,-179.87993427829377,-59.81105515515909,-360.44554828325977,-161.39378234514317,-0.22865472829713446,-0.6136260386774097,-0.7557645796704379,-109.08300416770369,-232.12198616767424,-8.0,-15.0,right
-50.04490316416606,-380.1864626887567,-175.04057712481165,-47.21026755513126,-363.75529663774756,-158.16274665247676,-0.11947843015621679,-0.6925651816245834,-0.7113918568051746,-91.64199160096159,-221.55419722932555,-8.0,-14.0,right
-81.31368889394656,-368.89882640319746,-183.92649173730695,-72.69819071011123,-355.67601462248035,-163.83597881065276,-0.33722841741191023,-0.5175682003988015,-0.7863842269691099,-127.0983175749021,-242.7984854608937,-8.0,-16.0,right
70.5856331740386,-357.2468525507501,-141.8383903503643,54.62901836081126,-340.7573378056015,-130.90047096197873,0.6277289531520225,-0.6486930937492129,-0.43029481927713337,59.21340788782538,-160.68425276999798,-10.0,-7.0,right
145.65936708556455,-276.8346927872792,-119.01374685707606,119.63451926758052,-270.72883762346964,-111.16002401559871,0.934084049174217,-0.21915140311181044,-0.28188588398929093,188.40209409678187,-111.49875004486887,-13.0,-2.0,right
154.39834614054237,-248.25410063182954,-115.14138633276616,127.24450400516588,-246.26759953654252,-107.90357962284378,0.9638582604645118,-0.070513243782164,-0.25691464766657895,223.27958177935034,-95.16419019355254,-14.0,-1.0,right
103.83561016879608,-333.4779447292816,-132.05300505680185,83.2709873932856,-320.1825632523344,-122.44483603912256,0.7817565552880634,-0.505419026554499,-0.3652510039149017,107.49448514856635,-143.58091846968705,-11.0,-5.0,right
-34.90620492402546,-383.30577898727086,-169.5149810879413,-34.740411811306224,-365.6385079632063,-153.63077660180443,-0.006978255373315318,-0.7436179159280163,-0.6685683952018808,-73.7526916968111,-211.31685382156473,-8.0,-13.0,right
34.44323201753184,-374.3528905496791,-150.00296640185047,23.303816225951078,-355.8992046782434,-137.25015992706096,0.4447734982765519,-0.7368169547399852,-0.5091928028149381,10.654750490931775,-175.6080264965047,-9.0,-9.0,right
-19.81453547777067,-385.19221751024475,-163.36439504909572,-22.22439150683869,-366.59183227610595,-148.41978062645663,0.100487175665872,-0.7756065739739011,-0.6231667272369118,-56.92851842721922,-200.74387616988798,-8.0,-12.0,right
131.92858465847735,-302.8609173374431,-121.00310583925867,107.62863963590968,-293.3257329202181,-112.79050255888455,0.8879872631395176,-0.34844203582842065,-0.3001112596517078,155.41634371510446,-121.89353024409169,-12.0,-3.0,right
83.18549761499096,-352.0779102818984,-132.51441186360984,65.11697078654288,-336.1161325837121,-122.95338041620133,0.6966648004334418,-0.615435269308286,-0.3686428964844841,75.52996024665384,-148.28280513466765,-10.0,-6.0,right
-5.190952593499292,-386.03316321379043,-156.15313391782956,-9.814870551216682,-366.6515955385689,-142.42485376444847,0.19109522613562874,-0.8009928142383822,-0.5673562602868233,-40.02154822489,-189.68943052052737,-8.0,-11.0,right
114.66853609513169,-326.0219187776287,-122.41603279422122,92.53316800239749,-313.36672238992315,-114.0311660745993,0.8246876586861833,-0.4714890773655788,-0.3123912859470576,123.10244103470843,-130.03044249499408,-11.0,-4.0,right
47.72302573934959,-371.44462568631866,-141.5615489263273,34.72345857137971,-353.36794731613793,-130.03129301835088,0.5184495759702031,-0.7209352522952907,-0.4598504095618946,26.957488082380312,-164.0498315164425,-9.0,-8.0,right
151.90555930355094,-264.6536338015136,-108.69292409916788,124.87850056882951,-260.3425616821867,-102.15725554925027,0.9605089162080187,-0.15321027899012826,-0.23226974038101542,205.68998875478422,-94.04765007057952,-13.0,-1.0,right
140.32147372122634,-292.1643668349429,-111.21081500808462,114.78617145129132,-284.31161483673225,-104.43083805106983,0.9264544996479692,-0.28490821633733254,-0.24598652065816679,171.69474780136642,-106.87075916810014,-12.0,-2.0,right
156.6160361620743,-234.09145555086778,-105.06202589464274,129.1266170213924,-234.87057545422226,-98.28941306914426,0.9705983195920592,0.027509219641438803,-0.23912788386089553,241.8957494967598,-75.59243131184807,-14.0,0.0,right
9.24475191326796,-385.54378018607514,-148.63072110402322,2.1918644787577017,-365.901836531785,-135.68458273840585,0.287179665334639,-0.7997812041576358,-0.5271412194985771,-22.874999154392235,-178.52044670857032,-8.0,-10.0,right
-77.90637920861981,-379.51979625010074,-171.5124210901763,-70.19247167448984,-364.3655403230615,-153.24739479696836,-0.3091089809029036,-0.6072559964224684,-0.7319096889194209,-123.5347058443256,-223.8781136412408,-7.0,-15.0,right
-93.14615087992658,-371.5539761900345,-175.82190236092288,-83.02661864215897,-358.7278491134584,-155.95973962610714,-0.3934792041726161,-0.4987201143420992,-0.7723032846196425,-139.32114432784064,-235.16881790439612,-7.0,-16.0,right
-62.542392846336746,-385.4059541267172,-166.34978880736594,-57.5592202834331,-368.8363585557646,-149.89691766744008,-0.20870739780578584,-0.6939749989899462,-0.6890862956684319,-106.77534742168511,-213.07056498385916,-7.0,-14.0,right
94.74000838165817,-345.9874284820071,-123.00894784544303,75.21676534074044,-330.74325851331355,-114.58309920831232,0.7461971815346436,-0.5826468810347536,-0.32204406265327656,91.085319330465,-135.61332714028578,-10.0,-5.0,right
60.61122121223899,-367.8214564030249,-132.58572309818257,45.7577419035961,-349.96963797799697,-122.56503307077799,0.5872603592036707,-0.7058053593288691,-0.3961869069651618,43.100480467228145,-152.1160669722075,-9.0,-7.0,right
-47.35882621421047,-389.47912926380303,-160.66063309184833,-45.056849704388114,-371.67794081385284,-145.645922451314,-0.098369410931693,-0.7606908299167622,-0.6416174251635464,-89.5116154796014,-202.82499198401027,-7.0,-13.0,right
124.61979108891727,-317.07718444538204,-112.56051951572988,100.97820378700774,-305.5953346705527,-105.37507407575674,0.8676830548778912,-0.4214017595793277,-0.2637170326338761,138.91167441249956,-115.95685070331737,-11.0,-3.0,right
23.29802608755479,-383.91259601632316,-140.72452877841846,13.959777773423863,-364.2701801533481,-128.95641871925525,0.3776257300884005,-0.794311886066637,-0.47588594813091945,-6.157318226685234,-167.26307921262702,-8.0,-9.0,right
-32.21201888930699,-392.04325526790615,-154.29327361960856,-32.7284264556806,-372.8695475434379,-140.18578992290998,0.021688631583888705,-0.8052776721561333,-0.5925010328993676,-73.19410101109276,-192.22010836506547,-7.0,-12.0,right
156.0345591309939,-251.2993813164291,-98.51521538910879,128.39682878342484,-249.0106404354625,-93.35625117503685,0.9797796383300641,-0.08113769417328179,-0.18288940619415753,223.4338127007241,-76.63050675123348,-13.0,0.0,right
147.3925200187918,-280.6864448636553,-101.38980356473587,120.73250610167544,-274.29220379105925,-95.653333036521,0.9518096995169325,-0.2282857275644205,-0.20480215451959924,188.08003531062997,-91.47003503636125,-12.0,-1.0,right
73.21436395304045,-363.1146311215917,-123.54529813551625,56.44654155876343,-345.70416871065174,-114.56764209865287,0.6502857754877879,-0.6752084906602581,-0.34816936157356304,59.21546098271512,-140.09097749074024,-9.0,-6.0,right
105.89974546770914,-338.80510270385207,-113.49376935355438,84.63412912743952,-324.3086322217055,-106.07622799551969,0.7939608717635086,-0.5412319190440694,-0.2769370757345489,106.77269990985175,-122.53623567352635,-10.0,-4.0,right
-17.291075598120333,-393.2982257992712,-147.1881276698067,-20.39212711159645,-373.2973550572841,-133.9732106151827,0.12829108245275392,-0.8274397720697209,-0.5467035958911455,-56.299693991947485,-181.51753368657953,-7.0,-11.0,right
36.96825606950361,-381.33972015821,-132.33996716588524,25.306816764866223,-361.6404898102538,-121.67405514729742,0.4617493751193778,-0.7800158338846062,-0.4223302185093634,10.440083404524124,-155.68250172142086,-8.0,-8.0,right
133.59565249316654,-306.9117176852475,-102.90440928105482,108.878438117315,-296.8928772252978,-96.89804867482185,0.9041170458072025,-0.3664735152320863,-0.21970327743184564,155.10060983982333,-101.29364616740713,-11.0,-2.0,right
-90.02147218891585,-383.2037306535267,-162.62467502069438,-80.13205698633361,-368.2884930011928,-145.18141866029816,-0.39572478262556177,-0.5968329832321377,-0.6979916092204682,-137.30051779065198,-214.47986442021048,-6.0,-15.0,right
-75.00512998356805,-389.7765329797628,-157.3630484425391,-68.01986463539981,-373.0892994365188,-141.70445350299946,-0.2919539782225054,-0.6974544237973285,-0.654461764601714,-121.43905498643164,-203.92014469076668,-6.0,-14.0,right
-104.16278137605684,-375.2302492448713,-165.9708974407123,-91.93335675380015,-362.68543131590644,-147.29811828126034,-0.47762300735840285,-0.4899407659041737,-0.7292697091934826,-151.323971245304,-223.75871901850934,-6.0,-16.0,right
-2.599361775316396,-393.53295439050805,-139.41752011769378,-7.978424648286282,-372.9297338676573,-127.10297281042659,0.21867643441780316,-0.8375880535066442,-0.5006264771796104,-39.33368980008727,-170.2086470651404,-7.0,-10.0,right
85.24541138015715,-357.497036289768,-113.94899567552659,66.59707407506895,-340.6199428947408,-106.378803099023,0.7099791607067683,-0.6425443945880236,-0.2882122348992551,75.00500584134954,-127.46541730860706,-9.0,-5.0,right
50.21460256919081,-377.92391810735364,-123.39470149014426,36.41234459851346,-358.7580817212688,-114.11253271193604,0.5438892669544527,-0.7552454623542362,-0.3657714544426399,26.92728219417288,-143.6826534849316,-8.0,-7.0,right
153.22236519154018,-268.2115740353636,-91.38911358562015,125.64452473876933,-263.45640625070564,-87.10941643221328,0.9741325425162488,-0.16796687514720862,-0.1511718176913637,205.10163037972742,-74.69975666204259,-12.0,0.0,right
-59.93224606100276,-394.6153160553383,-151.66161599458684,-55.45608776874653,-376.4846183015229,-137.1606624313642,-0.18931525346299985,-0.7668222204435223,-0.613305321222885,-104.82646367839536,-193.99037761813977,-6.0,-13.0,right
116.24598536479016,-330.5820344917703,-104.04554064621345,93.46966918266648,-317.0428017160317,-97.59270302947718,0.83518276158908,-0.4964689517400436,-0.23661854260091314,122.37285022587815,-109.28770086113364,-10.0,-3.0,right
157.8755434383251,-236.19428110504725,-88.89455286668434,129.82400862362874,-237.19694948620491,-84.6540721560447,0.98814941526834,0.03532021264055461,-0.14937608805917954,242.92321899251962,-58.127782024282254,-13.0,1.0,right
-44.92037661751287,-397.9729783123955,-145.31136719368817,-43.30203320482357,-378.50046606334433,-131.96564520395629,-0.06839322751337121,-0.8229328522387924,-0.5640069920988837,-89.17396196026941,-183.6178311367074,-6.0,-12.0,right
141.71490929761728,-295.6421749312126,-93.16160164242416,115.67950036733119,-287.31777605218963,-88.40004157730297,0.9383664310893216,-0.30002741604669286,-0.17161582277002893,171.58875702617104,-86.40766191349347,-11.0,-1.0,right
11.519293973569324,-392.517340250022,-131.17314036887961,3.768908663347071,-371.50144923947965,-120.16424163467433,0.31052957852154445,-0.8420298496838592,-0.4410862875953066,-22.905914101485152,-158.74781328093232,-7.0,-9.0,right
96.27500080932046,-350.9885209518218,-104.30434592335668,76.45284454526661,-334.7154098182672,-97.87853307038085,0.7497304207345807,-0.615495423116262,-0.24304254843150874,90.24178975077709,-114.68605700666603,-9.0,-4.0,right
62.78517657303312,-373.6866733917377,-114.22916085268241,47.12959978562289,-354.79905040240124,-106.16143575539797,0.606219267598673,-0.7313713912146126,-0.31240052449528743,42.84556545083743,-131.59494880963618,-8.0,-6.0,right
-29.859680053594737,-399.95539998939614,-138.01129545850193,-31.114942920114103,-379.1468339790275,-125.70469729858245,0.05185334876379692,-0.8595759974976424,-0.5083702732732446,-72.61205378464182,-172.8685144317313,-6.0,-11.0,right
125.9704039720115,-320.94488625440556,-94.06381911739018,101.92091797624909,-308.8835057881362,-89.00902397262135,0.8785112416024432,-0.44059396241270304,-0.18464820243806174,138.43057698685735,-95.06399396371411,-10.0,-2.0,right
25.48992079897858,-390.38295799892705,-122.76490807033045,15.309365520994312,-369.51927318809453,-113.16083160117887,0.4052252108789002,-0.8304548078495861,-0.382279139618758,-6.193591487080589,-147.14752449765925,-7.0,-8.0,right
156.8650058438576,-254.9548332273407,-82.33346489663197,128.49366788871237,-252.08511904848893,-78.72779349398633,0.9870641630774826,-0.09983991691538174,-0.12544452542250972,221.91356172559375,-59.51217659501805,-12.0,1.0,right
-114.62062559525467,-377.7443810565611,-155.25109126147382,-101.87324315328348,-366.969531059987,-139.72136002009515,-0.5591356786536832,-0.4726149146816133,-0.6811772421895615,-162.07452402452833,-210.74344780699852,-5.0,-16.0,right
148.36526152577022,-283.80972560193504,-83.31291101700637,121.0357678929871,-276.9838513256749,-79.9169610995685,0.9632223741744573,-0.24057653297713527,-0.1196895553940401,187.7977592986656,-71.14598785273733,-11.0,0.0,right
-102.29906579152696,-385.85153075275684,-152.97537028726202,-90.62940641112903,-371.1114307828917,-136.4004787582392,-0.4656039291883274,-0.5881104356932757,-0.6613161850076379,-151.11893922560412,-203.95541536007357,-5.0,-15.0,right
-15.050094288464848,-400.6345213389204,-130.3015393619964,-18.679507183771392,-379.27484522708033,-118.87277831581434,0.14816707660078565,-0.8719869736297059,-0.46656750340297315,-55.86841921629715,-161.91256375199822,-6.0,-10.0,right
-87.82067840165928,-393.09261928813805,-148.51075578956124,-78.84532417190113,-376.4205107975273,-133.26531651215768,-0.36921560602296827,-0.6858339495540323,-0.6271456209750724,-136.0423397974152,-194.65812282863686,-5.0,-14.0,right
74.9198960625433,-368.25633450648,-104.87979432693774,57.512937489441484,-349.89031995838786,-97.93685519190637,0.6633848207831077,-0.699934754157055,-0.2645976558431065,58.69404852020011,-119.32623960444278,-8.0,-5.0,right
38.72938519102785,-387.2606920080323,-113.8709779874727,26.74781451109511,-366.8324316394908,-105.60207350861555,0.47764287283108214,-0.8143684354934922,-0.3296381915154135,10.173964980442921,-135.31200018043594,-7.0,-7.0,right
107.23256193193328,-342.99665209941065,-94.58112099125003,85.62579707328953,-327.77374229403785,-89.32680469169566,0.8017934191705576,-0.5648984927834781,-0.1949795010398302,106.21570669556765,-101.32872329078297,-9.0,-3.0,right
-72.86016634455416,-398.98341469339107,-142.57659671107564,-66.49512510991403,-380.4056880011391,-128.8250189416932,-0.26549792934590266,-0.7749121784009737,-0.5736043630228903,-120.0263397976229,-184.62006996241377,-5.0,-13.0,right
134.64638928597847,-310.20815883861576,-84.40856888894382,109.09383434116089,-299.5708426088777,-80.55712307747439,0.9143896080008667,-0.38065279337024405,-0.13782269653236254,154.7488321049033,-80.47878634816266,-10.0,-1.0,right
-57.75873062298156,-403.03361393526944,-136.01945415836013,-54.24708300948032,-383.164905864969,-123.67850577744173,-0.14847425638997377,-0.8400591348703353,-0.5217816067190832,-104.72844344029839,-174.37847508624205,-5.0,-12.0,right
-0.6652188980121281,-400.2777384395338,-121.79478402440876,-6.829901529971945,-378.35146617688895,-111.87392900116899,0.24814295763726932,-0.8825839664487328,-0.3993377201600802,-39.531585389759286,-150.33010254993263,-6.0,-9.0,right
159.3120501068296,-241.53988383639222,-72.9575844902967,130.88014664398278,-240.6971633651969,-70.13413753899921,0.9946728091135393,-0.02948206191951545,-0.09877657027430442,239.42516430967763,-42.70116670833873,-12.0,2.0,right
153.3384484805061,-271.17591849339215,-73.99903006799403,125.57087471596375,-266.0891044313674,-71.65916611808447,0.9802695378394666,-0.17957812634043419,-0.08260344862085126,204.16690122481702,-55.649621648308596,-11.0,1.0,right
51.87372984048744,-383.13510364595595,-104.67034450572683,37.48791426133925,-363.03932813953134,-97.61064655754885,0.5596995300698345,-0.7818532112727623,-0.2746670567470291,26.708764001815197,-123.04909406317739,-7.0,-6.0,right
86.24727731548103,-362.1279569862702,-95.01677134737496,67.18798224760218,-344.1785206807046,-89.23483396588011,0.710856135963139,-0.6694616400789513,-0.2156494062740631,74.07031069111028,-106.53032185383293,-8.0,-4.0,right
-42.73658239112707,-405.445318172356,-128.84006115752013,-42.000624756893046,-384.5844084811408,-117.61791721622312,-0.031054012878443577,-0.8802340353209062,-0.47352264079642403,-88.57037941496168,-164.1241258282736,-5.0,-11.0,right
117.26061646311135,-333.9953949439582,-85.06969852580698,94.02209272989035,-319.7066276678469,-80.81040012907154,0.8416554306129852,-0.517512158378286,-0.15426374185244707,121.98652867128496,-88.00936504175243,-9.0,-2.0,right
13.331230417752932,-398.59152790978817,-113.22905377099747,4.745656896967534,-376.623587949118,-104.7568218331231,0.3425795416031015,-0.8765595895802646,-0.33805701233650937,-23.026638817476986,-138.7596531482197,-6.0,-8.0,right
142.1481864824081,-298.5362290158513,-74.70699611546235,115.50540049817326,-289.5538583229901,-72.1408310836698,0.9436730103334264,-0.31815069177370425,-0.09089217178702626,170.9352416647055,-65.83781850985362,-10.0,0.0,right
-27.932528069775174,-406.736042040386,-121.03697523227987,-29.70274519563781,-384.97646120725244,-110.83421966315288,0.07345936448416589,-0.9029654928148415,-0.42338757723300385,-72.22586543519951,-153.25385225382786,-5.0,-10.0,right
-100.8539017555993,-395.0914810227627,-139.4890129754421,-89.8268754187281,-378.96791636000125,-124.83167518487795,-0.45153227022754133,-0.6602242104014915,-0.6001854721191523,-150.68970441428598,-185.06356941170594,-4.0,-14.0,right
-116.02222766756432,-386.24843921350873,-143.52265553908748,-102.3923382178925,-372.6923450034695,-127.64741307296225,-0.546700023403572,-0.5437400684176442,-0.6367619825395586,-166.41079302561923,-193.47196315764035,-4.0,-15.0,right
64.0914416215371,-378.01157469837716,-95.19644246511078,47.90643697586903,-358.60229422242446,-89.33058139786544,0.623847672964647,-0.7481267212414473,-0.22609840755988686,42.562269781502984,-110.67729944364245,-7.0,-5.0,right
97.37870673377219,-354.720091320149,-85.22106832666378,76.90462558410853,-337.84401484667694,-80.81131949504592,0.7612098682416083,-0.627438948537038,-0.16395091445408094,89.83405238948157,-93.41410444805754,-8.0,-3.0,right
-85.90053370958978,-401.9758735455591,-133.95319298583178,-77.59752921528647,-383.7251068536112,-120.5573220829795,-0.344324546803422,-0.7568569876520657,-0.5555250729812821,-134.97355139698539,-175.72923909216672,-4.0,-13.0,right
26.84484021523441,-396.009727514365,-104.49164807162433,16.1938158103834,-374.18492076071914,-97.05791703114613,0.41937494181164314,-0.8593330288673416,-0.2926967777037552,-6.615031801200239,-127.09690792052422,-6.0,-7.0,right
126.65277302246125,-323.7735115998932,-75.47659643970204,101.97249004869805,-311.1145524279637,-72.50862080192303,0.8847318026620186,-0.45379478751974606,-0.10639515110343922,138.00612833736864,-74.29442367765088,-9.0,-1.0,right
157.0878414478115,-258.06525229400586,-64.8792561282097,128.77369034133608,-254.642169843722,-63.17562499844947,0.9910047124454169,-0.11980902505477875,-0.05962765655633535,220.41504582187451,-40.656258362666335,-11.0,2.0,right
158.65058660688752,-229.79632164901105,-64.31641864364411,131.32625554071686,-230.85150107081114,-61.301907875026174,0.9932379641870241,0.03835571521303634,-0.10957730425645702,252.1672421779704,-27.68695777984533,-12.0,3.0,right
-13.358919670512998,-406.9400482596345,-112.6707292082447,-17.562317567798814,-384.4376312072626,-103.75353203118257,0.17109847174847612,-0.9159563910886855,-0.36297272981468853,-55.98625129150861,-142.02585290273424,-5.0,-9.0,right
-70.84652312348761,-407.06735896681556,-127.18955349879519,-65.4054963782448,-387.30021179130904,-115.50489576896392,-0.23056934658066777,-0.8376540718174768,-0.4951499090022794,-120.07050033311555,-165.3464688494771,-4.0,-12.0,right
148.2028284666062,-286.3604331901733,-65.26834038326311,120.7591429941988,-279.1420863182501,-63.89243493023547,0.9659716060183994,-0.2540736785400081,-0.04842955956213976,186.7671368892764,-51.316206993271926,-10.0,1.0,right
39.88036330480358,-392.1561894995467,-95.18653633459783,27.480494867574293,-370.7523924036689,-89.07739094804772,0.48666208499894703,-0.8400425032172205,-0.23976782063701502,9.720413690880534,-114.93597418834885,-6.0,-6.0,right
75.79689681769284,-372.2131180784612,-85.40257973591653,58.06272354215312,-353.30170387512015,-80.66766592477794,0.6729076566975979,-0.7175770315698919,-0.17966215327967686,58.13857366216983,-97.95660859897384,-7.0,-4.0,right
-55.82932291448048,-410.0626095449221,-120.13437725611476,-53.23668769124096,-389.1790049059033,-109.62560765580889,-0.1102220699726978,-0.887835709077472,-0.44676486990120023,-104.22391619030014,-155.58122293098035,-4.0,-11.0,right
107.78761630019423,-345.95126991064546,-75.5565707497703,85.86615508030772,-330.1194929737446,-72.38437621851673,0.805164602243898,-0.5814934621534263,-0.11651316134346036,105.69888748875948,-80.17444442014852,-8.0,-2.0,right
134.69771072838083,-312.655283204803,-65.91658273554887,108.90600038516044,-301.47602335135343,-64.19699314088513,0.9158066717951742,-0.3969508273503177,-0.06105882869286224,153.95856049873123,-60.008059014442814,-9.0,0.0,right
0.9546068969176295,-405.7925260536874,-103.9952512800852,-5.9010775915527525,-383.112955552878,-96.4166063711414,0.27559793252055964,-0.9117168024562816,-0.3046608798472275,-39.433381311838744,-130.52393723421153,-5.0,-8.0,right
158.71448730961566,-244.5295890996775,-55.746839290176595,130.6748951470273,-243.4551871891366,-54.82587746954576,0.9987289205581362,-0.03826861154534921,-0.03280330183336678,236.95063905337278,-24.746509591121793,-11.0,3.0,right
-40.89410768728921,-411.89844318325913,-112.12532510633574,-40.95609537234215,-389.9619647712178,-102.91564722059442,0.002605465177497352,-0.9220336357243025,-0.3871010025099821,-88.13713379888618,-144.80432598784182,-4.0,-10.0,right
153.01125671735824,-273.3381098968598,-56.18598451213312,125.25938906939797,-267.9582915860733,-55.75870279402098,0.9816116573226249,-0.19028962068914612,-0.015113386990030012,202.89807258679264,-36.27999139735084,-10.0,2.0,right
-113.63204826389241,-395.99524576816646,-130.03921875661825,-100.80587790209081,-380.54067694794463,-116.33066507827922,-0.5274737537663965,-0.6355661275731315,-0.5637615955076053,-165.33993894093678,-174.93807836794028,-3.0,-14.0,right
-127.42056288595701,-386.4627825519302,-133.4900324931226,-111.79364620651967,-374.44919989495594,-118.77045492316591,-0.6352233759818757,-0.48834384220158805,-0.5983406675047076,-178.94325825874245,-181.63176364351858,-3.0,-15.0,right
52.80642967074476,-387.1810646564846,-85.71810298701789,38.28817852560661,-366.38405549304656,-80.7968745960672,0.5619325825746949,-0.8049534997163817,-0.1904773895644382,26.26890086644592,-102.40363018558351,-6.0,-5.0,right
-99.03491483202134,-403.8656227085197,-124.97907410151456,-88.9903470109825,-386.143915893245,-112.4474108757849,-0.41998638150847023,-0.740985142627218,-0.5239775355424535,-149.95528899296983,-166.27955945891574,-3.0,-13.0,right
14.797876207468628,-403.5613984691414,-95.26868489387883,5.543804785129311,-380.8524501379359,-88.78393925864711,0.3648354330566408,-0.8952847477139847,-0.25565665901180856,-22.8171831940759,-118.94936589377609,-5.0,-7.0,right
86.93493079923249,-365.20593593468226,-75.55564686603967,67.45247035913515,-346.8309721962412,-72.04572868700501,0.7213128826781471,-0.6803092506736345,-0.12995017787759824,73.69791798213305,-85.0693010737767,-7.0,-3.0,right
117.5310779892396,-336.2974445195206,-66.05875310570947,93.86602034456935,-321.66205573621903,-64.09589016971732,0.8483885016698703,-0.5246763286045754,-0.07036831983482394,121.56057915940156,-66.87691863822872,-8.0,-1.0,right
141.6444064656764,-300.54276181855334,-56.25274045485719,115.1225025973059,-291.31178813659835,-55.7672302741979,0.9442897704584333,-0.3286609461561504,-0.017286175959514965,169.87772208594583,-45.56893797518874,-9.0,1.0,right
-84.07697520345428,-409.9321486778156,-118.56228632105135,-76.79603275011539,-390.4677723465055,-107.54907232713971,-0.30957100053464853,-0.8275860569263757,-0.46825966515281925,-135.31854919673708,-156.50549573626847,-3.0,-12.0,right
-26.160705154751497,-412.64776981536966,-103.73928966149855,-28.66195417919476,-389.53457071538844,-95.57800138694247,0.10151563876715314,-0.9380717983925023,-0.3312338692621169,-72.01007508150676,-133.68855134489033,-4.0,-9.0,right
158.3119019800091,-230.56530673752712,-47.270422848233494,130.6116946770002,-231.90393192414817,-46.33083944050925,0.9982615948305605,0.04824144812560758,-0.033860758542743875,251.67050476407724,-10.042902753626365,-11.0,4.0,right
-69.12623030568068,-413.9761487101673,-111.07362354750703,-64.57051612760839,-393.2496770082105,-101.69937530073639,-0.19637106006142968,-0.8934009159390903,-0.40407079846178545,-119.85959325381903,-146.3610918582827,-3.0,-11.0,right
156.47436810909085,-259.82722270138436,-47.072039132226465,128.42176643360864,-256.54018572048346,-47.38175464573533,0.9931453042655564,-0.11637085858535931,0.010964847804770863,218.6635138543418,-21.464676321921743,-10.0,3.0,right
64.68450150154177,-381.39617413041213,-76.00046962799212,48.13748736198335,-361.20819720003,-72.17826312865068,0.6272276634981454,-0.7652412389330301,-0.14488376161219196,42.053978989147595,-89.76333874838522,-6.0,-4.0,right
27.596438957205322,-400.17730575711494,-86.03397262836097,16.66076556911221,-377.52124497973244,-80.55792633407455,0.4247470046322259,-0.879972692165131,-0.21269236728101829,-6.930008204385931,-107.04575285025028,-5.0,-6.0,right
97.5639552088703,-356.9040840033488,-65.80971025415512,76.84687428185686,-339.8668421377138,-63.607003008164504,0.7697757611325724,-0.6330455468568553,-0.08184505591343916,89.43598352446807,-72.00280332910137,-7.0,-2.0,right
126.1950224709938,-325.6696242224309,-56.52797376105375,101.24765288857705,-312.6308841628995,-55.79961834437902,0.8859570703454855,-0.4630453686099473,-0.02586611903093063,137.14230895769896,-53.37090370614594,-8.0,0.0,right
-11.939986227191497,-412.2681261532881,-94.87785689871754,-16.864400173670248,-388.9628927248709,-88.21978271111237,0.19910421111762397,-0.9422786482024079,-0.26919966986805827,-55.90326485701732,-122.21411868803474,-4.0,-8.0,right
147.31930885124115,-287.803173649158,-47.00912325832573,120.14661115638378,-280.48387393187323,-47.508695117192815,0.9654317609951713,-0.26005089721537056,0.017749527296325857,185.5267599056403,-31.388632217320435,-9.0,2.0,right
-54.20554904370667,-416.50993008376463,-103.24866789772497,-52.271457101806824,-394.40211874783415,-94.96777545282093,-0.08165238901271735,-0.9333349528606003,-0.3495979878906869,-104.04058125691736,-136.05246210603323,-3.0,-10.0,right
-112.58299915216489,-404.50285920604074,-116.00428364795908,-100.47200107578179,-387.6906487797994,-104.38379133714538,-0.5098011927531458,-0.7076943513704503,-0.4891538090476526,-165.41836950755174,-156.82812205919532,-2.0,-13.0,right
-127.07777215773442,-395.5179283737636,-120.88492913527679,-112.27318981265054,-380.91770891490603,-107.13328198517775,-0.5938723569361449,-0.5856745256103736,-0.5516348191676916,-181.17598594512947,-164.4963454544005,-2.0,-14.0,right
40.43153514180294,-395.5913182370959,-76.42843302462637,27.8220184677148,-373.5870417524043,-72.21685151918587,0.4904809923914005,-0.8559153888304586,-0.16382076567380482,9.379254303672868,-94.5995972717785,-5.0,-5.0,right
2.0432980497543713,-410.47286346050896,-85.78983524437128,-5.018838623682312,-387.0143234174179,-80.45219094503076,0.2816603243063302,-0.9356006973275824,-0.2128821196620193,-39.367356705986474,-110.54833921405064,-4.0,-7.0,right
76.03609084470804,-374.69496201166925,-66.00077541585605,57.711337193620906,-355.0595479753801,-63.44885877494991,0.6792266349535915,-0.7278076669258781,-0.09458952549585409,57.66850475139204,-76.78345862585856,-6.0,-3.0,right
107.60059746609866,-347.4130042661453,-56.23674405601167,85.35913345387786,-331.7922842516741,-55.23873006823078,0.8177861946652124,-0.5743510935946526,-0.03669551882203178,105.34696919127701,-58.8346962033397,-7.0,-1.0,right
157.90747448466325,-245.5779711392168,-38.72096709569365,129.76607779692523,-244.60124204291765,-39.420831566483855,0.9990896772053518,-0.03467631576238699,0.02484693194044455,235.07462370167383,-6.749964000746303,-10.0,4.0,right
133.78069595233373,-313.8699492947199,-47.02054974938669,107.95686292516409,-302.627519262511,-47.3515540275159,0.9168160965676008,-0.3991367512026484,0.01175154942731844,153.02802431065118,-39.20993788325956,-8.0,1.0,right
-97.61152446398673,-411.70798032723246,-109.84451387706054,-88.42406165457638,-392.55467335762796,-99.64399864819319,-0.38987750545033145,-0.8127862607275262,-0.43286721418512697,-150.77843357278866,-147.40474966650703,-2.0,-12.0,right
-39.46670878623834,-417.67950904179133,-94.71359334135954,-39.96193198743143,-394.76621853265056,-87.59555067697907,0.02063554217213438,-0.9547779091621922,-0.2966029645420539,-88.18615982902165,-125.1094692482214,-3.0,-9.0,right
151.87158267399076,-274.6026539873594,-38.236298211717326,124.30167976817816,-269.09685810900527,-39.418388349270344,0.9797709561905036,-0.19566332571985467,0.042008765439993795,201.01999722193568,-16.917552250624283,-9.0,3.0,right
-82.60172695677323,-416.7587735733414,-102.38637941725332,-76.11768838453523,-395.84182886074694,-93.64900169894855,-0.2750084517668319,-0.8871533562018222,-0.37057964600967047,-135.46398282143932,-137.54589365793223,-2.0,-11.0,right
52.840178660192066,-390.0547559431535,-66.62310914376668,38.02334670683413,-368.6534434577484,-63.74255674618471,0.5657701963619517,-0.8171939052414686,-0.10999184581029806,25.610024563752557,-81.7906438941944,-5.0,-4.0,right
15.479263271250812,-407.3469017165928,-76.55198285901136,6.063190868010284,-383.9521420618036,-72.07386361202944,0.3676272459710139,-0.9133904980471556,-0.1748370844441669,-22.93366942707079,-98.6729388287365,-4.0,-6.0,right
86.89168294397662,-366.87796612972323,-56.09734751567968,66.89768034801936,-348.39151888415626,-54.82543763592348,0.733446318434946,-0.6781441888951496,-0.04665787223999093,73.31221448493525,-63.773917063220495,-6.0,-2.0,right
116.61805579048504,-337.34699194403987,-46.753156899156096,93.07340513831814,-323.0161343703261,-46.899300264505584,0.8541973271107666,-0.5199219311221668,0.005302065165490816,120.73925874053418,-45.64559448188349,-7.0,0.0,right
-25.084730034084306,-417.7708491455504,-85.6629526934716,-27.90529381902743,-393.90267883950526,-79.91044081975502,0.1141324074058658,-0.9658110736386218,-0.23277191329014352,-72.10236622199012,-113.58864667141314,-3.0,-8.0,right
140.25337990886845,-301.500928383407,-37.58869347236295,113.87149040658225,-292.1350164295851,-38.91441083579209,0.941321110692612,-0.33418116781426155,0.04730236402890924,168.46234469783562,-25.192108325958856,-8.0,2.0,right
157.0999815480846,-231.06486913479154,-30.5473444450829,129.5989182535785,-232.49013228630113,-31.76391282397227,0.997686636015693,0.051705855291449804,0.04413480309540149,251.5524798356269,8.535250663875587,-10.0,5.0,right
-67.6580270427624,-420.0486472416884,-94.29629625594617,-63.83301263548187,-397.9507325029846,-86.82830206971204,-0.1618214758064659,-0.9348767859425865,-0.3159417748153556,-119.79533656632887,-127.09295737877572,-2.0,-10.0,right
-139.28125432542123,-392.6503634136496,-112.07029197981333,-121.95730836384867,-379.7667302233338,-98.99890180363431,-0.6864167837181654,-0.5104808152090541,-0.5179202026697829,-195.6708888460456,-154.17727578929947,-1.0,-14.0,right
154.99924321523076,-260.5533452971805,-29.418308311478,126.84161693492237,-257.22082051503696,-31.683207484827598,0.9899159447063726,-0.1171590028623992,0.07962531296251345,216.4645399514438,-2.6017063333986385,-9.0,4.0,right
-126.05513783598765,-403.2925964473393,-107.44694612118828,-111.43700256795142,-387.45229318838574,-95.87918858294134,-0.5975711411051509,-0.6475318445439533,-0.4728755032984828,-181.2843972880642,-147.90277018314868,-1.0,-13.0,right
28.233383429806892,-402.9562768175093,-67.06987175051427,16.90795273958537,-380.0294505730967,-63.63545475053108,0.43895041150167646,-0.8885966538209865,-0.13311094267810888,-6.785123730453304,-86.50387110949455,-4.0,-5.0,right
64.40018241537449,-383.32857153005637,-56.51245489432594,47.69311192330315,-362.85612902445075,-54.904959025187274,0.631093354161713,-0.7733266232926301,-0.06072159450917863,41.4745385169918,-68.68573019704141,-5.0,-3.0,right
-10.993485613374919,-416.40110224921455,-76.51368479976531,-16.255387047443065,-392.26624479887175,-71.85538048368932,0.20932728154757974,-0.960125187429191,-0.18531517386323543,-55.650994419461696,-102.11853200664974,-3.0,-7.0,right
96.95079680247434,-358.00327470685284,-46.53642698439146,75.90738857039227,-340.81231054772616,-46.36271297754827,0.7744168747000483,-0.6326433717564304,-0.006392836026724585,88.80415354701083,-50.92526698596582,-6.0,-1.0,right
124.76631181031584,-326.30485075062353,-37.479265245255746,100.1005729224565,-313.364055482371,-38.737375472499075,0.884624773177435,-0.4641153517013915,0.04512151366992477,136.0393761341568,-32.482727850699575,-7.0,1.0,right
-111.31495010737675,-412.0810874567641,-101.26492805612772,-99.88749600827902,-393.72450826381584,-91.55648750663786,-0.4821219108554286,-0.7744602568976411,-0.40959708685383744,-166.41422296512644,-138.54744121244693,-1.0,-12.0,right
-52.90135685697948,-421.8743062456864,-85.88783612517233,-51.51590079408197,-398.67675701339545,-79.44266902035302,-0.057449440233508745,-0.961911571123538,-0.26725585336060137,-104.09444943675368,-116.52607452568292,-2.0,-9.0,right
145.70822041097753,-288.5785121749062,-28.919895820471517,118.60798173126571,-281.1213256994014,-30.99724421645888,0.9615408250666566,-0.264587678399336,0.07370618813493884,183.55707059038426,-11.812546471069055,-8.0,3.0,right
-96.39708223540339,-418.31710490007083,-93.99145912380575,-87.93369889448252,-397.81707562275994,-85.73319604860048,-0.35761800859407356,-0.8662232763138016,-0.3489507064062093,-151.14047406822175,-128.90821285165387,-1.0,-11.0,right
156.2054000668146,-245.9588999646587,-21.535957074951824,128.3007865987815,-244.8555535614176,-24.302281191086646,0.9943526240809116,-0.03931663101479164,0.09857515665243353,232.54919524524118,11.260073038547233,-9.0,5.0,right
40.537997579140516,-397.77412358020695,-57.145712024188086,27.51987070514673,-375.351507639528,-55.060670672687664,0.5004778210376739,-0.8620304654100248,-0.08015876342832423,9.209178458601036,-73.77371583650903,-4.0,-4.0,right
2.5826820585786976,-413.720249551371,-67.12343800108167,-4.945061215931341,-389.35857462894404,-63.587691944871764,0.29242839771476997,-0.946372013952229,-0.13735226033077969,-39.26595217596354,-90.31375279783171,-3.0,-6.0,right
75.48060694565922,-375.92731150986964,-46.61199236645081,56.96400242707848,-356.33088006063986,-46.25182459720784,0.6867360050793584,-0.7267841700540387,-0.013357750054015571,57.0679386959218,-55.73584660220399,-5.0,-2.0,right
-38.40113708637901,-422.3002230981256,-76.9228614287691,-39.435267984027924,-398.4149436862089,-71.79291536899507,0.042292564204194784,-0.9768296405805391,-0.2097979797241356,-88.07257647311283,-105.3741073898427,-2.0,-8.0,right
106.42326928448425,-348.1717304888714,-37.01678395562093,84.10473635534791,-332.47244195012445,-38.003797308369535,0.8173813091009597,-0.5749618515920635,0.036147818000912005,104.27412695785446,-37.886868314151386,-6.0,0.0,right
132.06225826868462,-314.07709098257635,-28.19389535166995,106.3792660217088,-302.8757241657595,-30.52271937010454,0.913464976805681,-0.3983981376126594,0.0828291017466765,151.69514820077006,-18.62560859999146,-7.0,2.0,right
-81.51452941314055,-422.3006439269228,-85.88950948437099,-75.58863681029928,-400.52595695292564,-78.92655015813946,-0.25092240305662694,-0.9220141415829086,-0.294835327539662,-135.6771719350129,-118.77500339429253,-1.0,-10.0,right
150.00723807276734,-274.6991066263115,-20.287775148471024,122.31584017057938,-269.5233851822646,-23.35103244929597,0.9772172435853884,-0.1826489316639987,0.10810100185185853,198.89491944730446,2.4412492503895464,-8.0,4.0,right
-139.6212837541794,-400.5799834038703,-99.33178234177994,-122.88550130956214,-386.3064056216976,-88.02578467405056,-0.6766990855008157,-0.5771416462890055,-0.4571497214274291,-197.92668018920955,-138.89138372523934,0.0,-13.0,right
-24.22397725217047,-421.4472830981884,-67.48071910718878,-27.604120727754154,-397.3168500017932,-63.775514679311016,0.1371470292158622,-0.9790759583929336,-0.15033615690918103,-71.69706086656882,-93.73099547845844,-2.0,-7.0,right
15.681643328151466,-409.7363576136872,-57.57788660449552,5.827136643578358,-385.68276878232984,-55.176593785249864,0.37750007973532146,-0.921429351301047,-0.0919871749797649,-22.94435026656366,-78.19313844264525,-3.0,-5.0,right
52.43374163215997,-391.35718213896575,-47.01026486941319,37.2491247518438,-369.7020858739169,-46.29975020009334,0.573916120789129,-0.8184736527572657,-0.026854534822568936,25.262964722378506,-60.6458599673888,-4.0,-3.0,right
155.53813284853516,-230.76680773745312,-14.331185650746527,127.90693685744293,-232.5134797707841,-16.9745626404754,0.9934901042798646,0.06280225369528512,0.09504361961108601,249.08156513272044,24.719795966649585,-9.0,6.0,right
-124.89963398711365,-410.9628696834351,-93.00770473371176,-111.3609755092672,-393.58349616779253,-83.46078915427123,-0.56387513976617,-0.7238380882579326,-0.3976219922750545,-182.39495944742225,-130.02447415651866,0.0,-12.0,right
85.98173810746971,-367.43746047335276,-36.95876206053277,65.9826529864566,-348.95235336338584,-37.7220862762468,0.7340682056259222,-0.6784975075064335,0.028017883515644854,72.6661646837794,-42.93705716015675,-5.0,-1.0,right
115.01451642964645,-337.2764448042316,-27.73061697969839,91.540344646699,-323.1155929636518,-29.90172196038385,0.8535892243720407,-0.5149297981975548,0.07894769764954328,119.7217792558829,-24.848936058930498,-6.0,1.0,right
-66.7568563809723,-424.90355240000576,-76.99196229290175,-63.35983569283091,-401.9666444999715,-71.44817260252977,-0.1424887809227385,-0.9620936534835113,-0.2325354795249552,-120.02743678997805,-107.73549981070823,-1.0,-9.0,right
138.3081273699141,-301.5118553942501,-19.286582291003356,112.08613563105781,-292.125884803723,-22.32337488151416,0.9359558363079937,-0.3350185615611134,0.10839389231191286,166.61849565095838,-5.291147516291595,-7.0,3.0,right
152.9960807142883,-260.43216408889475,-12.266763047886728,125.22298782219627,-257.0764242589861,-16.044326421290734,0.9838501696329962,-0.11887567631475068,0.13381859846013616,214.02171445918464,15.646853075701074,-8.0,5.0,right
-110.20107537349625,-418.5244585667822,-86.02484906749723,-99.57630943324911,-398.9076485383812,-78.03338301182028,-0.44835088794615474,-0.8278031012041323,-0.3372291608309041,-166.7598149808273,-120.83644581846079,0.0,-11.0,right
27.9059381711105,-404.6300770694421,-47.7278966655535,16.483256661977308,-381.4267692984149,-46.62691118893191,0.44126925173891673,-0.8963662560146038,-0.04253213547587479,-7.059417883724645,-65.7019231192773,-3.0,-4.0,right
-10.446210436512892,-419.2081953589247,-57.98091413792935,-16.465462666100475,-394.48421196569853,-55.25441122464732,0.23520231686800896,-0.9660897989469035,-0.10653811764177339,-55.27901210051255,-82.04074392713325,-2.0,-6.0,right
-52.15680168819155,-426.0366525284138,-68.22683819278636,-51.37473690281621,-402.1462186678515,-63.76496120929016,-0.03216242452095353,-0.9824944047882157,-0.1834947492676113,-104.0672660868022,-96.99487862573929,-1.0,-8.0,right
63.283839074655035,-384.07667056223806,-37.13621341201308,46.69096633537732,-363.4299963652429,-37.82328274693697,0.6262216554562745,-0.779213744266411,0.02593027157442113,40.624578753164705,-47.833885279334865,-4.0,-2.0,right
95.4225119847631,-357.94483984019075,-27.42959883971065,74.59802487872633,-340.86062443076,-29.21272936851047,0.7714311605977603,-0.6328749444868088,0.06605504598144864,87.85632627287332,-30.13070024198518,-5.0,0.0,right
122.70814510727368,-325.5935966554591,-18.609974172526545,98.19072834158544,-312.9688254261341,-21.848298741957535,0.8829873297187679,-0.45467730726398525,0.11662727732092217,134.8904587095371,-11.800605594023345,-6.0,2.0,right
-95.43269132456774,-423.66006033031226,-77.59659822261696,-87.61199008311627,-402.4095403607064,-71.39917105577243,-0.3331258988511973,-0.9051744015497565,-0.2639818900864639,-151.38497825772114,-110.32426751090529,0.0,-10.0,right
143.58076936222943,-287.8519585085679,-10.767922754901846,116.67147037568392,-280.9069630446927,-14.62465375638331,0.9590802697672466,-0.2475281175610004,0.13745860162206308,181.6970933997791,7.966192967592299,-7.0,4.0,right
154.09163414661964,-245.28055251043398,-4.9906369927378424,126.46962668494515,-244.3839471315518,-8.81170012720602,0.9900553658371045,-0.03213701855784325,0.13695833167562363,230.00020816775728,28.6446519049195,-8.0,6.0,right
-151.34841202631625,-397.6816953316502,-90.32449769327049,-132.37308656067952,-383.645069244562,-79.00493716450276,-0.7248923054429859,-0.5362249128921104,-0.43242801516946316,-213.09583056921247,-127.66760375216427,1.0,-13.0,right
2.5856223972304893,-415.5620885503325,-48.240430094995496,-5.424542540331199,-391.03206933784566,-46.90151402073192,0.3099974770614592,-0.9493242807625364,-0.05181673639108437,-39.15719465659547,-69.98069433170804,-2.0,-5.0,right
-138.09766673675477,-408.7531270251676,-84.59508781608149,-122.29459315262199,-392.1489507236229,-75.3437041701652,-0.6393114191482372,-0.6717199321141178,-0.3742635998160545,-198.45063832967287,-121.49859957531535,1.0,-12.0,right
-38.12054091934991,-425.6575855148779,-58.69119216347187,-39.50087844131541,-401.2152404054874,-55.51376870565258,0.05591438167059674,-0.9901046603622363,-0.12871030825608118,-87.98580905956372,-85.48892677175803,-1.0,-7.0,right
40.05328322975892,-398.617574023878,-37.729691177239786,26.56370802980454,-376.19892947002614,-37.84912953788415,0.5155688106626878,-0.8568360187753002,0.004564909764180379,9.02384154523515,-52.802670822369734,-3.0,-3.0,right
-80.79311128304826,-426.8036050002414,-68.70472807041585,-75.15746114623931,-404.1089694290715,-63.7853430724887,-0.23584309285758998,-0.9497347980176852,-0.2058685235427524,-135.90257118238665,-99.62128926216246,0.0,-9.0,right
74.14320341006831,-375.7300068569809,-27.439021243235207,55.9053390667968,-356.57040450308193,-29.239429486894807,0.6878777964478613,-0.7226430024894641,0.06790602408510811,56.4548880739936,-34.92286563202131,-4.0,-1.0,right
104.57616901017136,-347.364878440757,-18.171357102964905,82.43016377888912,-331.98509487496403,-21.13521711921792,0.8164414066029229,-0.566995807892597,0.10926657044339859,103.3827273797359,-17.280187677842342,-5.0,1.0,right
129.60180361377218,-313.0736626546165,-9.820472754528279,104.44227940362481,-302.31361313011257,-13.710974580458544,0.9102894876177711,-0.3893062478682362,0.1407611242613924,150.04335004414818,1.4701825308474028,-6.0,3.0,right
-123.781270377343,-417.51055482942945,-78.03041457021241,-110.84204887513918,-398.6862849393648,-70.2483891160812,-0.5361929972428361,-0.7800656083940385,-0.3224821178121084,-182.6259930811727,-112.67108002147725,1.0,-11.0,right
147.5138643158695,-273.9924195752792,-2.917510126639897,120.33429733430235,-268.9415539483169,-7.201957435782324,0.9715687930706189,-0.1805497278333279,0.15315311329062806,196.51942870256215,21.15472017774333,-7.0,5.0,right
153.16406510686883,-229.4132332571588,1.130714991938909,126.07727604921382,-231.89282301355314,-2.5742997429955494,0.9867243115211931,0.09032711444776285,0.13496720138081128,246.6024681191304,40.29266742581696,-8.0,7.0,right
-24.204705161859852,-423.79731867418184,-49.06086575196086,-28.038071072779857,-399.0616832389101,-47.24148918651845,0.1527423519428003,-0.9856035716340774,-0.07249395495578799,-71.53451887690765,-73.79435191988514,-1.0,-6.0,right
14.940539321422932,-410.7384257315582,-38.420462302130176,5.274315239389101,-386.675968112948,-38.359243422083054,0.372760258139659,-0.927924682613038,-0.0023607941773044865,-23.269044898185527,-57.67222230954344,-2.0,-4.0,right
-66.32343605894586,-428.5282721985302,-59.55931111146684,-63.43904616453874,-404.7711548104288,-55.904804830515246,-0.11914534801095544,-0.9813340507228039,-0.15095650678033562,-119.98274565249615,-88.4992814487492,0.0,-8.0,right
51.11370210533681,-391.51290895899683,-27.773978730910002,35.932546922334566,-370.0158487619668,-29.398169414120648,0.5757591646545065,-0.8152956262134671,0.061598913898992136,24.51331346537623,-39.944245535280814,-3.0,-2.0,right
-109.2415263959038,-423.8956670415246,-69.67824904928378,-99.30077941192579,-403.1750994104501,-63.808045258628496,-0.4190941182238349,-0.8735629258483992,-0.24748320074980887,-166.9373496722203,-102.33069305628169,1.0,-10.0,right
84.18893405914082,-366.6554574704389,-17.95612334510386,64.38390715997139,-348.49600101062384,-20.7511816137833,0.7331086766729392,-0.6721957592954927,0.1034626955574229,71.82030920879555,-22.275312523386845,-4.0,0.0,right
112.67263549692878,-336.09231192182017,-9.174307812474472,89.27530910511462,-322.30085178511507,-13.129719196133465,0.8524849253370788,-0.5024938177996986,0.14411597810832258,118.50659795862006,-4.53730850703969,-5.0,2.0,right
135.50933945493858,-299.9042852463285,-1.3999127211393634,110.00139897535183,-291.34400754280836,-5.821566280377317,0.9354906777946009,-0.3139438088851081,0.16216188399901096,164.8707554288738,14.328225413833337,-6.0,4.0,right
150.4261757227054,-259.3907124601318,4.32913438584222,123.54022791262989,-256.3344809922323,0.14283170223275446,0.9819193998264765,-0.11161864145128163,0.15289071628121365,211.46615954905909,33.41265561228596,-7.0,6.0,right
-11.031295423528192,-420.6309392450348,-39.22568322934889,-17.016717999749353,-395.88385963030476,-38.76437533488355,0.23504691109790724,-0.9718151973504641,-0.018115512192893826,-55.42374884371023,-61.861125990824476,-1.0,-5.0,right
-151.4243133621032,-404.7725113420924,-76.06302048039808,-133.46128045611079,-389.62780060977593,-67.05032778327956,-0.7138190632131235,-0.6018239394289315,-0.35814842024470894,-215.9775850362935,-111.10482602055004,2.0,-12.0,right
-94.91520362755159,-427.94444395740874,-60.698062370241274,-87.37403948145675,-405.95500950037047,-56.31611562369075,-0.3187845568394565,-0.9295503960309975,-0.18523624796266824,-151.62671375674142,-91.53527863465547,1.0,-9.0,right
-52.21181147071398,-428.79210606699183,-50.08835542866156,-51.554693649486325,-404.3752106989987,-47.57144308954824,-0.02676098412764203,-0.9943728936896128,-0.10250072206509644,-103.92462907351447,-77.19881340976735,0.0,-7.0,right
26.937417739065673,-405.0015270866899,-28.52171327461693,15.511754166995235,-381.96896382032213,-29.695953859239076,0.44392901780011573,-0.8948997249710586,0.045623561914302266,-7.4582072695504955,-45.07731629639897,-2.0,-3.0,right
61.74769361502953,-383.46365805907,-18.25058195232488,45.11544069771851,-363.16602216317716,-20.90335238866483,0.6305965811787995,-0.7695662076326484,0.10057735269688375,39.984555170858506,-27.324877520095512,-3.0,-1.0,right
93.32395148762924,-356.7478320091949,-8.857174033304048,72.68362336828193,-340.03801491839704,-12.621600363877686,0.7695338829176338,-0.6229925393807998,0.1403492034803619,86.88137852701053,-9.86720762376499,-4.0,1.0,right
119.71057155579082,-324.1298590110144,-0.7174088889911985,96.13655730042487,-312.001070496765,-5.202910315869689,0.8767504391589184,-0.45108654559811673,0.16682204834793937,133.0919598414623,7.824119166164067,-5.0,3.0,right
-137.01666298772892,-415.1956092884695,-69.75509537187412,-122.22413592207006,-397.4131674364718,-62.518195318512355,-0.6103414726036511,-0.7337057216973675,-0.2985953796838653,-198.5329274239962,-104.42621057529962,2.0,-11.0,right
140.56355818441202,-286.4830634016185,6.404713968487849,114.53155444936249,-279.7797004492133,1.7998904851693402,0.954504853195091,-0.24578947267836063,0.1688431827096109,179.398607975286,26.623839919293005,-6.0,5.0,right
151.57429302819412,-243.81773839769943,10.810006615015467,124.58617495585646,-243.39238855334384,6.371219411270177,0.9866235593338708,-0.015549812561045836,0.16227185676105507,227.2526875995701,45.35396825995402,-7.0,7.0,right
-80.53638451269855,-430.1774371316904,-51.232484566145395,-75.44703352678881,-406.9573801427903,-48.18141016371338,-0.2123548308901633,-0.968864456153523,-0.12730707521559181,-135.82508409866358,-80.37660538323101,1.0,-8.0,right
-38.27061081147378,-427.4068812697407,-40.3359657441823,-40.080528690102966,-402.4266373461053,-39.19474180473933,0.0721896383837681,-0.9963517112452506,-0.04551838758876992,-87.57894197684064,-65.58401199190149,0.0,-6.0,right
-123.01343267172932,-422.5970308257965,-61.88438792056208,-111.07738152662415,-402.8527800972224,-56.24483510946182,-0.5025497224940075,-0.831302379980676,-0.23744500302103588,-182.8051929629542,-94.51265219155208,2.0,-10.0,right
1.504244839359707,-416.1003745966292,-29.38866612595489,-6.320534588568595,-391.4360864066314,-30.06282549365856,0.30229562266620097,-0.9528583424859622,0.026044878033091124,-39.513825808885365,-49.72032287069247,-1.0,-4.0,right
38.31216662060281,-398.2343053343021,-18.684332746759477,25.010514757999765,-376.2853018413626,-20.91616175286157,0.5163310641805344,-0.8519958609857915,0.08663304811257991,8.126605351469204,-32.389329625413076,-2.0,-2.0,right
72.02009686629684,-374.31654536853443,-8.861337825518193,54.10419813108862,-355.59029917431565,-12.380653834456709,0.6850128274197741,-0.7159963919226469,0.1345607410209907,55.58990022846105,-14.659807269164787,-3.0,0.0,right
101.85376455896551,-345.75897479839267,-0.026606626214007292,80.17432983326832,-330.7261969428565,-4.429756931147409,0.8105551742108839,-0.5620485971031594,0.16462589120285398,102.05187536451102,2.5887193220311246,-4.0,2.0,right
126.49428945743443,-311.393464583203,7.519410178742461,102.22350076294312,-301.11989328367224,2.843644219715971,0.9067379254676977,-0.38381269123715434,0.17468300593884012,148.05101796061848,20.481996630220003,-5.0,4.0,right
144.6510554289934,-272.513516943318,13.72926506233059,118.56525732311336,-267.53696698983833,8.703441952899992,0.9651523190520226,-0.18412811097378115,0.1859511757901242,193.92645687074267,39.10301715258532,-6.0,6.0,right
151.0159449887993,-228.11135551925798,16.334259062776603,124.3419636577287,-230.09085548971154,12.173474663570957,0.9854062554218413,0.0731278780352208,0.15371019884695586,243.0028795287303,55.43582670036466,-7.0,8.0,right
-163.7008389235941,-399.2525397539686,-67.42820752328275,-143.21655558963099,-386.1762210844124,-59.10414575356151,-0.7974185315994399,-0.5090389867296603,-0.3240416569687203,-233.2268548638384,-101.53213799485566,3.0,-12.0,right
-108.95941184898254,-427.7357213799169,-52.850534751401106,-99.62913319099991,-406.4800817614019,-48.84416754181591,-0.3960813540265079,-0.9023270182394796,-0.17007502211547154,-167.17407699287747,-83.68779837668296,2.0,-9.0,right
-24.803596482037783,-424.6347368726982,-30.448540463543708,-28.854960219208053,-399.76071696747545,-30.731698765061168,0.16074681273128177,-0.9869317294062003,0.011234931598397236,-71.28148164601319,-53.664335262663286,0.0,-5.0,right
-66.45715823021584,-430.9494966496736,-41.54366897025195,-63.918923686142136,-406.6766146676863,-39.76662345865418,-0.1037290804789809,-0.9919507771434929,-0.07262185337352513,-119.66415315093822,-68.8380956762831,1.0,-7.0,right
-149.87723723905023,-411.68348519636794,-61.741706148179034,-133.20884602542665,-395.08277960976267,-55.0444873731283,-0.6814665648183169,-0.6786993216488598,-0.27380750871387777,-214.66604467322895,-95.35892282202636,3.0,-11.0,right
13.47276371108764,-410.50313841273163,-19.639043726535498,3.815173777261927,-386.4891953456381,-21.385972221196695,0.3722754269146307,-0.9256761747456496,0.06733963189527437,-23.82249778703857,-37.448483955417124,-1.0,-3.0,right
49.18233586181303,-390.47243644007574,-9.285455693257635,34.22350405040889,-369.252487895478,-12.499649964156337,0.5718047830795362,-0.8111374088217442,0.12286331453005374,23.643807428840034,-19.938562076681578,-2.0,-1.0,right
81.43795224834503,-364.9826882416564,0.08976453010866588,62.60513016716693,-347.36798328869094,-4.131170970076409,0.7207396362288867,-0.6741218063525238,0.16153689042649727,70.52629001570733,-2.5701841302727537,-3.0,1.0,right
132.36551475591745,-298.40151415016817,15.44267345951303,107.85938839015445,-289.7234146025828,10.131276116172586,0.9235630918674547,-0.32705178819688,0.20017078502481456,162.47656360895522,32.66392156595556,-5.0,5.0,right
147.51554957525477,-257.49114369179006,20.444270242793802,121.18474808864781,-254.5810975440349,15.002134905217547,0.9736159850638888,-0.10760278027120257,0.20123010536691746,208.6395343497257,50.74864285058814,-6.0,7.0,right
109.53993192041659,-334.0757178166906,8.309391917644895,87.11944911677008,-320.5609014475,3.6225259541428083,0.8430331634777932,-0.5081709656888912,0.1762309703413225,116.88608564536428,14.734574543763145,-4.0,3.0,right
-136.23210983453075,-420.41540477956244,-53.796989562604,-122.61624738474778,-401.38767612871106,-48.92641572086025,-0.569721975550183,-0.7961680868308609,-0.20379707575743936,-198.27151019647576,-86.44338101956286,3.0,-10.0,right
-94.79333826152188,-430.7368341438637,-43.120046838562786,-88.05662644336371,-408.4713835687029,-40.5494312531883,-0.28784592840296397,-0.9513571999387835,-0.10983715048412865,-151.3757084296966,-72.20538582174572,2.0,-8.0,right
-52.56143622718953,-430.0808113192461,-31.734493954741126,-52.36647268224962,-405.25113710932476,-31.349289141574197,-0.007850851275627289,-0.9998488666404388,-0.015511544477514768,-103.41300443742169,-57.28555488325608,1.0,-6.0,right
-11.91209418299199,-420.46637417108514,-20.44182532130614,-18.11771240204861,-395.7585931684301,-22.090759813042126,0.2430861144978272,-0.9678517546172373,0.06459196562022551,-55.15001435095418,-41.510377398629046,0.0,-4.0,right
148.58108369524098,-241.87141484636024,26.314926224354622,121.91886167600626,-241.23577549565277,20.50986930336572,0.976843440583904,-0.023288386461850503,0.21268414055637544,223.7989085766096,61.783502950151004,-6.0,8.0,right
25.075384982668254,-404.1013170599651,-9.847567835714596,13.534790117272951,-381.31412519258265,-12.662822288240463,0.44909216776244165,-0.8867436654956976,0.10955316772090853,-8.227897492990152,-24.917406165766657,-1.0,-2.0,right
137.27117349135068,-284.52746499946016,23.07914085973476,112.25102882084931,-277.73208237839026,17.064356277105126,0.9400739886928006,-0.2553207637050371,0.2259916002958626,176.8370896780508,44.83503361873481,-5.0,6.0,right
90.3844396901174,-354.44799976952595,8.781424605972848,70.222136765524,-338.0077672391493,3.8377787411701716,0.7613897036011708,-0.6208330377860459,0.18668706019291045,85.69134036540538,9.585339307724723,-3.0,2.0,right
59.507244831961046,-381.57952294590643,-0.24176894831790802,42.91882984748997,-361.48394593100005,-3.9680627017378436,0.6301904344618009,-0.7634267904220883,0.14156112453168643,39.13231476957989,-7.653625736189124,-2.0,0.0,right
116.70104984110591,-321.93976528174005,16.59320428312729,93.61980669624208,-309.95982991119706,11.189747111529455,0.869006456784314,-0.4510433482079268,0.20343961291880955,131.39454576725362,26.929492388175316,-4.0,4.0,right
-122.86918862600137,-426.3961989828615,-45.01517165727138,-111.61419280701134,-405.9683180722103,-41.530385474481236,-0.4772679361766069,-0.8662439968425395,-0.14777230806881392,-182.80259398657304,-75.79101844543966,3.0,-9.0,right
-161.67631583631,-407.9190350764282,-54.18832462746977,-143.07121668923537,-391.972925064554,-48.04995552674517,-0.736520757816938,-0.6312592551824443,-0.24299984784206954,-230.36381308388312,-87.29740899258277,4.0,-11.0,right
-80.96562922779796,-432.0606604619784,-33.25286765593794,-76.28732233323164,-408.70606042019176,-32.26737533912907,-0.19624642528247305,-0.979682794522481,-0.04133960184221989,-135.42849788318523,-60.74127932309608,2.0,-7.0,right
148.10741319920814,-226.36843065915087,31.54882700803742,121.244596258955,-228.53449109416212,25.088502153486694,0.9693040856534946,0.07815901191965617,0.23311104304855632,238.6401332934092,70.76073220961702,-6.0,9.0,right
-38.953663747474536,-427.81679306494505,-21.768296008415902,-41.14825996323748,-402.9832347877615,-22.872073613022984,0.08794297984375715,-0.995143024184923,0.044231139622285975,-87.11870117113938,-45.45976417892311,1.0,-5.0,right
-0.012383592331665454,-415.2460479499115,-10.99850620824484,-7.787789463889936,-391.0679698250775,-13.484851020919553,0.3046910989083777,-0.9474547457767475,0.09743120111711652,-39.77244024635666,-29.748452709631948,0.0,-3.0,right
141.19189421776605,-269.8115353865182,30.09266669734995,115.88985577331894,-265.02674643221684,23.40353373552189,0.9510217723342304,-0.17984473786789204,0.25142286850540957,191.30368607038383,57.080325524615894,-5.0,7.0,right
123.38392734932305,-308.86571268024136,24.748476590136335,99.53943459620294,-298.7909170141629,18.479199231584847,0.8952681912828967,-0.37826948918150394,0.2353870413413082,146.23689205798684,39.52569003851295,-4.0,5.0,right
98.69545820487858,-343.04343251283376,17.386905943640013,77.62711131333648,-328.0848546308316,11.792311812531553,0.7969158159932659,-0.5658121807231182,0.2116170086858249,100.68832874592188,21.907772010703805,-3.0,3.0,right
69.34196857534926,-372.2014933595973,8.845251864592646,51.85289855092561,-353.7917630226122,4.210298877714019,0.6775511178255161,-0.7132187904371794,0.17956458364811317,54.44374901576127,4.691146310175366,-2.0,1.0,right
36.24752700822076,-396.4643453685682,-0.5649749223262459,23.107333040960096,-374.8603226527664,-4.0238077714873475,0.5148616690442429,-0.846493074702024,0.13552467019140868,7.4395234391448,-12.610746200669539,-1.0,-1.0,right
-149.68907101998815,-416.66306031642,-46.039545332599616,-133.97219628673267,-398.992075266088,-41.59461981946406,-0.6531477705948803,-0.7343549328810558,-0.1847182241149954,-214.5109662641455,-77.73142621870718,4.0,-10.0,right
-109.07214203369237,-430.1971600732276,-35.33353665195733,-100.34007860174707,-408.2183018552653,-33.4383741253081,-0.36804175970840747,-0.9263718384508317,-0.0798779070579916,-166.7809233809957,-64.38658226662722,3.0,-8.0,right
-67.07702130631385,-431.827038864133,-23.348196780351145,-64.84210097321755,-407.4321102871022,-23.876334368856668,-0.09121088002872076,-0.9955983087173838,0.021554188536598493,-119.04949912218012,-49.02763156373395,2.0,-6.0,right
143.77720499323522,-254.67135476646655,36.30933124943272,118.16506927516616,-251.91052048437012,29.201913480755355,0.9584301634060599,-0.10331301072483232,0.26596624539291425,205.45704884935373,68.1434420389082,-5.0,8.0,right
-25.953772525396584,-424.1981412870961,-11.838894297471228,-30.105966292504096,-399.66389672201353,-14.231328770508139,0.16610188826195643,-0.9814533179119195,0.09570552479087617,-71.04644621902332,-33.45596414211676,1.0,-4.0,right
-173.88658264582307,-398.5463272601061,-48.9405511348006,-152.28690731731496,-386.2073950233973,-42.649417535762566,-0.8418040758793149,-0.4808851656742751,-0.245184329163586,-248.45684924874942,-81.93870951011033,5.0,-11.0,right
128.77049652537363,-295.2367498403561,32.3897312439571,104.83005495895831,-286.8172150535762,25.458151936374193,0.9100263666091836,-0.3200441658228017,0.26348385908604527,160.54936074666512,51.60968244137088,-4.0,6.0,right
78.77397986831579,-362.08596337745,17.530341262579327,59.79125331467938,-344.5657378969305,11.888591527202582,0.7179251071883312,-0.6626134407259936,0.21337049617480722,69.73734665860097,16.750709600951023,-2.0,2.0,right
11.705751397839787,-408.98638879369196,-1.4407088219296356,2.0649200898321958,-385.6836495131016,-4.6016966020531385,0.37932660839295856,-0.9168658568094453,0.12437172018661062,-24.203255812881178,-17.569889834040314,0.0,-2.0,right
106.48431586160333,-331.11940351989756,25.867183442523178,84.37268702589982,-317.8127443884068,19.35487602768179,0.8307703982486799,-0.49995315081347175,0.24467814039143698,115.44621512666043,34.23631677696405,-3.0,4.0,right
46.93609857361105,-387.89591299303333,8.540630056548203,31.970365283112663,-367.0807787854147,4.054596167683041,0.5750238105828415,-0.7997735598734259,0.17236551334352318,23.059640075558974,-0.306679911863565,-1.0,0.0,right
-136.69171347058796,-423.79027885159144,-37.05505857469211,-123.5866529572671,-404.3603099594784,-34.22693710809418,-0.5551474040297327,-0.8230787473183284,-0.11980290276925676,-198.44352246696448,-67.92427051583958,4.0,-9.0,right
-95.49914192220393,-432.05252841627146,-25.423349923469353,-88.94332297817691,-409.33333371978273,-25.03307107435934,-0.277208985046781,-0.960667912989253,-0.016502713783086136,-150.89130353200142,-52.85430826750864,3.0,-7.0,right
144.89928341733327,-239.0710280085454,41.77062725207584,119.14864343650038,-238.2829342056566,34.516747357832905,0.962121330016447,-0.02944555391157166,0.27102676192993175,220.04770156703114,78.5124029335987,-5.0,9.0,right
-53.59107519768766,-429.91300452139376,-13.4688449607849,-53.62516062554931,-405.30888103444784,-15.162750217450505,0.001382081419324526,-0.9976375255752281,0.06868374927947947,-102.9453749310024,-37.39367790399585,2.0,-5.0,right
-13.668124248137843,-419.33214614690286,-2.4006800190389095,-19.63691602778282,-395.32004865438927,-5.543163929081471,0.2393108748906413,-0.9627335432422461,0.12599376919239413,-55.486117577389834,-21.843455119445505,1.0,-3.0,right
133.24780274543505,-281.0683355550574,39.62729342555505,108.82183041961817,-274.2870472517326,32.03876638243075,0.9230832890196712,-0.256272046300795,0.2867784507549848,174.45047583945552,63.452675824466596,-4.0,7.0,right
22.9388086507039,-401.95860237293476,7.9323145174818634,11.829302234429058,-379.501416729904,3.8556070521869783,0.43765158102375357,-0.8846858207506165,0.16059916621893472,-8.79339865965968,-5.375642828510485,0.0,-1.0,right
113.18570088968175,-318.71872964398074,34.02539632362155,90.70112529973964,-306.8836726417079,26.72341518300935,0.8504790401513319,-0.4476610145104017,0.2761974264014551,129.61545130829066,46.38005932204737,-3.0,5.0,right
-162.82993866815366,-410.79269647468686,-39.41699882624798,-144.63875164180158,-394.5923158922859,-35.30233543774338,-0.7363573345364975,-0.655771888159505,-0.16655661672242986,-231.7540246317486,-71.29667224749593,5.0,-10.0,right
87.46356888410183,-351.15808345125595,26.351211433333674,67.65645096418498,-335.1729218038786,19.835865557923476,0.7538818366921916,-0.6084137566742481,0.24798160616290987,84.68099504426854,29.103302881398708,-2.0,3.0,right
56.90875299329282,-378.9532423448545,17.556871419957176,40.8878146132081,-359.1724906450993,12.263596754534548,0.6162048138116152,-0.7608165095593485,0.20359240216010624,38.24142827139353,11.869043943382266,-1.0,1.0,right
144.44644588742676,-223.21431392377272,46.496712977687906,119.0850289140612,-225.07468365530585,39.44050446566962,0.9610096658207788,0.07049421946263157,0.2673779856708279,234.55458825382667,86.36858235669442,-5.0,10.0,right
-123.29380392784246,-428.5779750866242,-27.458672643669487,-112.54206936583805,-407.429819954329,-26.27728319030537,-0.45263342408387763,-0.8903086116370095,-0.04973489164645935,-182.31240735694146,-56.435604769291416,4.0,-8.0,right
-81.87518071319606,-432.331711702017,-15.281428598177548,-77.34615498459453,-408.71488976223054,-16.492073214201675,-0.18810101818954514,-0.9808617834120216,0.050280898936325015,-134.70192467229003,-41.116678042713176,3.0,-6.0,right
-40.446302648605986,-426.790441102739,-3.5462652413912403,-42.55133047288304,-402.36343969307586,-6.599682248924098,0.08519985902141108,-0.9886696282192219,0.1235853966275834,-86.90755040281344,-25.55482517667139,2.0,-4.0,right
136.88364796970444,-266.3202447067421,46.124981831420534,111.85701200059324,-261.50278877482265,37.99796179682177,0.9355579547706414,-0.18008849549044267,0.3038082406014744,188.3454591753822,75.12550817024531,-4.0,8.0,right
-2.042112728724427,-413.39282911231874,6.815967661432759,-9.411446023394518,-389.8722512987429,3.082892126720336,0.2956115723611741,-0.9434985109634344,0.14974764804809565,-40.26098147062854,-10.197383894392793,1.0,-2.0,right
119.25308212689689,-305.38424352968934,41.737955291327395,96.3626933381029,-295.2706841155876,33.76620487543103,0.8715467677661686,-0.38507166039427915,0.3035227305450735,144.07864158269248,58.665865986913055,-3.0,6.0,right
34.036378495516544,-393.6908479373371,17.128272372337,20.911777297017036,-372.03263726671355,11.862919352146267,0.5074047112007596,-0.8373190136786277,0.20356160832417286,6.971851971222361,6.928770491674057,0.0,0.0,right
95.50401963361888,-339.50417823673104,34.78538197327701,74.76577587534894,-324.9987758136319,27.405481524733307,0.7866779003635839,-0.5502432923029947,0.2799467812908452,99.43607196773122,41.351547826334574,-2.0,4.0,right
-150.62564990918258,-419.3831197084049,-29.899438120042575,-135.38501047759988,-401.2677936930339,-27.779793299892994,-0.6412153930061116,-0.7621613215459193,-0.08917925605989079,-214.7542754852085,-59.99262926238613,5.0,-9.0,right
66.58759634697694,-369.2052698125528,26.458314157102123,49.45241889421848,-350.8608044166996,20.150094930147116,0.6620255537061476,-0.7087469560566433,0.2437209849818253,53.52815115419766,24.125850454380522,-1.0,2.0,right
-110.00567738921642,-431.09335617610463,-17.62186156451204,-101.44956282098389,-408.53511333550466,-17.937604123271694,-0.35460718940686436,-0.9349237937232444,0.013085914224851352,-166.1563011176269,-44.96302687772568,4.0,-7.0,right
-175.8827303883736,-403.4337087062379,-34.23116002605926,-154.8122638118581,-389.4421184928831,-29.642110064520654,-0.8196772887246969,-0.5442968569007488,-0.17852191438839005,-249.41729145883735,-65.85812286686615,6.0,-10.0,right
139.36618984795325,-251.05791444014622,52.0832826818433,114.21942118516752,-248.10292817048182,43.444441595583285,0.9399616973382267,-0.1104545059801417,0.3229114579040562,201.99780203472116,85.89975643346311,-4.0,9.0,right
-68.37276551029356,-430.99099095294764,-5.406202480215182,-66.26258076379139,-406.8134063501717,-7.710579901286112,-0.08655871618967931,-0.9917523511875551,0.0945244019581764,-118.47805019068042,-29.36609325470019,3.0,-5.0,right
124.36608173353524,-291.254808729289,48.99403428112977,100.7512436511492,-283.0884175419209,40.306632079150354,0.8926708188312842,-0.30869994038036186,0.3283948172798186,158.21804345674394,70.54308730470171,-3.0,7.0,right
-27.96044309047445,-422.56829560388417,5.691810042635056,-31.90943792400539,-398.34638255616517,2.240031527283267,0.15934116211326046,-0.9773494107559849,0.1392785818111478,-71.42440346136178,-14.19821366508266,2.0,-3.0,right
102.68763111817802,-327.3470712391281,43.059851310170366,81.37119468487356,-314.18910875194723,34.773248854248045,0.8078870461392375,-0.4986831396626452,0.3140599415662947,113.78465185256319,53.5675226190049,-2.0,5.0,right
44.318240141988134,-384.69087265967823,26.087817902007266,29.83380777530222,-364.40946667169,19.872360462752873,0.5639056874670028,-0.7895925706248906,0.24197923063011859,22.443808676906635,19.113283277699253,0.0,1.0,right
9.528632553949446,-406.59067933406084,16.27278438149206,0.5181058030005724,-383.7871975545809,11.685462855987137,0.36122187854060955,-0.9141659254030701,0.18390055817082665,-24.710826299155467,1.9641111391440305,1.0,-1.0,right
75.67324571656218,-358.3549372130798,35.09586471491471,57.31812156987972,-341.7072505608512,27.86201150432062,0.7110412924266243,-0.64489853288481,0.28022520005755275,68.77955391285137,36.31782582944968,-1.0,3.0,right
-137.6414312287534,-425.3696762012505,-19.965874316153897,-124.74171336772653,-405.2809997268135,-19.61874987853534,-0.5402726936743083,-0.8413643978979115,-0.01453844626470214,-198.01494622892642,-49.123058488345066,5.0,-8.0,right
140.26416911649386,-235.31934113105157,56.90097341392898,115.39720635228633,-234.4561371073737,48.11696656974397,0.942397195912472,-0.032713325673422215,0.3328924202496879,216.2342396514768,95.55193221808297,-4.0,10.0,right
-96.72092102341728,-431.8900171556403,-7.595381276099085,-90.22417077079903,-408.65719847550474,-9.258046916701378,-0.2686681743742799,-0.9607755781969829,0.06875827527392407,-150.12369936550928,-33.310956978864745,4.0,-6.0,right
-164.3700461058541,-413.1150550176088,-23.57375947517454,-146.38725989410466,-396.4881467501344,-21.942067932206612,-0.7326212346269808,-0.6773825768438385,-0.06647534251163588,-231.9755590423014,-53.842629357922725,6.0,-9.0,right
128.61452415326502,-276.5382760433816,55.64546724931826,104.34762920605641,-270.3475050523607,46.33517016135114,0.9082360220710614,-0.23170171670786827,0.34845608430211306,172.06802751904956,81.98420705082759,-3.0,8.0,right
139.51744317566693,-220.75154455754864,60.93378485242248,115.44436318196348,-222.32958567180154,52.04176551717113,0.9362837243467275,0.06137537082963278,0.34584078906188365,227.2680786440571,101.39071868444488,-4.0,11.0,right
-55.2212554059202,-428.37168930830916,4.307698896995816,-55.15827890976979,-403.96291820162594,1.2048100355681197,-0.002559470420672788,-0.9920133934304212,0.12610660714580368,-102.60297005503891,-17.807979097069072,3.0,-4.0,right
109.01067963749196,-314.2838442758876,50.84974575702627,87.37079306437471,-302.7896647876785,41.85437333238756,0.8290489681272313,-0.4403552491817083,0.34462307375637025,128.0330982002258,65.6484345311291,-2.0,6.0,right
-15.834533326183792,-417.14665663805096,15.204985269068516,-21.44823929973778,-393.46492496275187,10.786153453360853,0.22694579789672434,-0.9573835031520815,0.17864051250840993,-55.955743669584095,-2.394665250214242,2.0,-2.0,right
53.850444871657075,-375.43485337028176,35.01562077672886,38.32011251404181,-356.06448506435333,27.799152982185,0.6006709186025551,-0.7491930408228862,0.2791133015958215,37.31817254851398,31.24199304811605,0.0,2.0,right
20.55735675697062,-398.7882438678039,25.501404326847485,9.83989480556923,-376.8819379016718,19.749756370162622,0.42773061406572593,-0.874273941469898,0.22954650303946358,-9.259264885290513,14.127972774435747,1.0,0.0,right
-186.0728861213417,-394.62324142012613,-27.480865044489114,-162.75485974275182,-384.4033303005813,-22.926293328510866,-0.9015801769155855,-0.39514790512806774,-0.17610030569468435,-264.2930487849747,-56.94903951789538,7.0,-10.0,right
83.71625553090178,-347.0024490855453,43.59823555643509,64.67104774502022,-331.5466238348083,35.48999716994757,0.7372421945955753,-0.5982967818070264,0.31387084507366275,83.3420279657406,48.549871461947674,-1.0,4.0,right
-124.86192092407391,-428.6346627047893,-10.009760954944907,-114.05947301964682,-407.12870672879336,-11.250471989927032,-0.44826198873132495,-0.8924183370898228,0.05148495978898068,-181.85587791276578,-37.262683135333326,5.0,-7.0,right
131.88270645865862,-261.7153602327136,61.88524490881464,107.77421259054844,-257.1370361539723,52.17954990538266,0.9135800542880529,-0.1734934410787656,0.36779275456388105,185.37213781859734,93.47076501411945,-3.0,9.0,right
-83.33514029014489,-431.0477865657318,2.1519274562302213,-78.90955438691459,-407.21966680016635,-0.31901046812128586,-0.18166495563952176,-0.9781155342674644,0.1014290171359418,-134.08654315485356,-21.936895559168104,4.0,-5.0,right
-151.95476887685243,-420.3255612304033,-13.372327208341453,-136.89841454037588,-401.70504874134673,-13.560551650802843,-0.6287398954109916,-0.7775759531977281,0.007860084428290713,-214.15368423782655,-41.74456778243915,6.0,-8.0,right
114.62375951128635,-300.5291616196457,58.19234694959762,91.8847896990066,-290.85324193683687,48.410048975492955,0.8555636985053096,-0.36406071596936157,0.36806324577141836,142.20381712456395,77.78712593668052,-2.0,7.0,right
-42.3951025137018,-424.70927879525345,13.994446835394712,-44.11266672283814,-400.4322417628956,9.90001309703068,0.06959413228327713,-0.9836833567494373,0.16590271367851953,-86.9354693182215,-6.1055826626877625,3.0,-3.0,right
-4.134607029712718,-410.7425660525675,24.7694497506251,-11.397964092246053,-387.2810591243722,19.184433776550552,0.2883758349849804,-0.9314882350096741,0.2217409430738432,-40.544661265891655,9.676498028230835,2.0,-1.0,right
31.00555934039968,-389.97833889324886,34.52700045003104,18.47181117700347,-368.7506101042129,27.564989473418507,0.4892931871730463,-0.8286893066804708,0.2717833879755763,6.20944758800359,26.315799152629964,1.0,1.0,right
91.30278541756472,-335.22876224693425,51.99061988098316,71.42601080703136,-320.87379501600066,42.84401932248538,0.7595570049265584,-0.5485505636296109,0.3495217238007279,97.70006110869636,60.80450951578651,-1.0,5.0,right
63.14500515431963,-364.97889343305474,43.82910533906593,46.80402039679299,-347.30188606940214,35.767026558066334,0.6436744390825637,-0.6963006188606002,0.31756678769369434,52.524153316536626,43.583502607317826,0.0,3.0,right
-176.96498944047318,-405.3103882062553,-17.524570531573836,-156.37418939856377,-390.4523922737445,-15.92854242875617,-0.8093275246972338,-0.5839979527529537,-0.06273235965438778,-248.67923325561404,-47.37503983768576,7.0,-9.0,right
134.17591387116582,-245.87917442522306,67.2908765665008,109.77577700262573,-243.4402929722856,56.96635240981588,0.9170711860534323,-0.09166456396287018,0.38804387306598165,199.0347410146012,103.89711858749733,-3.0,10.0,right
-111.77016838983687,-430.1042569473267,0.08621966394987432,-103.05822576336135,-408.1203372702781,-2.5069237096558674,-0.36621774191775713,-0.9241224107885482,0.10900612543807346,-165.42150807098668,-25.399740069329034,5.0,-6.0,right
119.53798209270931,-285.94892832306715,64.83239937942878,96.27333675724395,-278.49206427463315,54.537294550265614,0.877544004224357,-0.2812734190296879,0.3883320543004807,156.31486568680387,89.26377935175333,-2.0,8.0,right
-70.20009599626599,-429.0677180254238,12.060879126446798,-67.61021533069719,-405.03057081452437,8.577950530192066,-0.10603026816359093,-0.984085945944398,0.14259184137907854,-118.07900860472806,-9.985544774067776,4.0,-4.0,right
134.8813091441774,-229.39356066587507,71.69451214315393,111.06647375300162,-229.45712577685762,61.55192767134081,0.9200319478078585,0.0024556933486749723,0.39183566017280136,213.12089856791695,113.16686664568448,-3.0,11.0,right
-139.20195132563333,-424.8351438201332,-3.3381144892211028,-126.5973042235901,-404.7411421488521,-5.0202897581992705,-0.530058374233969,-0.8450053199829292,0.07073986927461215,-197.18414993040167,-30.80882623704764,6.0,-7.0,right
-30.13314016095942,-419.73588443320295,23.493740258402397,-33.61854785628041,-395.8258236685495,18.295770407219102,0.1410208947518436,-0.9674099724772236,0.2103117980404494,-71.52499215074688,5.679496744203927,3.0,-2.0,right
98.17786869904856,-322.301350815311,59.7999925622681,77.50468484664631,-309.58949713010236,49.87582520989834,0.7884667449266636,-0.48482488080788877,0.3785036685348877,112.2937077105331,72.93746811529732,-1.0,6.0,right
40.94534566645898,-380.66284408941385,43.56006412477666,26.960255886361455,-360.5944148449951,35.379111459086985,0.542215560276193,-0.7780725599710656,0.3171835077907529,21.442079340100374,38.59387135082837,1.0,2.0,right
71.55138900417087,-353.8355384618521,52.30580624216301,54.26859470476552,-337.3918862382675,43.3288132405245,0.6780564577379568,-0.6451343680797192,0.3521946723649236,67.25968234319357,55.75267104105592,0.0,4.0,right
7.004565627779041,-403.0622452387471,34.126717138451184,-1.7011885444047605,-380.8030117173407,27.49871144923084,0.35099450836734364,-0.8974373238614086,0.26722482077164894,-25.119547637288107,21.848308526640295,2.0,0.0,right
-165.92955946924917,-413.52599499695197,-7.247483585779012,-148.27380920910258,-396.45855560023654,-7.704306828949244,-0.7188596415848588,-0.6949063725254735,0.018599707631470515,-231.12743295398164,-35.79912292540877,7.0,-8.0,right
123.39084027943034,-271.1849532254347,71.03785723128587,100.54561967192114,-265.48262672807425,60.38812325661861,0.8840156764443665,-0.22065648226718274,0.4121007166143751,169.70809613733016,100.40349096526072,-2.0,9.0,right
-189.09471200844473,-395.1901329401486,-11.89394949610164,-165.17448726822673,-384.18832701583085,-10.267730328489463,-0.9067840227085311,-0.41706388386635523,-0.06164781370693968,-266.2594401829442,-40.99600853277119,8.0,-9.0,right
-98.51949612973753,-430.1174543947876,9.753581992196017,-91.7935128011145,-407.43543852527273,6.575221263666489,-0.2817662503091552,-0.9501995840234052,0.13314852875066244,-149.38099435281327,-14.051843863414675,5.0,-5.0,right
104.31481039224289,-308.7066850284971,67.21067673000078,83.1383959216231,-298.01151781646195,56.560108368334625,0.8143198481438425,-0.41127297314947897,0.4095579647324385,126.54658680287827,84.91816073153808,-1.0,7.0,right
-57.3518844288274,-425.8053476920697,21.707501497702502,-56.88596697653652,-401.6420127263401,17.228167618132996,-0.018955585839035102,-0.9830715030058482,0.18223914437716582,-102.50687115123205,1.6668994724875432,4.0,-3.0,right
50.200556471723004,-370.6916465158125,52.32943929032654,35.291802743629795,-351.7735078590029,43.097314159425,0.5779632906863696,-0.7333939423217725,0.3578990919026084,36.34293861469663,50.75201405627861,1.0,3.0,right
79.38659379459942,-342.0804248328914,60.58463792200183,61.14508597869303,-326.9287071579979,50.646736585673295,0.7094646407686087,-0.5892938262412811,0.3865135312676383,81.84172963898243,67.92574022674391,0.0,5.0,right
17.631607434331798,-394.5851584587058,43.204535327595025,7.059322160337354,-373.0837989329809,35.31338720012394,0.41910245227703413,-0.8523485955006584,0.31281784834537707,-9.724889371872548,33.938957828140815,2.0,1.0,right
-18.1153358293245,-413.7047525883662,33.219835510998195,-23.390921860080613,-390.2565618970593,26.82379622310196,0.21211931896913855,-0.9427984325346405,0.25717019681583186,-56.02715431348488,17.797819161468393,3.0,-1.0,right
-126.43781526467228,-427.13855411131146,6.723284698073966,-115.6131844498842,-406.1485742361868,4.221409535463071,-0.45579462920028396,-0.8838287658765916,0.10534689649551418,-180.66629481806584,-18.691127758493607,6.0,-6.0,right
126.69570192772508,-255.66234829122502,76.75683578595331,103.31783291022347,-251.91662596096558,65.6092795059693,0.8933377502648735,-0.1431351658752888,0.425981206441726,183.24637692572256,111.59886275213773,-2.0,10.0,right
-85.24235179941687,-428.7204428608609,19.62864276298332,-80.3478507801714,-405.5263807675322,15.512972038980067,-0.20343322193720062,-0.9640293796863357,0.17106220890023732,-133.3466679048929,-2.3627582989448896,5.0,-4.0,right
109.69888090829784,-294.57720672864525,73.8861943794625,87.44058088799838,-285.6054337646151,62.520066126480515,0.8382286039016347,-0.33786932152513266,0.4280387005555257,140.68547504827342,96.63125188300192,-1.0,8.0,right
-153.53990593769464,-419.27592873231094,2.8316598648662223,-138.76553373059332,-400.5306770338044,1.2447403931981054,-0.6176477434206146,-0.7836517348513151,0.06634171773437063,-212.94667484866528,-23.81273429041756,7.0,-7.0,right
-179.01791812188986,-404.99787797522845,-1.9315652780218828,-158.6087076440906,-390.3515903103533,-2.319428465603254,-0.8123490769981174,-0.5829671010033705,0.015438142635454356,-248.0533518113416,-30.18145276143492,8.0,-8.0,right
128.42188985268058,-239.40532687872314,81.42220421916221,105.23724155197331,-238.03226078794788,69.72159779306489,0.8915079616301216,-0.05279784001438385,0.4499177062974087,196.60086666985404,121.59813960227922,-2.0,11.0,right
-44.80627812964249,-421.2859085941801,31.386412378592315,-46.128870282697676,-397.3967086051059,25.5368506882624,0.0536973783792564,-0.9699039934781187,0.23749281039726727,-87.01557266549173,13.560831164889787,4.0,-2.0,right
86.50296178805257,-329.60248415701176,68.4037541054606,67.46754184090233,-315.91401771904793,57.68758250602808,0.7384075496067555,-0.5309925910956527,0.4156935877365344,96.33787889567034,80.0364997091668,0.0,6.0,right
59.00114171119135,-359.8662140367976,60.90465103911323,43.31488267918532,-342.4399786869195,50.84011007320116,0.6147800324148887,-0.682973646642469,0.3944521640653485,51.22499489763395,62.99701865080432,1.0,4.0,right
-7.049238341812296,-406.6004900456561,42.49296404839714,-13.833500845883558,-383.61681647459613,34.89507025970423,0.2698627342436054,-0.9142389447823734,0.3022271604435604,-41.03272726473584,29.62591446319699,3.0,0.0,right
129.11336155195696,-222.7015565302748,84.21263046111636,106.1078711449288,-224.9970961871822,72.51100451359507,0.8878193594559542,0.08858861566274898,0.45158481169120035,209.89740205897814,128.2608939111517,-2.0,12.0,right
27.5880956207967,-385.400970591448,52.011975310866056,15.714006939889803,-364.8875030043094,43.29783086374982,0.4701982005593973,-0.812306174049007,0.3450685899825851,5.3963225192471125,45.954947372383494,2.0,2.0,right
-113.54436507613093,-427.8635739929159,16.858456258519226,-104.48920310566488,-406.34108926100873,13.325274331636837,-0.3834398028556912,-0.9113671659859195,0.14961218649823313,-164.25100167900422,-6.5590940192787315,6.0,-5.0,right
114.13164457829981,-279.7950382823104,80.07047308745646,91.81321619124341,-273.0147303470982,68.34341146299721,0.8548620075929441,-0.2597059054998421,0.4491812447360958,154.46042779419398,107.92266586123938,-1.0,9.0,right
93.22984119459831,-316.2878069071231,75.77187862941746,73.51614956174896,-304.44856475959284,64.2070198111356,0.7658801989327211,-0.45995652666362496,0.4492966886838914,110.94839447130909,91.9933655770539,0.0,7.0,right
-72.31720513961439,-425.89867173695563,29.470933384875167,-69.43648293877136,-402.3994214894856,24.32132268168072,-0.11889690805225812,-0.9698915762001659,0.21254142107262441,-117.53714669521337,9.759234522737941,5.0,-3.0,right
-141.06844052913996,-422.89135866333606,13.0415827352281,-128.34709185294986,-402.9436083332457,10.206747585070602,-0.5338785144776655,-0.8371498639395402,0.1189698999122488,-195.86250771372718,-12.500510697608803,7.0,-6.0,right
-32.890138424893244,-415.65113313728875,41.00834359448784,-35.89734818584042,-392.0132456684137,33.967127913370206,0.12102925079869807,-0.9513389614433806,0.2833833108899253,-71.80673968425499,25.60864024911419,4.0,-1.0,right
67.17536021195265,-348.0350761512283,68.91218087556604,50.571890569365095,-332.40096424069054,58.2479398662495,0.6594981611413212,-0.6209947847063615,0.4235890140439382,66.21662609212584,75.0213497064983,1.0,5.0,right
37.07599894552953,-375.4424023338528,60.65780629815286,23.85085769341623,-356.2454115964736,50.63441393514258,0.5211851679661066,-0.7565277868246577,0.3950085169389728,20.487601376886502,58.02532009015752,2.0,3.0,right
3.661830930343653,-398.39221102776867,51.42235639624829,-4.757768473861232,-376.6053172844016,42.860482092319145,0.33844943152135426,-0.8757853489295643,0.3441685704755645,-25.790196539205127,41.419629772088825,3.0,1.0,right
-167.75802948256808,-412.2143687823084,8.252421762726193,-150.08664904995118,-395.1586006805365,6.624061524846958,-0.7179523769237526,-0.6929412954251073,0.06615697668506353,-229.78339689678324,-18.729817967722624,8.0,-7.0,right
117.90969881915416,-264.5758015273144,85.84139944037139,95.39899308357992,-259.67393389796655,73.62002441617201,0.8631686125153946,-0.18796115635200836,0.46862623707072193,167.89414420172676,118.90808700002697,-1.0,10.0,right
-190.7958772129013,-394.14492192588153,2.7770098414059206,-168.2576186475673,-383.3789049578285,3.043347006938564,-0.9022877477791545,-0.4310024740597238,-0.01066243696431618,-265.2858434368593,-25.35456930987351,9.0,-8.0,right
-100.49039685452624,-427.1477907420877,26.789967777008805,-93.39353933910435,-404.89846152096635,22.19964231295349,-0.29817962475248866,-0.9348217325389196,0.19286585948632212,-148.27174308249818,5.333904251194369,6.0,-4.0,right
98.87571446006825,-302.4511966732373,82.49022610626508,78.28811064391249,-292.4638911537818,70.29937408885701,0.7940584758695294,-0.3852077526671098,0.4701979627613403,124.97624224535177,103.61202270243956,0.0,8.0,right
120.84749950712384,-248.6422437861511,90.82551162383331,98.34628715323946,-245.95020019975823,78.19909869174589,0.8673721984733631,-0.10377235355999037,0.48672042072642185,181.25719722665775,129.66496370510595,-1.0,11.0,right
-59.78580707154167,-421.8569687574671,39.0227369965025,-59.05162260416061,-398.06321441434073,32.60695502260904,-0.029778931729182036,-0.9650879549282756,0.2602276973679543,-102.26763264722888,21.521637174831298,5.0,-2.0,right
46.13659018053882,-364.9408772133379,69.19572795139706,31.782707390968554,-347.041904643284,58.10256088935388,0.5632372170330869,-0.7023442817461198,0.43528880900770994,35.42388138699545,70.15745366461421,2.0,4.0,right
74.61241708124,-335.8997558989531,76.87456029758593,56.99437318810821,-321.51031378862064,65.25611892963246,0.689743314598641,-0.563344123593378,0.45485993270378156,80.7561237654437,87.14745735235275,1.0,6.0,right
13.859699657175355,-389.5219710217269,60.21307184985939,3.822431852015499,-368.48057353209333,50.40988816402336,0.3968851298314749,-0.8320010919919755,0.3876291741378784,-10.68015818646564,53.288631618845066,3.0,2.0,right
-21.38023144603728,-409.0726636815223,50.46968741894406,-26.25497286539644,-385.9248790025509,42.272236241032346,0.19471238976835195,-0.9245947805121281,0.32743179002721606,-56.67808074473578,37.499340437067985,4.0,0.0,right
-128.28295626685613,-424.57568843371706,23.134677313227726,-117.53033804938656,-403.9601253856123,19.397051913278084,-0.45659187260661926,-0.8754052591285186,0.15871198492776772,-179.17840341118608,-0.08934487830797622,7.0,-5.0,right
122.51131538980007,-231.6722854678529,94.22637156028857,99.54850034772763,-231.77265098002513,81.33266076364289,0.8719400749318897,0.0038110620167297674,0.48959777525441767,195.4768552117038,138.54850395924757,-1.0,12.0,right
103.87249646990449,-288.0517118552408,88.92666735859443,83.06247256397481,-279.944449540319,76.0080143019237,0.8065680245364703,-0.31422638336720904,0.5007092986866729,138.84685758302615,115.36600509669861,0.0,9.0,right
-180.92257611504408,-403.0679429185004,12.648905504189713,-160.33262012344113,-388.3426563051882,11.255821571588104,-0.8121647966164864,-0.580834626955856,0.05494978858879043,-246.72787559031372,-14.194830945385405,9.0,-7.0,right
-155.73252585649442,-416.79190387353685,18.75421881992734,-140.72635659037587,-398.55428443425706,15.760505943999805,-0.6303342945440675,-0.7660713923424292,0.125750940180043,-211.54134762471156,-5.914441726535884,8.0,-6.0,right
-87.62386588219783,-424.91657560461243,36.68617611157785,-82.39513385497511,-402.42084012375767,30.986573663174212,-0.21980267635318915,-0.9456638510984559,0.2395968785139171,-132.6297430923869,17.31663529440703,6.0,-3.0,right
81.38775278925667,-323.1710068774345,84.33067077839118,63.14418988873692,-310.2705690839409,71.66496738270992,0.7103079005419968,-0.5022748536092134,0.49313553700728546,95.03486630981564,99.14885801687873,1.0,7.0,right
-47.75677627368091,-416.59641000756625,48.856767554491356,-48.74276302875876,-393.3399837080998,41.0598056688402,0.04016493743980636,-0.9473686158368209,0.31761530745208466,-87.1192125631107,33.75959113298783,5.0,-1.0,right
54.41976096154417,-353.6450608053268,77.21268423793856,39.42094873149391,-337.21163712268276,65.6184073973677,0.5978284534025816,-0.6550097510135657,0.46212916633710116,50.21822580092356,82.11182836926982,2.0,5.0,right
-10.516124704603216,-401.22482684512227,59.442595745615975,-16.92848911587741,-379.07935756576256,50.12320264098287,0.2578614998658314,-0.8905395198015055,0.3747623387677151,-41.568164113221265,49.16051740730963,4.0,1.0,right
23.533901915855317,-379.77086689518103,68.79018910017017,12.214481991079321,-360.06279682286004,58.07096637003295,0.4504623109016147,-0.7842930863230037,0.42657714566431565,4.417805185130874,65.20792560568712,3.0,3.0,right
108.3327941501388,-272.85314657929655,94.75247947862951,87.17797214272231,-266.87016440511206,81.4166689858613,0.8227236551344282,-0.23268174798272978,0.5186376301792494,152.7249918182291,126.58830284386292,0.0,10.0,right
-115.65357035803531,-424.4549819002024,33.397971230560856,-106.42194523222886,-403.24078618192175,28.2282541383924,-0.3894157287692098,-0.8948740198292284,0.21807310430638344,-162.93945785713478,12.521669243204805,7.0,-4.0,right
-192.46303249453894,-391.4695066224461,16.279925386615098,-169.38318489323194,-380.63330171737283,15.223990277005122,-0.9044193352941194,-0.42463336009212815,0.041378441766361414,-263.5570974211537,-10.804171887380406,10.0,-7.0,right
87.68681218102157,-309.7196544599672,91.09074938036309,68.52283994406693,-298.45276500586976,77.68536733081798,0.738220713326104,-0.4340149874424945,0.5163924564627079,109.40794852960195,110.77728384754805,1.0,8.0,right
111.78544827510565,-257.3596850957112,99.89778730402375,90.36532469355993,-253.29078674320368,86.16827050359446,0.8313388489541642,-0.15791847605395543,0.5328578357689427,165.9370111810505,137.2648240468315,0.0,11.0,right
-143.1328833709885,-419.5802612989213,29.352750997265467,-130.49604362733066,-400.275454765302,24.973730912547403,-0.5380833341897364,-0.8220088943290572,0.18646099621952414,-194.12187663689704,6.229158580293927,8.0,-5.0,right
-74.94886094434028,-421.4472571506011,46.52977558935179,-71.82047687126655,-398.4834646396026,39.557052558053286,-0.12926087706030792,-0.9488348908790268,0.28810410533726405,-117.09990306721438,29.676677335599486,6.0,-2.0,right
-169.71997430297984,-409.4105037982662,23.384330413061384,-152.0199149524642,-392.68776054043946,20.329355860260602,-0.7212357803913103,-0.6814124486814686,0.12448302641429729,-228.0242447956989,-1.7934866232980227,9.0,-6.0,right
62.225180435222896,-341.5649649934082,85.01257277530482,46.29915500404715,-326.47835885910115,72.50755415965602,0.6307055067494991,-0.5974626631225814,0.4952261401928725,65.12566700504041,94.1251038789248,2.0,6.0,right
32.649036093191384,-369.20453614938623,77.13555946216115,20.3485249092968,-350.9811954867593,65.51779956798481,0.4946530453882737,-0.7328338490288894,0.4671968690023612,19.43937138826879,77.22055876798458,3.0,4.0,right
-36.036119538830576,-410.489991547189,58.17649213868877,-38.73465373695775,-387.72542673876234,49.42326767444574,0.1099724950868927,-0.9277169780866221,0.35671733752957596,-72.06245660245357,45.54374701032535,5.0,0.0,right
-0.06650545883076446,-392.6040095707999,68.36907359646413,-7.94642810241293,-371.64249321546635,58.06806446165559,0.3196810944972705,-0.8503891210471628,0.41790230990706556,-26.42821821784561,60.99153740938088,4.0,2.0,right
114.30082840870932,-240.98587101902882,103.73241164338772,92.87952260277964,-239.39258173644038,89.99354653639816,0.8401046149767214,-0.06248590498740651,0.5388132770939479,179.7370401455375,147.35466846251217,0.0,12.0,right
93.04516868225738,-295.34346718316243,97.4248016653548,73.64033499235639,-286.23307428277417,83.57140613865349,0.7602648558892551,-0.35693743405350015,0.542764237096544,123.5268346424242,122.46262224105573,1.0,9.0,right
-102.89863773621892,-422.6874470415454,43.49330021247242,-95.49050202327132,-401.1312826425595,37.24991931670244,-0.3134629808127698,-0.9121133587748069,0.2641783117602833,-147.2246819292019,24.995192958092048,7.0,-3.0,right
115.27204639090701,-224.3195373908473,105.6835031855147,94.1058636675476,-226.14798975998445,92.27998249671218,0.8426091609075776,0.07278925712087965,0.533583663545295,192.2227810079022,154.8813205448442,0.0,13.0,right
69.41769409425055,-329.047457276357,92.44486547844896,52.637878434726474,-315.4305478750107,78.90217115040187,0.6579626753474652,-0.5339402006236343,0.5310301121477002,79.68724987921438,106.06478514867621,2.0,7.0,right
-62.703184674772785,-416.75044955511794,56.23919656065972,-61.712230073076924,-393.9148343962423,47.906933538057245,-0.04073232099502792,-0.938637960990793,0.3424903738988944,-102.04032292469073,41.794568914073196,6.0,-1.0,right
9.880381908320611,-383.123169418885,77.0500869303881,0.40066097231739306,-363.1434351185457,65.35954270774057,0.3789694879075649,-0.7987270645881627,0.4673512635368123,-11.275920906739103,72.85351400413275,4.0,3.0,right
41.34792463278,-358.12926189856796,85.02549169415991,28.20680361860348,-341.5835748505138,73.04199734452283,0.5409871115671935,-0.6811445869317606,0.4933305147786281,34.511492286029096,89.02528384344967,3.0,5.0,right
97.90097270106816,-280.5351308588512,103.29241628143343,78.38638766866616,-273.51002239642537,88.88095911307546,0.772673828119457,-0.27815694976880617,0.5706170928341857,137.5034457846372,134.05382629758503,1.0,10.0,right
-130.79801596721597,-420.3595322062238,39.713339951778664,-119.87820493302067,-400.40453107541754,34.07282657448006,-0.4659359729466763,-0.8514573043359805,0.24067431937608041,-177.72366512421712,19.348628610006045,8.0,-4.0,right
-24.82170178667683,-403.0847087982311,67.37505808251332,-29.227192243703342,-381.2882506589085,57.408099577662675,0.18078469613370296,-0.8944443530058229,0.40900634838574257,-56.87166165446643,57.3183675578056,5.0,1.0,right
-182.7807516643056,-399.3132988194866,27.551196373421853,-162.43871586430458,-385.90216839083587,24.494917340662255,-0.8283933295607173,-0.5461445008843445,0.12446154302875652,-244.37262409640542,2.835093383810843,10.0,-6.0,right
-157.7358704606824,-413.2275165677422,34.54720235395793,-142.51873413927171,-395.3188178926059,29.75132825104425,-0.6344422698070699,-0.7466605540464151,0.19995255265475784,-209.37762922160908,12.332845619588028,9.0,-5.0,right
75.9913963696693,-315.92746898211647,99.22466012343247,58.56539989475669,-304.0564030497365,85.01248434317162,0.6853125284587365,-0.4668536586319077,0.5589225346678156,94.13245117685999,117.7639653006525,2.0,8.0,right
-90.41448265553296,-419.67204599434507,53.61668702333347,-84.97034442802698,-397.8886646259736,45.993021485158934,-0.22959102274482013,-0.9186520617600104,0.3215063789399359,-131.91107054307275,37.54303136685713,7.0,-2.0,right
102.29784867321854,-265.2377469924819,108.29387255643479,81.95240120048072,-260.01432978839944,93.6521271034957,0.7945973296474976,-0.20400206815604657,0.5718375992404853,151.35939033558054,144.644371355534,1.0,11.0,right
49.37434643821244,-346.40988329190054,92.79502530833577,35.251218211529746,-331.1417980657992,79.88571710368853,0.5769458645349661,-0.6237186612753457,0.5273599349333347,49.45693571732392,100.9912767464011,3.0,6.0,right
-50.871141313527126,-410.8088185277967,65.94781622743855,-51.693250062482676,-388.3770702176783,56.114624008564064,0.03354705277313299,-0.9153521907037457,0.4012542363939479,-86.97048066713022,54.027820280768296,6.0,0.0,right
19.143966910721076,-372.94369214665517,85.15798191464813,8.779816684657568,-354.5048489247652,72.78017668710541,0.4228974141431298,-0.7523761184702125,0.505062326318991,3.6440302329055996,84.48514117960178,4.0,4.0,right
-193.8870680506147,-387.53688376698375,30.61587872818702,-169.9452665893602,-377.06718715627994,27.95390245675092,-0.911507907943572,-0.3986003839297767,0.10134627613961553,-259.8157945426244,5.6233660715653855,11.0,-6.0,right
-14.274653350709109,-394.945967631905,76.17920206711636,-20.087589457568665,-373.90974006206784,65.17679294158182,0.2378347237641194,-0.8606916162741589,0.45016062227545073,-41.985397971687455,68.80128361226213,5.0,2.0,right
105.4218107229953,-249.26026871992386,112.49968895414074,84.90922028738561,-246.24927817353463,97.5332044386682,0.8022112009401309,-0.11775452494995839,0.5853127889769729,165.0699334163643,154.89877567644385,1.0,12.0,right
81.9983038837459,-301.89989733140715,105.4914730467161,64.03348246370498,-292.0784176263312,90.78016816066986,0.7125651035174644,-0.3895637779585663,0.5835160975943973,108.6917054965741,129.38697838361017,2.0,9.0,right
-118.21833863304886,-419.48014345817353,49.86443002704154,-108.70385381740738,-399.08786002390093,43.19422176660825,-0.4053813294927564,-0.8688490370375548,0.2841959333586584,-161.68206130055836,32.22163367613446,8.0,-3.0,right
107.34073163741786,-232.0903955007247,115.69824873980798,86.74534472575206,-232.0005096976492,100.30552424083791,0.8009986335170555,-0.003495851073100242,0.5986559680894233,178.64173077492262,165.32785685349148,1.0,13.0,right
-171.70158130046107,-404.79370609476916,39.00989270313117,-153.9821245202061,-389.13182373049904,33.92887694131447,-0.7325527563382132,-0.6474890984341926,0.21005791246740305,-225.3639666536225,16.62194178487013,10.0,-5.0,right
-145.6088548346571,-414.92915110959456,45.421629911517584,-132.48579431420302,-396.1175639009326,39.282687218153754,-0.5526897336061041,-0.7922672540340916,0.25854720372050766,-192.3126184459882,25.280976172382864,9.0,-4.0,right
56.79572586827538,-334.18411464347173,100.15516825619422,41.86482162841152,-320.3581004332732,86.1436806951204,0.6043304158627447,-0.5596098389717944,0.5671168985219225,64.11279727830126,112.80242064351044,3.0,7.0,right
-78.0526632315906,-415.69384598626027,63.389304339673345,-74.50823493207159,-393.5456021931916,54.46889651182458,-0.14683535454031674,-0.9175373163118951,0.3695465489382695,-116.7672612170087,50.00102942392032,7.0,-1.0,right
-39.551283316493354,-403.9076549910992,74.95184113123221,-42.0733825674326,-381.9803075543913,63.94280107847064,0.10225364754261111,-0.8890019912985243,0.44634028613994736,-71.98723006784914,65.62609383466328,6.0,1.0,right
28.01771967396166,-362.11021656615594,93.02918851250264,16.472040211416033,-345.0454909150268,79.93794492932794,0.4729738075717721,-0.6990639479092802,0.5362885175766413,18.7345433045636,96.15105552104522,4.0,5.0,right
87.1070343181128,-287.4717095634893,111.33425143707018,68.65386499671769,-279.48452060727755,96.10070536894136,0.731499808538809,-0.31661917204965356,0.6038711203545652,122.60375184446832,140.88524558811446,2.0,10.0,right
-4.195169212451805,-385.81773158847403,84.87401058237572,-11.39088236390857,-366.05926056316855,73.02607685994724,0.2981313264754476,-0.8186289603148605,0.49088118471560965,-26.968182447480114,80.46206532250926,5.0,3.0,right
63.65989249242376,-321.37662513322044,107.01093470632853,48.02778494704015,-308.8264120230734,92.28387683195969,0.628430880358113,-0.5045347500709069,0.5920467165547113,78.67497937550277,124.52158592258223,3.0,8.0,right
-105.7601264414324,-416.9970956783103,59.94932621875752,-98.0851656394138,-396.66765160263014,52.16047056378181,-0.3324838747180569,-0.880683629728563,0.3374178676072015,-146.3591684614888,45.010868507788516,8.0,-2.0,right
91.81148292983463,-272.417104101462,116.42493449706978,72.64449153534423,-266.2475859951276,100.78391931760828,0.7517462274474571,-0.24197391578830724,0.6134543451607376,136.60494606658168,152.01334165394843,2.0,11.0,right
-184.41191366796647,-393.90994387167393,42.2652510443983,-163.8641327339337,-381.3408167084566,37.70661470542156,-0.8381786041624687,-0.5127158740415093,0.18595445687077988,-241.02426251406072,20.749414678101715,11.0,-5.0,right
36.311392652731556,-350.8027643411066,100.51651855589024,24.000335828695498,-335.2893678373425,87.00614319458117,0.513514707059549,-0.6470896345450659,0.5635402829415823,33.736528930611,107.76466506604295,4.0,6.0,right
-133.38290280638378,-414.86131964918195,55.6486072600309,-122.01959889421451,-395.5213393990613,48.37986417512674,-0.48191396963973654,-0.8202021812607243,0.30826499593891765,-176.2353756597663,38.72417632680381,9.0,-3.0,right
-66.00121791047147,-410.3480638207921,72.89537756815872,-64.55445882741225,-388.7774757711804,62.751889294567746,-0.06058352415516403,-0.9032756437799069,0.4247619897718434,-101.83324677124051,62.045840633480324,7.0,0.0,right
-160.10877146676296,-407.8510459848406,49.905542948471755,-144.7449074413567,-390.830535035103,43.51807919749197,-0.6454802242425548,-0.7150807379180095,0.2683557682823608,-207.26657210676328,30.924380890627987,10.0,-4.0,right
-28.803295952075274,-396.29679738484185,83.76782289143942,-32.69354193618614,-375.4229380773678,72.00110125958466,0.16025293240797814,-0.8598677765768118,0.48471270301024133,-57.247882630740826,76.97128787469137,6.0,2.0,right
5.428634482431249,-375.97126243951107,92.90039512877698,-3.1863356306249884,-357.34210173179395,80.03106526139358,0.35561331533567386,-0.7689843974214502,0.5312270385422223,-11.947280247895957,91.83714631907314,5.0,4.0,right
95.54288251330635,-257.1034565452902,120.81592179669718,76.1478370649256,-252.6816210195991,104.77892439788408,0.7590415862316298,-0.1730522911332577,0.627621522021434,150.36817547895927,162.44831064853466,2.0,12.0,right
69.87751052768215,-307.7651899561311,113.23607599087183,53.89251255948252,-297.0998159450935,97.96697767191937,0.651275041173505,-0.43453817835872277,0.6221072192903182,93.26317923844721,136.20136760186477,3.0,9.0,right
98.36912710981713,-240.89529452891358,124.02153984850544,78.71218925653227,-239.0499603020587,107.66362005674787,0.7666673335930904,-0.07197242428349407,0.6379977819271927,163.91539024722468,172.4559669865459,2.0,13.0,right
-194.7842730564742,-381.4926213558648,45.23318053402634,-171.62386674664592,-373.0511341545081,40.82226652522981,-0.9248495605779589,-0.33708846141814985,0.17613818290620825,-253.71229477773178,23.2120648909558,12.0,-5.0,right
99.3764548785895,-225.03947937035662,125.26908791050253,80.69069001796476,-226.31617288733017,110.16435400893508,0.7765936285392604,0.053060287244024076,0.6277634443242192,176.05182987188195,180.97760420633878,2.0,14.0,right
43.87185174262109,-338.72122807215567,107.72503506388406,30.824144884340487,-324.66131844354675,93.17852243878677,0.5419986434047857,-0.5840453060350349,0.6042586789164177,48.51335881054791,119.53698238550686,4.0,7.0,right
-93.51757762447514,-413.5548620768043,69.89221908382692,-87.69130497859972,-392.89910877204096,60.70456931048585,-0.24956586282810608,-0.8847802375875954,0.3935489947710463,-131.47557390108844,57.52945864788469,8.0,-1.0,right
75.61662437378129,-293.55447739001056,119.1122258050361,58.75121003630725,-284.6719635058471,103.10867868010433,0.6776293572188101,-0.3568872992606438,0.6430007075125701,107.70232881486946,147.815415578042,3.0,10.0,right
-54.509610737926295,-403.8616887974759,82.0563746081574,-54.9355069314518,-382.6844255068696,70.7137910353792,0.01772549776209787,-0.8813826908329038,0.47207029034799014,-86.94091398770067,73.76736127591123,7.0,1.0,right
14.342377169127854,-365.59655045257625,100.68887224533711,4.653023984646159,-348.1624845772368,87.06017923344619,0.40109546606973084,-0.7216915974287221,0.5641663454151488,2.8780507433382745,103.19177777044075,5.0,5.0,right
-18.573815733681567,-387.50978589789986,92.14227779531606,-23.509642703771846,-368.02030063596595,79.76036442987663,0.209041233367639,-0.825415084755406,0.5243965108678375,-42.397736708545054,88.17293067239991,6.0,3.0,right
-121.05397423988671,-413.3265987282207,65.55014122928023,-111.32063101356994,-393.72370698573025,57.301140538619265,-0.4161458906997822,-0.8381151938024337,0.35268331342890874,-160.7362979882326,51.69554626829321,9.0,-2.0,right
-174.08644013231546,-398.2511355940723,53.58926791426169,-156.24916285973745,-383.63522244572647,47.29568301566019,-0.7462038089689568,-0.611441415423982,0.2632855312859749,-222.95636311420142,34.92982057627806,11.0,-4.0,right
-148.28425524329248,-408.69638131274314,60.725561590007096,-134.56630608313188,-390.6628014680356,52.962727377471964,-0.5727489207971643,-0.7529342231535744,0.32411221718689837,-190.71110173274423,44.35958166861993,10.0,-3.0,right
51.00153848114277,-325.87471219157123,114.33957135328293,37.04572649435113,-313.1760775115939,99.11231590509544,0.5755821603532947,-0.5237321618803877,0.6280205405041539,63.48488214501825,131.16604632145652,4.0,8.0,right
80.73809914795649,-278.98816618655997,124.36077128204394,63.2396990945306,-271.92022915496557,107.90429107054152,0.6988380233662502,-0.28227398672769005,0.6572266074303507,121.69153100670607,158.9709680344476,3.0,11.0,right
-81.36972220979752,-408.9031486783482,79.4301754795294,-77.4346394107653,-387.944607096963,68.77597562068391,-0.16507501934263175,-0.8792017433003925,0.4469390703066588,-116.51584277437502,69.94518284193387,8.0,0.0,right
23.053416185144975,-354.346156076328,108.34332042660745,12.12321499206896,-338.3635966896288,93.784777504664,0.45119046361370424,-0.6597480002460011,0.6009656743237948,18.23242734927344,114.85081207591118,5.0,6.0,right
-8.889542047791085,-378.2449491655648,100.24271136567029,-15.201461114387836,-359.50491181330585,86.79199069943824,0.26392585096910903,-0.7835937459278276,0.5624268721647523,-27.71892887688471,99.264483406461,6.0,4.0,right
85.19176178870909,-263.8755061726588,128.81690377673104,67.21147994235167,-258.6226018630415,112.03759415299274,0.7149747191934347,-0.2088784711947919,0.6672188060790821,135.99994998117006,169.78947220811068,3.0,12.0,right
-43.709291077041044,-396.6090585909995,90.70837162665109,-45.579415628573194,-376.2572125026297,78.53461765470121,0.07861447017942069,-0.8555310372774384,0.5117483847882659,-72.414181323004,85.04986730625606,7.0,2.0,right
57.48966370690083,-312.7457120155949,120.76222883724674,43.03061270979899,-301.6013774009716,104.80671344820462,0.5963629545110917,-0.45964761575079205,0.6580845658586849,78.04273476657742,142.8669342489735,4.0,9.0,right
-187.4195284888329,-386.5475248385178,56.49885322741043,-166.57956234202496,-375.161147706798,50.170735591482035,-0.8479670066342814,-0.4633055574455621,0.2574877008708443,-238.47775552429454,39.13186737891472,12.0,-4.0,right
-108.86723630022429,-410.44487698195815,75.45537929538833,-100.97719030156784,-390.7235113129148,66.05051060377923,-0.3396478098166945,-0.8489581248607854,0.40485734218312264,-145.92110087760136,64.49030242980865,9.0,-1.0,right
88.72378802539718,-248.3610290336248,132.33200759935062,70.46984839793228,-245.12597603143843,115.30875997302695,0.7252638619315215,-0.12853483038744398,0.6763661197557473,149.62580661545624,180.03247255017106,3.0,13.0,right
91.39397239847779,-231.8370308874737,134.10524526689062,72.72922177921376,-231.39968569517714,117.33545559905474,0.7437454132163431,-0.017427153857982436,0.6682357777222507,164.46405118514886,189.11275865358084,3.0,14.0,right
31.07561873406681,-342.5999841696883,115.19292824878458,19.54197814916495,-328.2456265204671,100.1607315961125,0.48520699519743365,-0.6038713181408862,0.6323872254704913,33.333461716097474,126.22097878793139,5.0,7.0,right
-162.8511064014308,-400.6511225204667,64.5604314980568,-147.06604834582373,-384.79936976656495,56.70685846360263,-0.665778607554598,-0.6685916414506706,0.33124622670297477,-205.33124367269704,49.947101983566526,11.0,-3.0,right
-69.80314403940955,-403.0321440511001,88.5198195715792,-67.67334447622926,-382.47465816020383,76.81377523128924,-0.08966661143218822,-0.8654899415272591,0.4928357331904925,-101.88710573792662,81.6199164581435,8.0,1.0,right
63.44535604909633,-299.0059317913943,126.64556793171522,48.53741729254797,-289.4300739693854,109.95821070437573,0.6124996283930149,-0.3934285921954496,0.6856078675609879,92.47273972631851,154.54600283685332,4.0,10.0,right
-136.31452752088842,-407.95667759770924,70.83447454014829,-124.60521722695427,-389.81911179568124,62.16216924769411,-0.5032885697349994,-0.7795872960772053,0.3727522815076128,-175.15154837215,58.13574936382849,10.0,-2.0,right
0.5370128662390948,-368.18930629881277,107.9049174083516,-7.269829964695605,-350.28749903766914,93.50206546157645,0.32171259638204136,-0.7377165159637081,0.5935278825830288,-12.632822749836368,110.30389848389639,6.0,5.0,right
-33.195402829620434,-388.55320858229754,99.03054762638502,-36.204189332129346,-368.92067252886693,86.14203739720071,0.12707604136138428,-0.8291797910799845,0.5443459871960783,-57.73077854469619,95.95597626751477,7.0,3.0,right
69.19114127554363,-284.7952751316559,131.83939437386067,53.37840155808372,-276.90670192854896,114.7096017512306,0.6425065738864292,-0.3205301694799991,0.6960213451941294,106.9669210295848,165.7094602171567,4.0,11.0,right
38.461007189851905,-330.0346536531073,121.72446127972677,25.868697918050948,-317.1064073069954,105.90483823982777,0.524694911698375,-0.5386926995335672,0.659170255022989,48.459202060922124,137.75729570323452,5.0,8.0,right
-96.85279964276569,-406.27679202148107,85.31618805635348,-90.64501064394088,-386.6123330728704,74.4329768814888,-0.26623706276794173,-0.8433611052807983,0.4667546170186742,-131.22463979719663,77.20201584629208,9.0,0.0,right
-176.82025567627358,-390.2289734571449,67.57051948152582,-158.00740469944841,-376.68389513960136,59.431614060419506,-0.7657158980843684,-0.5513083488152556,0.3312676681287292,-220.74342528979545,53.72084578463128,12.0,-3.0,right
9.310832939101424,-357.35985334500793,115.46525482010327,0.25529254178445804,-341.09303589778494,100.42735831979246,0.37838301772710514,-0.6797040490614816,0.6283539588362249,2.4928825063280016,121.63917111717427,6.0,6.0,right
-58.64270167256066,-396.22272708738024,97.34822317468539,-58.3950399340725,-376.4086244830603,84.64658874999441,-0.010522219579256925,-0.8418270001708253,0.5396448690375137,-87.29658486898688,93.02863314886197,8.0,2.0,right
-23.20986886481117,-379.58773155976166,107.10440893895615,-27.53310593942056,-360.8586173336281,93.15277040486683,0.18202202903213188,-0.7885552687909011,0.5874083494547345,-43.02884695145623,106.83286291445394,7.0,4.0,right
-124.25903314353125,-405.9043994664986,80.57469949609478,-114.09086103377919,-387.64220307360154,70.8797568178592,-0.4413061920492725,-0.7925928339544871,0.4207676846229584,-160.1831670024548,71.26088086042043,10.0,-1.0,right
74.11968306715295,-270.08981192346175,136.57255090611937,57.66418206943587,-263.95311651357713,119.04321451305339,0.6631616692704134,-0.24731068184358293,0.7064375606212773,121.39866961961803,176.7214224807737,4.0,12.0,right
-151.16683480864924,-401.0676127763403,75.2341278147084,-137.12540164965205,-384.2056021271182,65.83141918907273,-0.5881824211390541,-0.7063337578598198,0.39387061577455323,-189.2774293020155,63.64880660896961,11.0,-2.0,right
45.18311530069631,-317.1668043561675,128.05992864524842,31.8188746558932,-305.45749847101445,111.33008177545236,0.5476050844167247,-0.4797934733533801,0.6855121402633589,63.17707948737713,149.31588243655617,5.0,9.0,right
-189.14573576129942,-377.19615237909795,68.70335823899072,-167.03248506592897,-367.4228109899985,60.75913041145385,-0.8689421200753129,-0.3840443046504171,0.312169127276542,-235.17531698810046,56.18555146408096,13.0,-3.0,right
78.19366861769929,-254.82826703361047,140.42591859311952,61.52411100376202,-250.84697896139716,122.48904739221635,0.6719322950258435,-0.16048152527363035,0.7230163697643034,135.34745627784653,187.65591753000425,4.0,13.0,right
81.3318618548477,-239.47295048995355,142.73645769155792,64.14076447560446,-237.8672095333048,124.81975129618293,0.6909012409166626,-0.06453389187817939,0.7200630889712867,149.86039503286153,197.1416504028216,4.0,14.0,right
82.46150356004344,-225.59445592581855,143.13217299998547,65.82757316041912,-226.62880215562427,126.03796601816448,0.6967373626823687,0.04332515809201446,0.7160167443005222,159.5054174605374,205.22961229601736,4.0,15.0,right
-85.2041278373299,-401.0059461413604,94.53248119651107,-80.71019634964468,-381.532033636228,82.56351645988008,-0.1929090561396656,-0.8359482317445289,0.5137865801113323,-116.55423616278438,89.42881915707082,9.0,1.0,right
17.67715726005276,-345.5911211779171,122.53126332285356,7.590407365932563,-331.05181565842065,106.75293692718995,0.4254499837173487,-0.6132547511797771,0.665515530630456,17.92905756960959,133.1018692510832,6.0,7.0,right
-13.658055823566293,-369.7521585306804,114.9080574318615,-19.36652843393958,-352.31794714523676,99.96265021981102,0.24124776484792168,-0.736793327339698,0.6316131005161139,-28.04223685742364,117.79624366632724,7.0,5.0,right
51.319454383905466,-303.8475160280496,134.08986299036337,37.73840900089968,-293.6824078236837,116.70221712933468,0.5590733061957547,-0.4184538444119859,0.7157746980692861,77.54844021914381,161.02974314410983,5.0,10.0,right
-47.88608643080738,-388.5766375841604,105.77846443727478,-49.11512699183764,-369.41160145001385,92.05855385772198,0.05207401187327924,-0.8120157713629766,0.5813077363541721,-72.5999096284816,104.07896093430142,8.0,3.0,right
-112.2969241256448,-402.676660510133,90.4648779479666,-103.95097144253211,-384.2120569112688,79.52169423087075,-0.3624054505352783,-0.8017865952848882,0.475184748328257,-145.6149198973819,84.17076173887676,10.0,0.0,right
-166.04542993249242,-392.0603504638108,78.56457275126343,-149.38416672293337,-377.3049122493102,68.92328870929555,-0.6869382930519883,-0.6083617678212873,0.39750690684839546,-203.76239752597215,69.38048136760177,12.0,-2.0,right
25.43599234021607,-333.6336853067565,128.86758572131924,14.263067522428713,-320.2990697971593,112.43013438389059,0.46682242975147875,-0.5571412780010697,0.6867826551597385,33.10827161153147,144.22151117449684,6.0,8.0,right
57.13146616659586,-289.940933972863,139.2865552373023,43.115600312024526,-281.4111962432463,121.628742417003,0.5814764589166198,-0.3538733705051349,0.7325699730217748,92.04282939340943,172.41554651520607,5.0,11.0,right
-139.58074991133913,-399.796733508982,85.241585451314,-127.33873787784435,-383.110391442823,74.89296443055781,-0.529073143418349,-0.7211474245362528,0.4472449004719413,-174.34862130385403,77.70367633929186,11.0,-1.0,right
-4.575596171922763,-359.1927232594981,122.41387618897933,-11.483690981678198,-343.14592902948016,106.73499622955791,0.2942817403464291,-0.6835862365875522,0.6679132536839973,-12.820127554912023,128.8618469879047,7.0,6.0,right
-37.57143070793106,-380.112899770459,113.7203691493778,-40.07214371390472,-361.50814210229055,99.14033770218828,0.10520877647220934,-0.7827302797858815,0.613403963517955,-57.93218595971767,114.68242690534225,8.0,4.0,right
-73.88299133937139,-394.8005954913058,103.59554840383426,-71.05649276865435,-375.74530725959124,90.62215727044482,-0.12170053895642356,-0.8204634779565283,0.5585952561176952,-102.05855986583737,101.09815674114787,9.0,2.0,right
62.503181030807596,-275.4592685367427,143.99702678452763,47.616438233655956,-268.64226795906046,125.72716814001888,0.6068016734752373,-0.2778692031550853,0.7447015744616158,106.95242251890083,183.60082836549233,5.0,12.0,right
32.32640018123806,-321.08199161885875,134.9727665991441,20.77651163086489,-309.0085930881608,117.96576326910684,0.48444985867366747,-0.5064080217222968,0.7133437109601327,47.901645249809945,155.57655276020256,6.0,9.0,right
-179.80930067855763,-380.4977162784368,80.5546782821053,-160.44946666630375,-369.1968508885993,70.71708282087855,-0.7908292897859874,-0.4616287177129481,0.4018556474647208,-219.2362586503462,72.58100860593767,13.0,-2.0,right
67.11371554152291,-260.6207787666607,148.12684005805804,51.61928651528744,-255.89817673081137,129.3803490861677,0.6254004134372632,-0.19061801249461166,0.7566631325663385,121.09495038587104,194.70415360983668,5.0,13.0,right
-100.65808736531693,-398.0374947045466,100.11307422450204,-94.06957712653639,-379.73625092558046,87.87305804191685,-0.28668413155429257,-0.7963372581944111,0.5325966390490732,-131.12864103336022,96.74426222708476,10.0,1.0,right
-154.54705396834225,-392.1936307517151,88.69011208754182,-139.67763741571792,-376.7619568914855,77.56080187354468,-0.6157767419311632,-0.6390611103378739,0.46089033549247427,-188.5118165567297,82.76083888657378,12.0,-1.0,right
70.80518168667604,-244.9074528491799,150.94441559888617,54.78639500041401,-242.7773764886847,131.89503386643167,0.6412555916528895,-0.0852700896495874,0.7625747687833988,136.41881160232927,205.44373415365288,5.0,14.0,right
3.873743286270975,-348.02876609402375,129.41248128580224,-4.079204260729956,-333.4515254656311,113.19382623435058,0.3426244238654466,-0.6280085015441164,0.6987229967298803,2.2993017796610147,139.89934016226277,7.0,7.0,right
38.833428389171836,-307.99777925893636,140.9640801807153,26.72914462977592,-297.4483146247104,123.10107761277817,0.5039552015052929,-0.4392211617963283,0.7437162939629891,62.57792517136393,167.14218839510485,6.0,10.0,right
-127.7615948250652,-397.6627266898864,94.90663042905851,-117.22618378152521,-380.5404553511005,83.70813465376037,-0.45781331096581956,-0.7440434645092723,0.4866274706832251,-159.74489034212195,90.78968049027162,11.0,0.0,right
72.90741169401679,-229.58503014095095,152.226009156913,57.006869513176866,-229.7108075481219,134.0333949577613,0.6580737675430502,0.005205533953962743,0.7529354679439333,149.0865760410665,215.7872858346626,5.0,15.0,right
-62.95524217099856,-387.68542767220674,111.98411944936112,-61.97338996227303,-369.1858470088758,97.95700172054455,-0.04225381340489829,-0.7961257534185224,0.6036542056480134,-87.5791182069832,112.01664883680448,9.0,3.0,right
-27.815341658042616,-370.6793179806367,121.6195851083682,-31.63840520270355,-353.4330050934302,106.30106960720981,0.16350603466405078,-0.7375959619349581,0.6551472915044998,-43.058769217620856,125.44604346554911,8.0,5.0,right
11.871056838264472,-336.3706964941273,136.0405519108504,2.7564273408810225,-322.86194539358695,118.62332107202401,0.3821310842101253,-0.5663547493462129,0.7302178663750856,17.503658779768266,150.97157047031112,7.0,8.0,right
45.08472086631543,-294.3693634058295,146.32184586915463,32.32433115632155,-285.447701432715,127.98559528336425,0.530467865393316,-0.37088639847199806,0.7622644706488222,77.38584815852026,178.58253150450025,6.0,11.0,right
-89.22426689474045,-392.37188294488146,109.25052474659532,-84.27664246317929,-374.49279922520464,95.94507944177495,-0.21672286377874647,-0.783164987372672,0.5828239896135894,-116.57325013148406,108.97295665377035,10.0,2.0,right
-52.310336824669186,-379.6598132165876,120.06081171912733,-52.857204225365805,-361.7728772372549,104.99136003084865,0.023375313374803513,-0.7645596232273923,0.6441290066865624,-72.82413026194715,122.7573967231842,9.0,4.0,right
-18.808750507903373,-360.4177862687775,129.0339853250012,-23.6683859634208,-344.61719701961636,112.83776455588034,0.20998416812734813,-0.6827412508154383,0.6998364334405834,-28.19724161868379,136.21230050732729,8.0,6.0,right
-169.18029178117757,-381.89021717766445,90.82829886845597,-151.62619985783698,-368.9240494352058,79.73061221535129,-0.7169856637672108,-0.5295948332697664,0.45327791753653784,-203.07060428237844,88.20111446446698,13.0,-1.0,right
50.56037674572558,-280.3192647775878,150.93370657137476,37.33008153904581,-272.86199479023674,132.18987819124527,0.5484215364878282,-0.309118383269544,0.776968238373457,92.30868042132195,189.84598258806324,6.0,12.0,right
-182.4965755345269,-369.08178664729337,90.30723166597642,-161.56356858976238,-358.7762896099109,79.65707311960067,-0.8161652602434832,-0.40180508675354637,0.4152432302044939,-218.84227734899792,88.61220860240307,14.0,-1.0,right
-143.253381358139,-390.88205471597644,98.58747607258398,-130.19059750361492,-375.2592294733703,86.80550449701197,-0.5552231601742155,-0.6640356679441762,0.5007832606069108,-174.06682744289137,96.77765304552467,12.0,0.0,right
-115.95683763431083,-393.92836910151675,104.67110997797383,-107.27660963116034,-376.8595617499365,92.412170426414,-0.38176627693118165,-0.7507055150974467,0.5391620715521278,-145.21213530064088,103.72225402694212,11.0,1.0,right
19.21664228110658,-324.13510986495,141.9495346415111,9.273255715475367,-312.07084192118333,124.4847260188459,0.4242045844455953,-0.5146855888530943,0.7450833612169064,32.62806992465059,162.0107140342233,7.0,9.0,right
55.67431112141517,-265.8008289678179,155.13349774490126,41.71002684273981,-260.35710662815995,135.88114775740354,0.572341184040476,-0.22311680479215817,0.7890782346957012,106.91514634687425,201.08250120070144,6.0,13.0,right
-10.097374771017158,-349.4114462245883,135.89597987011638,-16.14155153858605,-334.97708484377495,119.08664258577363,0.2631794604203214,-0.6285103142743393,0.731923053649521,-12.967773472893086,146.95892116969674,8.0,7.0,right
-78.10593260801068,-385.93031901213214,117.7281634490518,-74.76664461378756,-368.04909073609997,103.46792082371556,-0.14447216330241136,-0.7736199261674137,0.6169602935906383,-102.24539535110573,119.96436340056309,10.0,3.0,right
62.39405202964102,-233.7328402356297,160.4479197612652,47.485608912081815,-233.62714746629908,140.32471860317384,0.5952833060092045,-0.00422023551703411,0.8035048072033749,137.1000355489403,224.55983546765114,6.0,15.0,right
59.82578249836288,-250.33898291347282,158.53283945070848,45.31499993929205,-247.45789323684136,138.9954345488651,0.5921172141714847,-0.11756380375494248,0.7972301780091302,122.48375096082228,212.40368152007014,6.0,14.0,right
25.906462586918735,-311.30408232165803,147.710992204567,15.35843813677064,-300.66792792644424,129.47699693612142,0.44698743496285004,-0.4507220658669129,0.7726913046786498,47.44361292944743,173.40031299188615,7.0,10.0,right
-42.303139104940996,-370.8137976483897,127.99107585347166,-44.20756708267568,-353.93728918457936,112.16261911818685,0.0820307812091833,-0.7269338560214244,0.6817903782718221,-58.09004019729784,133.3158426308488,9.0,5.0,right
-158.03916001539764,-382.40397953689853,100.77224275687578,-142.54554543876827,-368.41772186740786,88.4861354495404,-0.6396992216639382,-0.5774635802971474,0.5072678969074937,-188.4616360689127,101.19862015679621,13.0,0.0,right
-1.8844337239696842,-337.95007551230697,142.48857224848098,-9.080433788843635,-324.59530020088073,124.54533540116816,0.3062565297578055,-0.5683695255281043,0.7636511117203092,2.3222070341509067,157.79789952868552,8.0,8.0,right
-104.54489704122534,-388.96324222378814,114.17033987924012,-97.57700298543547,-372.16895802258574,100.6055536011543,-0.3071605244280754,-0.7403300195629491,0.5979664491984422,-130.92579549983537,116.17475705604474,11.0,2.0,right
32.31513799715725,-298.0501962668561,152.91550949879013,21.194354115526288,-288.9477967383087,134.32495145791802,0.4732744001336135,-0.38737671035631865,0.791170415556399,62.29120581232372,184.6221060962293,7.0,11.0,right
-131.6100067532647,-388.3530063691746,108.46753541644233,-120.43156337414035,-372.6224405462133,95.7792130902386,-0.4840097211742858,-0.6811097502272856,0.5493851999773154,-159.4072629342007,110.29480924809818,12.0,1.0,right
-32.916052108490376,-361.01542595922143,135.40311401152354,-35.82935200062329,-345.1084172417715,118.70325411694083,0.12532141423652968,-0.6842717545580718,0.7183778316789668,-43.20517274369445,143.7260174774172,9.0,6.0,right
-172.80289154559642,-371.2403158904659,101.51522908876005,-154.25971191383036,-360.19106995537624,89.0342357625075,-0.7436868290056764,-0.44313752201882217,0.500558724769132,-204.09280909644826,104.34904987270578,14.0,0.0,right
-67.30511123745376,-378.4487612865187,126.03490366643423,-65.57418602636747,-361.14777130168613,110.71151511852169,-0.07468613341364849,-0.7465048390995939,0.66117509532393,-87.66833814940782,130.79184815274343,10.0,4.0,right
38.45133697532515,-284.5623022999407,157.7291380237665,26.6780645976326,-276.7460708168925,138.4385022091439,0.49233753418015813,-0.32686104691136864,0.8067004453013559,77.57746953194962,195.74294404924782,7.0,12.0,right
5.761075094378704,-326.17379761566417,148.49947286595994,-2.4281425955286338,-314.1240809267137,130.2563482880766,0.35076484140932795,-0.5161197471445979,0.7813990226756656,17.47892766526214,168.52914473571613,8.0,9.0,right
44.0170729051763,-270.3385313519151,161.82254019060605,31.604228015834696,-264.1974883228128,142.11461861059234,0.5153294634838443,-0.2549504515387817,0.8181905715208557,92.66584463639676,207.01048866411298,7.0,13.0,right
-93.34379870944349,-382.9755090097212,122.9502674886938,-87.78581717891396,-366.4892426304417,108.3915717799349,-0.24499867982821194,-0.726723087515349,0.6417547825724338,-116.47169046502655,128.00827167412763,11.0,3.0,right
-24.2152821654687,-350.3156900906914,142.44725442902433,-28.335824297776238,-335.8645307400137,124.87875714185083,0.1782353828074617,-0.6250895722396731,0.759931033050171,-28.281793399998058,154.3199856568074,9.0,7.0,right
-56.90417852960901,-369.9311323665596,134.0011200693229,-56.79707192874885,-353.48777029816404,117.59096455953664,-0.004610462789797058,-0.7078136020251121,0.7063842073695448,-72.74477163220666,141.44950787525178,10.0,5.0,right
-146.89415937291352,-380.8898935609823,111.08525832461592,-133.14093578563515,-366.65256599497127,98.07709453566986,-0.5806279289915868,-0.6010656313821825,0.5491733012866514,-173.90622537691115,115.83027863304788,13.0,1.0,right
48.546891922095185,-255.58162791838305,165.36969371172268,35.35812776307953,-251.8153720599541,145.1878669382973,0.5404893893321109,-0.15434511561867856,0.8270724305065782,108.3137637870956,218.31508407630878,7.0,14.0,right
12.77923035147877,-313.7361655940263,154.31160304078116,3.8224183396286913,-303.1953722685929,135.39856508461804,0.38225495475440335,-0.4498554251622389,0.8071624656894114,32.4192726654629,179.70188754533174,8.0,10.0,right
52.64714911552005,-239.96167828556526,167.6261001804504,38.276944282622026,-238.85893616577715,147.0278325620849,0.571612684714128,-0.0438644675541696,0.8193502591444615,125.00217776497688,229.57379295685374,7.0,15.0,right
-120.14131791174015,-384.18704010619615,118.22055719343898,-110.74796671213174,-368.7941255917948,104.43112864114923,-0.41378988310701276,-0.6780787987418069,0.6074430634513434,-145.1133276753945,123.35495864095857,12.0,2.0,right
19.45080495596422,-301.08494483947345,159.48765140289225,9.98451602933666,-291.64594362046216,140.1485574419582,0.4026546283384051,-0.40149392831608377,0.8226006782169464,47.216124477752416,190.64193900899696,8.0,11.0,right
-15.74797235020446,-339.0331028327976,148.71675183627394,-21.312309486552174,-325.85366956914527,130.7213379685826,0.24204343672246975,-0.573292962489811,0.7827835932741769,-12.887557224576412,164.7025471686032,9.0,8.0,right
-161.79823122808125,-371.1735988210585,111.93525965411456,-145.50442163458627,-359.45340296850384,98.6917385094159,-0.6775912553143341,-0.48739382737311804,0.5507425421738622,-188.78364571925144,120.03907159357345,14.0,1.0,right
-82.50785791281008,-376.1059832413202,131.2980161176301,-78.49299855820608,-359.78027126782365,115.73773928542721,-0.1752611919293433,-0.712668486453711,0.6792548439424505,-102.21859530647586,138.90241889366732,11.0,4.0,right
-175.64587914692595,-358.8901335286191,110.5523110363699,-156.32430832563617,-350.14265537191045,97.54861583478248,-0.7766386705071229,-0.35160856582274597,0.5226890011402577,-204.26369120498669,121.13371348877583,15.0,1.0,right
-47.288065696886854,-360.47604582666384,141.58731927305197,-48.44530513090018,-345.06287045229897,124.46009690284086,0.05016105290485063,-0.6680908744217174,0.742386996307116,-57.89044465572771,151.85710685869756,10.0,6.0,right
-7.867612238260991,-327.53939461583246,154.9395221960246,-14.41973734426816,-315.5079958109318,136.09816041562536,0.2812610197863172,-0.5164680836481176,0.8087972288043538,2.306278257136711,175.24250153107883,9.0,9.0,right
25.604068801933934,-287.9080404039722,164.3127879069309,15.711239070303943,-279.93964669690945,144.84353140883746,0.4255559876548955,-0.34277327579895944,0.8375013926968222,62.44502171138193,201.72398281735013,8.0,12.0,right
-108.67798910560404,-378.9897673065303,127.01255596578801,-101.21860785699491,-363.8519656490334,112.59115525299451,-0.3360312769608498,-0.6819298614475883,0.6496573288820296,-130.86208233088544,135.0099446483246,12.0,3.0,right
-135.6226722395408,-377.764563826731,121.09849705968705,-123.78779304860427,-363.87102421516215,107.11436536017223,-0.5147299083381238,-0.6042664445811717,0.6082065318750337,-159.4703214441135,129.8309237889205,13.0,2.0,right
31.53992456065205,-274.2999873867901,168.52779516195665,20.616835126732067,-267.64010278593196,148.20090069094303,0.4547930517434864,-0.2772905284907807,0.8463292756930662,77.62747668188022,212.87626896285374,8.0,13.0,right
-38.30349014465479,-350.3033582338842,148.4925617280516,-40.54226602393743,-335.88099255835573,130.44989413606095,0.09647077070001268,-0.6214720932590435,0.777474004517687,-43.093827683415135,161.92750295582846,10.0,7.0,right
44.417665599124604,-230.6622546057794,174.1011042172996,31.20364675515608,-231.751121514514,153.3390262662295,0.5364024278080641,0.04420084913619644,0.8428040818465784,123.6139559228385,245.06271615798426,8.0,16.0,right
-72.00692296726736,-368.0966856886149,139.17046228614436,-69.53251033661778,-352.4811678704542,122.73762503362246,-0.10850962377870282,-0.684782296440762,0.7206239435577482,-87.62192593913903,149.3910297272223,11.0,5.0,right
40.493035823575966,-245.08676616485894,174.39855934449162,28.243206264567633,-243.27734946447424,152.8102420014971,0.49220807817962214,-0.07270382926001831,0.8674360846688666,110.15211883432698,235.64444734446428,8.0,15.0,right
-0.4843297692572257,-315.44441370020667,160.6030153743353,-7.8193135639178095,-304.71877090715606,141.35728553757372,0.3158699436677558,-0.4618835269012531,0.8287881431732648,17.454799637324804,185.98586717453105,9.0,10.0,right
36.45790704968299,-259.92010716365536,172.04549321356245,24.97485505783031,-255.45317869906478,151.38951858715328,0.47743246567846337,-0.1857221122374027,0.8588163585669876,93.69419910631916,224.26214359360011,8.0,14.0,right
-150.81436780884763,-369.51864446243843,122.41725966273542,-136.3651652751791,-357.51975028641607,108.25013723823206,-0.6141870455760879,-0.510032671144255,0.6021967680185378,-174.33504012118095,134.93094509816376,14.0,2.0,right
-29.902564351456864,-339.27181214401236,154.83227487795858,-33.35112278347315,-326.306794320892,136.1461979783084,0.14991554412241198,-0.563614547883259,0.8123201161148422,-28.046185787574576,172.0816274347995,10.0,8.0,right
-97.71128846317899,-372.56929732745635,135.67056996675007,-91.49894876555743,-357.67386475921,120.1430311471394,-0.27738869247439524,-0.6650995864775839,0.6933239166181218,-116.42628195083242,146.80383705393632,12.0,4.0,right
6.2930039730145495,-302.92152896652135,165.78075389434423,-1.563240901514233,-293.6123944486807,146.01133243544376,0.3383263345664516,-0.4008944998161067,0.851362960996086,32.33536458725558,196.8682582964497,9.0,11.0,right
-165.64396349818378,-358.8359602476626,121.72591683803816,-148.6259319635755,-349.9823106084289,108.14231787632066,-0.7239980846599608,-0.37666080051737943,0.5778870259508471,-190.49040061554126,137.41147876330655,15.0,2.0,right
-124.16246439593516,-373.5769407571516,130.31625886624153,-114.176253084351,-359.7783100541611,115.63352239940599,-0.44406878764061614,-0.6136001949277318,0.6529147820566197,-145.26259091303547,142.12111862305383,13.0,3.0,right
-61.97546158118564,-359.297973734209,146.79101206354815,-61.00763525698409,-344.566117675864,129.62380637608354,-0.042744025407391306,-0.650632054439545,0.7581892099125056,-72.70264142099454,159.68591849000606,11.0,6.0,right
12.583102597146453,-290.1651999061972,170.69628402095782,4.481843496435168,-282.1115746401638,150.75085654784436,0.352458143527281,-0.3503857578979686,0.8677574993761614,47.51469741735222,207.83694475016623,9.0,12.0,right
-21.758417730664167,-328.04234601796,160.87932545802437,-26.265804009742578,-316.3859745345846,141.98016398535714,0.19893504590797056,-0.5144579702274309,0.8341210010418546,-12.786560232681218,182.16475536182037,10.0,9.0,right
-52.70361261689315,-349.5053736740226,153.7848260299026,-53.016678975585464,-335.4626328694935,135.62691180786373,0.013637301601753386,-0.6117076662805164,0.7909663425321378,-57.921443289735194,169.63134633048784,11.0,7.0,right
-87.1181262619682,-365.23045915842147,143.785137304641,-82.32874991209727,-350.8191959798136,127.3190214700255,-0.2138123810488128,-0.6433627823426865,0.7350976778677201,-102.05008381647289,157.49243413692892,12.0,5.0,right
18.720317631271662,-276.87359973377767,175.0243845773092,9.574523441530099,-270.1161323095771,154.13371439306235,0.3845184617434732,-0.2841055599249885,0.8783106417425112,62.83791901338928,218.94381767884101,9.0,13.0,right
-139.51679251501548,-366.48355348319,132.01760982663802,-126.82415235370158,-354.24054772896886,116.8757781777016,-0.5460680848451626,-0.5267237249294068,0.6514382275473453,-159.9758299184699,148.2781246183665,14.0,3.0,right
31.887548891105055,-233.75794254766993,181.28217909853043,20.936657012836505,-234.12965415125166,159.70957625246118,0.45259448833245625,0.015362641225977428,0.8915841061759929,111.95750887950291,253.3111675334175,9.0,16.0,right
24.211110709546347,-263.03825131966687,178.3757809902176,14.076728267465848,-258.12975537658434,156.97053117017862,0.4190109616166535,-0.20294414750547224,0.8850104445928106,79.41605794966316,230.03468923439192,9.0,14.0,right
28.378435522641933,-248.66031209276224,180.83745703751052,17.631595286940694,-246.23703379737236,158.66362870440918,0.43404467510577516,-0.0978716550488242,0.8955592437970399,95.99977866829238,241.59179425885688,9.0,15.0,right
-112.97072783267222,-368.02303738044725,139.19445984189468,-104.63846900328852,-354.57097487659246,123.42579711440334,-0.3729899598950551,-0.6021757552855198,0.7058773615606319,-131.01529647008456,153.86725659894864,13.0,4.0,right
-14.18050459783793,-316.3754714497634,166.4646625941162,-19.678179481376382,-305.90161744261025,147.1522767880726,0.24275328760728695,-0.4624796023803281,0.8527505254985114,2.267774426427522,192.4314945953807,10.0,10.0,right
-168.03829531054055,-346.17901888446136,129.23766606846502,-149.4854786256441,-338.82310149998807,114.11187268466423,-0.7408654165368683,-0.2937421788625306,0.6040148731088875,-190.6801839390536,154.29697910717556,16.0,3.0,right
-154.63849699067288,-357.22846589678375,132.089878216834,-139.070368136756,-347.37641506495345,116.75850652440991,-0.6495293375495169,-0.4110446483549556,0.639651418134312,-175.50675048308386,153.17961804102657,15.0,3.0,right
-44.00645241654275,-339.069814693936,160.26530188158512,-45.39962277343855,-326.28775308123534,141.41533601325585,0.06105680996058252,-0.5601841174183779,0.8261148954895017,-43.02721560773267,179.36245216265846,11.0,8.0,right
-77.03683704599315,-356.8077255227483,151.59234126195423,-73.68205483926315,-343.0883946540654,134.05495569944935,-0.14898604016610176,-0.609276147868317,0.7788361416077002,-87.38224653121337,167.91812122087413,12.0,6.0,right
-7.059370854295629,-304.2890111854699,171.7579191741762,-13.226907749879645,-295.0275373659314,151.850520285692,0.2704337184120133,-0.4060964442363747,0.8728982082261509,17.236841353277917,202.91800892340368,10.0,11.0,right
-102.21314477772466,-361.3715977124815,147.65661371014082,-95.27956472513156,-348.05722001632535,130.75645874178338,-0.3067348012015731,-0.5890150491917581,0.7476463291941333,-116.48671676143911,165.3141357585555,13.0,5.0,right
-128.2947047490251,-362.0071957794221,141.30226894829275,-117.387980467441,-349.825427385157,125.42226204961534,-0.47850930104410644,-0.5344491461715347,0.6967014848346443,-145.79277452951789,160.61932685622781,14.0,4.0,right
-35.78222751608554,-327.94409655763366,166.38401155135827,-38.12955977871298,-316.4237747865551,147.01373948526066,0.10359331687485315,-0.5084190094144448,0.8548558566009247,-27.864564767884378,189.2569156120965,11.0,9.0,right
-0.5183900533989654,-291.6012539781219,176.61960287900533,-7.242925586236257,-283.65966582221654,156.1325462141083,0.29264571426360764,-0.3456107454445612,0.8915782066405603,32.75985273095442,213.78416403716693,10.0,12.0,right
-67.47723716698582,-347.55370776818745,158.6505681543157,-65.51782232499126,-334.59003791236063,140.66402727689888,-0.08803254672714915,-0.5824314728455952,0.8080989111214314,-72.61564827104993,177.81834853456817,12.0,7.0,right
5.705061729751058,-278.5464993561055,180.88435416074304,-1.6798713113493804,-271.81716236014233,159.83742891065137,0.31697786272308326,-0.2888382124323145,0.9033811607413623,48.168641126289025,224.816352245191,10.0,13.0,right
20.1435876903154,-235.8735279539075,187.61939644554172,10.217702298170991,-235.904737087765,165.57583949181983,0.41058051250001515,0.0012909540728759513,0.9118234347683802,99.75015735592544,259.5612260613735,10.0,16.0,right
11.630144158610712,-264.92606419797744,184.37521884815717,3.1636721077279253,-259.8400827836788,162.74796500601326,0.35609689402852795,-0.21391462392292798,0.9096348364784341,65.33214521084273,235.91394462454005,10.0,14.0,right
-143.57040997067833,-354.0688898410451,141.82755033864743,-130.0941525526266,-343.9400351412502,125.85788933591189,-0.5803379249793561,-0.4361862746123033,0.68771318634333,-161.1540092752378,166.59645485572227,15.0,4.0,right
-158.4403073557607,-343.9523132091872,140.708309601223,-141.5626311054943,-336.32843988679025,124.01741010613169,-0.6769696400444444,-0.3057962898610546,0.6694779574902443,-176.8932902483238,171.05429020567956,16.0,4.0,right
-27.94841655954591,-316.4343177692502,172.09188577505716,-31.45910527761218,-306.2408251718491,152.30837682831725,0.15581999830652046,-0.4524325928102925,0.8780802224687173,-12.693251761629739,199.24332378868058,11.0,10.0,right
16.27064406992275,-250.58234628745032,186.81420146419546,6.930409061667541,-247.9338322305225,164.59440753693985,0.3851933622317035,-0.10922530681554311,0.9163492271201443,82.79000152519214,247.5982070095011,10.0,15.0,right
-91.98063508639075,-353.5073136818103,155.60147244238385,-86.52389547504883,-340.8182007649756,137.97391347872485,-0.24366262366479258,-0.5666135394967841,0.7871325318443622,-101.98429461557888,175.93193770222618,13.0,6.0,right
-58.368801706709434,-337.45406791701635,165.4094025491903,-57.88011239142503,-325.57888466699933,146.40696315012963,-0.02180363951217461,-0.529829907522532,0.8478236080687352,-57.52078760172055,187.49014000640446,12.0,8.0,right
-20.701713524772632,-304.5225098587135,177.2829268687701,-24.997531259856775,-295.5302377714409,156.66026173777607,0.18755465341809174,-0.3926010316954363,0.9003819644422575,2.2700204898269405,209.3593110808354,11.0,11.0,right
-117.33806202634385,-356.12409909274487,150.11993201607265,-108.18706879965464,-344.42111744772706,133.37961491625944,-0.408861251260904,-0.5228826642456746,0.7479479906041016,-131.41400288177667,172.21692417302813,14.0,5.0,right
-13.80350534205232,-292.51146867812895,182.1184349622373,-19.021828794716598,-284.45080797721914,160.90709200882327,0.22412009014563367,-0.34619471546918273,0.9109991241347737,17.77147738732802,219.56966467582112,11.0,12.0,right
-49.77741620026776,-326.9833858481822,171.5034520394981,-50.56344766610536,-315.7564656063961,151.732511595219,0.034551195169403706,-0.4934961630472732,0.8690614201366811,-42.44017779798813,196.75482667836258,12.0,9.0,right
-82.17594775933883,-344.6933241345248,163.04777649474443,-78.29685770610871,-332.67128249155246,144.68484946195295,-0.17404055939737886,-0.539384965012404,0.8238772622200561,-87.24327560275408,186.00767103995597,13.0,7.0,right
-160.69930242724502,-330.21956372221604,146.1304632134975,-143.14056457995878,-325.2231082741779,130.23785653095345,-0.7254383766074429,-0.2064283071221093,0.6566022508062686,-177.93654784589762,187.66864829307883,17.0,5.0,right
-132.5833184708268,-349.21192739957354,151.34076390843325,-121.01247552885457,-339.22560772238,134.51168075809508,-0.5089692564123137,-0.4392704771715189,0.7402646445107334,-146.6565045870142,179.12537477951383,15.0,5.0,right
-7.512549265292565,-279.83211039058835,186.5715449219621,-13.260170998752752,-273.0279258798191,164.7258243396422,0.24362913415897802,-0.2884145230654679,0.9259923908293552,33.021651784321705,230.3820114300178,11.0,13.0,right
-106.93597700144254,-349.10276076128974,158.44148114797622,-99.25392086039633,-337.39239010662186,140.71203303329682,-0.34000716515122714,-0.5183000301038544,0.7847038973015044,-116.78170062169181,183.51374155945325,14.0,6.0,right
8.186937609802577,-237.02267512966492,193.5328147987974,-0.15145953044302018,-237.27935557724774,170.4506093305287,0.3397396510278591,0.010458188093076918,0.9404613739124421,87.42719428875733,265.52262057445904,11.0,16.0,right
-1.449840412687026,-266.3875460765757,189.86954655762037,-8.13711714389041,-261.1992997176203,167.59889165062864,0.2806858945408813,-0.21776690705303056,0.9347689569077174,50.49118117386509,241.4016913723691,11.0,14.0,right
-41.67011299357683,-315.8970548224449,177.1946759954185,-43.521008480598894,-305.66912356661805,156.9607422885451,0.08136700770113908,-0.4496289321006173,0.889501677050595,-27.31220981383388,206.24593939991414,12.0,10.0,right
-147.29133374756816,-340.67903812271936,150.1496529454471,-132.95049069688497,-332.8140530184353,133.3662287028249,-0.6119401996280044,-0.3356079233122625,0.7161679369318823,-161.80986481963157,184.99985546692957,16.0,5.0,right
3.870537071584221,-252.12730202041126,192.26073849834253,-3.6866618673357427,-249.34484682306385,169.54219372818332,0.31352933028996033,-0.11543712447390349,0.9425357443307523,69.06729706178203,253.00274390534753,11.0,15.0,right
-72.7201288715157,-335.2301419315854,169.729548777974,-70.24034945735208,-323.8191626927972,150.64261792672335,-0.11082480344326465,-0.5099725903081633,0.8530215824210685,-72.17022218058267,195.41928695596928,13.0,8.0,right
-34.24383589587498,-304.2301563647859,182.4020140889587,-36.96700316657118,-295.4289416868219,161.58504391103048,0.11962332362055336,-0.3866198609999046,0.91444810871169,-12.384607697650864,215.93930893403348,12.0,11.0,right
-121.90300700500642,-343.2165328990578,159.92613049721388,-111.90053120628548,-333.34576396167233,142.32476656446008,-0.44409872252912497,-0.43825108539963836,0.7814808448030177,-132.17145700969405,190.26182575430116,15.0,6.0,right
-96.94747538656662,-340.9938834158943,166.2097216805343,-90.6405828110741,-330.1026429601764,147.87192799257366,-0.2835680812230228,-0.48968776956301574,0.8244968354407989,-102.17898716497746,193.8035647192194,14.0,7.0,right
-63.88490736402457,-324.7732806085834,176.0801028814505,-62.64787921675964,-314.2054039732644,155.92591950370402,-0.05427852523653446,-0.46369903539785423,0.884328585011955,-56.94905465557604,204.7566005796098,13.0,9.0,right
-27.43073832649146,-292.15900202500245,187.26550632832843,-30.78024525017728,-284.53613813879633,165.7582231814501,0.14523449258136464,-0.33052708764419925,0.9325549777348665,3.025091935786044,225.96959882918136,12.0,12.0,right
-151.1119220836447,-326.9123528794067,156.9211419960556,-135.30813720828297,-321.3003798809942,139.09373759501113,-0.6456873071534535,-0.22928556429618493,0.7283653145134672,-163.8511996248377,201.93151446217786,17.0,6.0,right
-136.50777705677024,-335.794619781327,159.4508487989743,-123.95097188850329,-327.81115668919426,141.99461780438025,-0.5474355783325273,-0.3480528427710942,0.7610344973880562,-147.01612023122144,197.0969174257076,16.0,6.0,right
-4.408655600844135,-238.13042891100378,198.2079887241013,-11.221192177924031,-238.26188401228936,174.45704402831512,0.2757105942519962,0.005320127632758981,0.9612259695093461,74.04042350731451,270.4849268746789,12.0,16.0,right
-20.9366605538077,-279.92603851877266,191.5908020585939,-24.77394053070701,-273.44774865804266,169.46013016182798,0.1641513501780038,-0.27712859991586875,0.9467069627627172,18.248826946536724,236.17748654603966,12.0,13.0,right
-55.72903877509066,-314.21800803555675,181.81063417139086,-55.31106033322226,-304.63065093556946,161.12953657167674,-0.018333094560364305,-0.420514329668196,0.9071006538348148,-42.252829368010794,213.7172452585472,13.0,10.0,right
-14.573360382778617,-266.8531800532167,194.86302101573563,-19.358873277302735,-262.0657034405249,172.29007624282974,0.20306806103670352,-0.20315138929211243,0.9578584841277327,36.002546152395176,246.88403834994074,12.0,14.0,right
-8.94373102134404,-253.06544638898038,196.93238890533706,-14.721788131104152,-250.14469481377614,173.99662553114314,0.24244915246848048,-0.12255568446755037,0.9623920784545172,54.96284610430979,258.09733786321993,12.0,15.0,right
-87.23677078442918,-332.02336732012833,173.32383205681518,-82.61589052651294,-321.7483911465631,154.22997268823372,-0.2084306430433426,-0.4634657839147241,0.8612526540921943,-87.13416776009736,203.31939445543543,14.0,8.0,right
-111.66600229589235,-335.98239092699123,168.0705097212013,-103.09089801001875,-326.4659156555631,149.54378242509173,-0.3807078684793571,-0.42250180233846757,0.8225288723799614,-117.33280804048862,201.2256550002533,15.0,7.0,right
-47.95171937063671,-302.9161980820263,187.02748809799223,-48.6866247115471,-294.63550572842087,165.76369533991516,0.03218879280811901,-0.3626936363638198,0.931352354245559,-27.240641840027095,222.9040888919351,13.0,11.0,right
-78.10631230108312,-321.8856832004194,179.6491526808235,-74.6952083985669,-312.22823591352403,159.4578670867342,-0.15066414536849265,-0.4265572329380085,0.8918235488753653,-71.86231605207199,212.6279093084682,14.0,9.0,right
-152.14318279948472,-313.4529331757313,161.46037988101872,-136.3627398517845,-310.6954789907426,144.74418495537645,-0.6815750133203236,-0.11909753605096149,0.7219911897828054,-162.2572262618367,218.77422334786823,18.0,7.0,right
-40.785896473857036,-291.17565707813884,191.84219375294748,-42.574394250045394,-283.9208101914659,169.90262886244278,0.07716672869926341,-0.31301844984772803,0.9466069649209115,-11.670396348586998,232.37646166636563,13.0,12.0,right
-126.13117909638467,-329.398047497451,168.36117513907317,-115.45171455337112,-321.7721354837505,150.0758180439461,-0.47449771507036814,-0.3388257727018476,0.8124340060251023,-132.1157935713228,208.4107589785504,16.0,7.0,right
-101.97839953440813,-327.5613181080149,175.7823651845889,-94.72827271752497,-318.68204469597765,156.49277522164778,-0.32310851501793136,-0.3957129191065568,0.859658172284237,-102.5088803467412,211.26993284855948,15.0,8.0,right
-139.98781638127528,-321.45737075441207,166.18228190809924,-126.82982198403047,-316.12407776585474,148.29248774238374,-0.5761186413650564,-0.23351655410438651,0.783299004232033,-147.6699095315515,215.32292536854607,17.0,7.0,right
-16.94905902259859,-238.917299035281,201.77322131499483,-21.715355610133287,-238.50180505422438,178.93152609350653,0.20423444233986562,-0.017803797971489618,0.9787600918202144,59.92957130462831,274.59117103670553,13.0,16.0,right
-34.40755070395642,-278.8860404507075,196.14947599595308,-36.553126049869974,-272.95038110269843,173.64706445934195,0.09180583387697203,-0.25397763685693187,0.9628432109345333,3.4042188410124936,242.3421082116692,13.0,13.0,right
-69.80339161952938,-311.4930674129748,185.53983045559778,-67.36706130857567,-302.7053329247398,164.8426453710683,-0.10772069528958561,-0.3885437310519641,0.9151120264025313,-57.27031620368056,221.4558548284635,14.0,10.0,right
-28.05097135764647,-266.27509758686347,199.38438531896244,-30.92308886718982,-262.00473870898605,176.41856340712266,0.12203405252832487,-0.18144424727961347,0.9758000180122198,20.89709718152065,252.4682886309511,13.0,14.0,right
-21.953222112508975,-252.93246113939844,201.0477861202099,-25.821981845874486,-250.42060125005585,178.17000394223396,0.16576970596526358,-0.10762887953241648,0.9802736499951362,40.46358376978939,263.15832650998334,13.0,15.0,right
-62.026797494925404,-300.4969104113055,190.9348592059569,-60.54866501226748,-292.88447940621154,169.23771474104183,-0.06415152339808947,-0.33038245994127396,0.941664490255875,-42.65409178550494,230.27106652883123,14.0,11.0,right
-143.02296501942334,-306.05751628256644,170.76597468310115,-128.6699569612917,-303.7889977925319,152.5736681349039,-0.6164490718090903,-0.09743087385583032,0.7813435650758253,-148.3122302441313,233.35025570454843,18.0,8.0,right
-92.63154103829461,-318.00197666302296,182.36826882281258,-86.82803950565108,-310.08265532711243,162.49397216708087,-0.2618060153300868,-0.35725431472900104,0.8965639770504358,-87.40157808837826,220.5026014391866,15.0,9.0,right
-116.32531699770351,-321.68891290134286,176.54450742837477,-106.96546838687476,-314.7056554731964,157.3305157321194,-0.4162811180934925,-0.31058175521773873,0.8545460807029077,-117.04881173351806,219.34098239511485,16.0,8.0,right
-54.63127514324222,-288.9809555541015,195.6215218686905,-54.41352583795851,-282.58253790807345,173.17590519288223,-0.009329128392442626,-0.2741301959631635,0.9616473381778972,-27.071583580211396,239.24862496398245,14.0,12.0,right
-130.19738979781826,-314.42024338927564,174.89692401625763,-118.54964441916105,-309.671314970361,155.9816130091985,-0.5127577922319426,-0.20905763067349364,0.83269103127307,-132.80999671515175,226.65231742116035,17.0,8.0,right
-29.026498338450374,-238.3866083822555,204.42443047360695,-32.49184920080862,-238.77116449660994,181.40658172539278,0.14885259957495606,0.016518436250102443,0.9887214192398326,46.28209933746945,278.68419618891653,14.0,16.0,right
-35.59683919525683,-251.72504318226066,204.1860608516539,-37.52516508981095,-249.86597565607428,180.65396231987359,0.0814187555688593,-0.0784944935542505,0.9935842192402615,24.714848145267837,268.22115426262843,14.0,15.0,right
-83.9276929393074,-307.84689423545456,188.32547273494407,-79.32510474137669,-300.6603588163805,167.79367315033366,-0.20699960612711407,-0.32321162293765554,0.9234096652413957,-72.5777562417099,229.30219068474102,15.0,10.0,right
-47.93436222191946,-276.8456772782934,199.6902611731488,-48.60303089302036,-271.75666304503056,176.77387370632854,0.028473172270922328,-0.21669981743619476,0.9758229693873527,-11.776737687110547,248.65724032236622,14.0,13.0,right
-41.625950426238006,-264.4656938239392,202.7853888980166,-42.76437656495861,-260.79228558425746,179.17184531162715,0.04758379480041508,-0.15354066280629292,0.986995971287318,5.509133522109593,258.2990431005125,14.0,14.0,right
-134.53809828142596,-298.54661555654707,178.70379628114088,-121.29951157666208,-296.75326347034894,159.05000455141663,-0.5570758645475181,-0.075463732355767,0.8270258195712952,-134.59440346891728,244.87208871744963,18.0,9.0,right
-107.00702141591408,-312.61195590000295,183.71031431413496,-98.89162603470729,-306.5970311979843,163.76592469896138,-0.3629977175836177,-0.2690446781343904,0.8921029190607137,-102.10099884483792,229.083181771157,16.0,9.0,right
-76.00354452966658,-296.9297073884203,193.75958876839792,-72.40570880253773,-290.5810137495892,172.05651618860134,-0.15713115300001876,-0.2772715674568894,0.9478556211981256,-58.06752458828012,237.93924133364754,15.0,11.0,right
-120.98858043460305,-306.0145209330949,182.6039773305353,-110.28604327001185,-302.14184378567364,162.79240644307725,-0.46841925750165164,-0.16949593596743828,0.86709545431407,-117.86631039263196,237.40347165444177,17.0,9.0,right
-42.57037538725925,-237.78326745313743,205.6563960616002,-43.82578776925868,-238.55437159534608,183.58285316171674,0.05674781176838972,0.03485585560833044,0.9977799132019598,30.21078648291163,281.83363203180727,15.0,16.0,right
-68.71341143970275,-285.31411533182234,198.6111125808237,-66.17188458271153,-280.27281623461465,175.79511518510208,-0.10813110829996475,-0.2144857360657671,0.9707232007334261,-42.7990663699585,246.76682842750262,15.0,12.0,right
-50.029100995573586,-248.05908546345069,206.78693819650508,-49.70004366216568,-247.73228862545923,182.1652165041049,-0.013362143492727215,-0.013270350783516191,0.9998226597308957,8.342727181893665,274.64204320053784,15.0,15.0,right
-98.16624920556882,-302.9715381676075,189.76341540264804,-91.33096189916247,-297.73852702996646,169.19811037772706,-0.3065930251026572,-0.23472381527862615,0.9224453628803425,-87.5363663568495,237.66693360490956,16.0,10.0,right
-55.5147215391993,-261.0710079125656,204.8770135291094,-54.7761747736218,-258.74555595846465,180.92129691456898,-0.030670992740674325,-0.09657332931008963,0.994853196341182,-10.364635586197771,264.75251496142846,15.0,14.0,right
-61.84253622173428,-273.44856892260225,202.32469916102343,-60.35096283039543,-269.61061486477075,178.93395647866907,-0.06280203101788961,-0.1615953403196725,0.984856766685896,-27.609475331212735,255.5680009314505,15.0,13.0,right
-125.40113046302764,-289.68992347519713,185.79807309147944,-113.52513821636668,-288.6289305833409,165.60310915883815,-0.5063933360005969,-0.04524082862474631,0.861115007812274,-120.09257783645867,254.88618354148136,18.0,10.0,right
-112.13937772587329,-296.7940303521682,189.2053712268118,-102.70760727073406,-293.6491453325127,168.6446568154104,-0.41297897268600164,-0.13770175926251826,0.9002702891994281,-103.45586806739907,246.44334748563404,17.0,10.0,right
-89.95957743920357,-292.38853930959783,195.28647857587987,-84.11578754019486,-287.7914959266611,173.72067507978448,-0.2561768609822435,-0.20152267004665678,0.9453898821938759,-72.97930175607384,246.16046148861327,16.0,11.0,right
-62.59138689817104,-244.66832536118585,206.04801409330463,-61.10178708500065,-245.812139451612,182.6695725985611,-0.06351220300528815,0.04876890562763909,0.9967887408640296,-5.691548362016135,280.07601965051896,16.0,15.0,right
-82.59567409739748,-280.8799528410373,199.83496469370365,-77.7712878612549,-277.36209865764283,176.9902261710882,-0.2043182402830559,-0.14898512290306345,0.9675006407445912,-57.98307012799894,254.66015870730004,16.0,12.0,right
-117.21745572066547,-280.17608328999944,191.74806423783764,-106.33667152351319,-279.8754077743734,171.1646682962224,-0.4673015676546544,-0.012913236515084376,0.8840036726112669,-106.7626853680815,263.0942305325596,18.0,11.0,right
-75.83489210433507,-268.9177664210039,203.23097038547442,-72.16654947347646,-266.73028488145957,179.87960953880213,-0.15452978290968816,-0.09214816647201073,0.9836814838197023,-43.20668155091701,263.12002951557247,16.0,13.0,right
-68.89256297297092,-256.41401577454786,206.0100168851764,-66.44960367544226,-255.91456867254934,182.31762579725708,-0.10254520460288863,-0.020964698558248448,0.9945073968690799,-24.870820257686425,271.9756521374817,16.0,14.0,right
-103.63570776723583,-286.743774215955,194.7606102759955,-95.43283624876167,-284.28139832447033,173.72703661071125,-0.3611947255062553,-0.10842510238213089,0.9261654104099794,-89.06302023431644,254.5484764127785,17.0,11.0,right
-95.82818787861568,-275.34733799909856,200.01953890059633,-88.86013292884701,-273.6958024658117,177.2104363185284,-0.2914671227312145,-0.06908216330748938,0.9540831049125357,-73.58134686641255,263.03619796790395,17.0,12.0,right
-90.55010661794074,-263.0485396318903,202.4051763266248,-84.12026059363707,-263.0210861293749,179.1335645988362,-0.2663172080643084,-0.0011370941254045396,0.9638847709689067,-61.47274204912131,271.3756362934313,17.0,13.0,right
-81.6498336293836,-252.49759523118774,204.65808621884045,-77.77451739313892,-253.5852315377952,182.09583355352243,-0.16909140143044463,0.04745675865387044,0.9844571874999728,-41.41138555341379,277.7487502261715,17.0,14.0,right
-107.73108332462476,-270.56921805318274,196.63382600907428,-99.82857365090439,-271.2171374244576,178.1884566350259,-0.39360267300802776,0.032271114741628214,0.9187140528773186,-90.46124638834517,269.2972955037401,18.0,12.0,right
