p,q,column_id,p_mapped,q_mapped,x,y,z,dx,dy,dz,side
-18,-9,769,-19.6151375932054,-10.63934954208415,78.2227783203125,-241.8355712890625,-246.55126953125,0.49177323839203063,0.15772262108930427,-0.8563192493446208,right
-18,-8,794,-19.60180002936141,-9.574037372166098,90.25433349609375,-236.76690673828125,-237.60107421875,0.5493942846320353,0.16101287892925786,-0.819902904515264,right
-18,-7,307,-19.588462465517463,-8.508725202248122,101.33209228515625,-230.6944580078125,-227.7666015625,0.6023752036909277,0.17134651572184292,-0.7796053395970923,right
-17,-11,592,-18.566873544615177,-12.708270186984553,49.64208984375,-267.075439453125,-257.194091796875,0.4000321206022232,0.05395288490002034,-0.914911683550633,right
-17,-10,771,-18.55353598077123,-11.642958017066544,63.42529296875,-264.183349609375,-250.5469970703125,0.46578851230946205,0.043164699579528995,-0.8838426729405788,right
-17,-9,332,-18.540198416927275,-10.577645847148528,76.6650390625,-260.35107421875,-242.826416015625,0.5288426631273573,0.04040736991246942,-0.8477574429712318,right
-17,-8,710,-18.526860853083328,-9.51233367723052,89.2216796875,-255.58074951171875,-234.1546630859375,0.5880021604827034,0.04517710902333696,-0.8075967360557909,right
-17,-7,290,-18.513523289239377,-8.447021507312511,100.92269897460938,-249.82635498046875,-224.6654052734375,0.6422237985267323,0.05719309003768615,-0.7643804962568291,right
-17,-6,141,-18.500185725395426,-7.381709337394498,111.61941528320312,-243.0631103515625,-214.4554443359375,0.6908915942519273,0.07594260342614129,-0.718958639962613,right
-17,-5,505,-18.486848161551478,-6.316397167476489,121.11468505859375,-235.22265625,-203.644775390625,0.7333347623610604,0.10125656539592305,-0.6722850840804578,right
-17,-4,795,-18.473510597707524,-5.251084997558475,129.23162841796875,-226.24560546875,-192.3331298828125,0.769171199286541,0.13284376301877682,-0.6250825551998034,right
-16,-13,400,-17.518609496024993,-14.777190831884962,16.88623046875,-286.20849609375,-260.7923583984375,0.2767202714293686,-0.01275824028647551,-0.9608658172111489,right
-16,-12,726,-17.50527193218104,-13.711878661966947,31.517822265625,-285.6298828125,-256.73321533203125,0.3465367976520912,-0.04072802950664774,-0.937151788925113,right
-16,-11,180,-17.491934368337088,-12.646566492048938,45.930419921875,-284.007568359375,-251.347900390625,0.4164322601895648,-0.058788141491642285,-0.9072640889472972,right
-16,-10,471,-17.478596804493137,-11.581254322130926,60.003662109375,-281.414306640625,-244.80029296875,0.4848290461983775,-0.06825710617919227,-0.871941376136271,right
-16,-9,583,-17.46525924064919,-10.515942152212917,73.600830078125,-277.8682861328125,-237.2222900390625,0.5501876668466872,-0.06957512100869118,-0.8321375089409352,right
-16,-8,750,-17.451921676805235,-9.450629982294904,86.58795166015625,-273.383544921875,-228.7518310546875,0.6113556546742709,-0.06339270835844922,-0.7888127965650495,right
-16,-7,64,-17.438584112961287,-8.385317812376895,98.8118896484375,-267.9280700683594,-219.5062255859375,0.6673893306722395,-0.05014556957031151,-0.7430187771229804,right
-16,-6,686,-17.42524654911734,-7.320005642458886,110.13006591796875,-261.480712890625,-209.5958251953125,0.7177063432434461,-0.03004614030838518,-0.695697372656164,right
-16,-5,208,-17.411908985273385,-6.254693472540874,120.389892578125,-253.99951171875,-199.1236572265625,0.761836988824778,-0.003483357859265081,-0.6477594219125024,right
-16,-4,171,-17.398571421429434,-5.18938130262286,129.42193603515625,-245.4271240234375,-188.1910400390625,0.799497952752331,0.029317062176090012,-0.599952942663168,right
-16,-3,743,-17.385233857585483,-4.124069132704848,137.05047607421875,-235.70703125,-176.8934326171875,0.8304526005508424,0.06796516505394817,-0.5529278565758219,right
-16,-2,516,-17.371896293741536,-3.058756962786838,143.0821533203125,-224.7724609375,-165.3316650390625,0.8544787910491864,0.11203365156380819,-0.5072617239299648,right
-15,-14,62,-16.457007883590855,-15.780799306867356,-3.3251953125,-300.4140625,-256.37060546875,0.20041688407365002,-0.08079783521398114,-0.9763732802586026,right
-15,-13,667,-16.443670319746907,-14.715487136949347,11.54833984375,-301.421875,-253.69384765625,0.27205625250708143,-0.11949188212041059,-0.9548335381516115,right
-15,-12,664,-16.43033275590295,-13.650174967031333,26.37158203125,-301.24169921875,-249.55767822265625,0.34546586192752,-0.14689351616485585,-0.926863330352108,right
-15,-11,225,-16.416995192058998,-12.584862797113322,41.0068359375,-299.97412109375,-244.1539306640625,0.41868573100735196,-0.16410930293850132,-0.8931799344700252,right
-15,-10,173,-16.40365762821505,-11.519550627195313,55.326904296875,-297.685791015625,-237.63458251953125,0.49008825124794125,-0.17251083659943126,-0.8544316925562273,right
-15,-9,254,-16.3903200643711,-10.4542384572773,69.218505859375,-294.415771484375,-230.136962890625,0.5581634682321254,-0.17266924012053964,-0.8115656943509135,right
-15,-8,564,-16.37698250052715,-9.38892628735929,82.5513916015625,-290.19775390625,-221.79034423828125,0.6217278500132023,-0.16523549406830357,-0.7656054545377563,right
-15,-7,85,-16.363644936683198,-8.323614117441279,95.20050048828125,-285.0204162597656,-212.7164306640625,0.6799992622406628,-0.15078405390033822,-0.7175410597600211,right
-15,-6,95,-16.35030737283925,-7.25830194752327,107.03851318359375,-278.8675537109375,-203.02001953125,0.7323412648249954,-0.12969933139587017,-0.6684716562951567,right
-15,-5,256,-16.3369698089953,-6.192989777605257,117.92637634277344,-271.7098388671875,-192.804931640625,0.7784927916979352,-0.10220889725654071,-0.6192756370114662,right
-15,-4,773,-16.323632245151348,-5.127677607687244,127.72140502929688,-263.509033203125,-182.1641845703125,0.8183014700593011,-0.0686748093072128,-0.5706719501301993,right
-15,-3,285,-16.310294681307397,-4.062365437769234,136.26348876953125,-254.2056884765625,-171.19390869140625,0.8516033000602302,-0.029262072758871736,-0.523369420604968,right
-15,-2,341,-16.296957117463446,-2.9970532678512245,143.3897705078125,-243.7498779296875,-159.9835205078125,0.8783140086516699,0.015694001051109865,-0.4778265381257536,right
-15,-1,594,-16.283619553619495,-1.9317410979332121,148.9144287109375,-232.0751953125,-148.62744140625,0.8982531364902162,0.06578483673226723,-0.43452693592181135,right
-14,-14,72,-15.382068707312763,-15.719095611931744,-9.85302734375,-314.1162109375,-248.4678955078125,0.17908186397096995,-0.17876603338778352,-0.967456661201669,right
-14,-13,14,-15.368731143468814,-14.653783442013733,5.186279296875,-315.640625,-245.63037109375,0.25461511475561793,-0.21791927950344686,-0.9421689503261514,right
-14,-12,334,-15.355393579624867,-13.588471272095722,20.17919921875,-315.88623046875,-241.3875732421875,0.3317841291329725,-0.24534468049550098,-0.9108925729239621,right
-14,-11,406,-15.342056015780912,-12.523159102177708,34.994384765625,-314.975341796875,-235.91812133789062,0.408566756102492,-0.26230310449684974,-0.8742255356480966,right
-14,-10,111,-15.328718451936961,-11.457846932259697,49.52490234375,-312.993408203125,-229.37277221679688,0.4833046315060663,-0.2700609896929842,-0.832756684158603,right
-14,-9,610,-15.315380888093014,-10.392534762341688,63.6572265625,-310.0035400390625,-221.8951416015625,0.5544866422126066,-0.26935187420104667,-0.7873970608734658,right
-14,-8,128,-15.302043324249063,-9.327222592423675,77.2779541015625,-306.0408935546875,-213.61517333984375,0.6208851064604397,-0.2609246701089214,-0.7392022734706374,right
-14,-7,637,-15.288705760405112,-8.261910422505666,90.27957153320312,-301.1234588623047,-204.648193359375,0.6816791761075316,-0.2454474909519306,-0.6892525154446365,right
-14,-6,524,-15.27536819656116,-7.1965982525876555,102.54264831542969,-295.24395751953125,-195.09918212890625,0.7364046091669815,-0.22345006682730478,-0.6385752259777216,right
-14,-5,318,-15.262030632717211,-6.131286082669646,113.95088195800781,-288.3890380859375,-185.068603515625,0.7848210520527152,-0.19527067307343865,-0.5881541298778028,right
-14,-4,427,-15.248693068873262,-5.065973912751633,124.37419128417969,-280.520263671875,-174.64788818359375,0.826928423086514,-0.16121990308562292,-0.5386998477266478,right
-14,-3,435,-15.235355505029311,-4.000661742833621,133.68072509765625,-271.5997314453125,-163.92828369140625,0.8627114794612422,-0.1214763137257624,-0.4908894054768293,right
-14,-2,449,-15.22201794118536,-2.935349572915609,141.72232055664062,-261.574951171875,-152.9951171875,0.8922013232007261,-0.07623690449309178,-0.44515697598957676,right
-14,-1,722,-15.208680377341409,-1.8700374029976004,148.3397216796875,-250.39501953125,-141.93661499023438,0.9153115032365938,-0.025701821692918462,-0.4019257001044252,right
-14,0,11,-15.195342813497458,-0.8047252330795878,153.36032104492188,-238.0029296875,-130.84164428710938,0.9318714008463094,0.029672042107915325,-0.36157331511310836,right
-14,1,666,-15.182005249653507,0.260586936838424,156.59405517578125,-224.348388671875,-119.80319213867188,0.9416744162349535,0.08918752012182886,-0.3244917257235963,right
-13,-15,791,-14.32046709487863,-16.722704086914145,-32.427734375,-323.1640625,-241.338623046875,0.070551898392651,-0.21283394430561076,-0.9745379119277552,right
-13,-14,104,-14.307129531034679,-15.657391916996131,-17.307861328125,-326.78857421875,-239.8868408203125,0.14642220537834735,-0.26751203900434145,-0.9523643455946262,right
-13,-13,565,-14.293791967190725,-14.592079747078119,-2.1181640625,-328.86181640625,-236.86474609375,0.22601307160776313,-0.3080932036340508,-0.924119402099605,right
-13,-12,27,-14.280454403346777,-13.526767577160108,13.022216796875,-329.55908203125,-232.483642578125,0.3069237840060791,-0.33632214591924053,-0.8903287061392926,right
-13,-11,35,-14.267116839502824,-12.461455407242095,28.004150390625,-329.021240234375,-226.90447998046875,0.38752150846437694,-0.3536975648089397,-0.8513078838620726,right
-13,-10,735,-14.253779275658873,-11.396143237324083,42.7152099609375,-327.355712890625,-220.29229736328125,0.4658968532249369,-0.36120620296836287,-0.8077562757987582,right
-13,-9,717,-14.240441711814924,-10.330831067406072,57.052001953125,-324.64794921875,-212.78872680664062,0.5404768242048783,-0.3600803694731235,-0.7604123420996716,right
-13,-8,83,-14.227104147970975,-9.265518897488064,70.91571044921875,-320.9407958984375,-204.521728515625,0.6100270024143504,-0.35092474719161515,-0.7104356959879361,right
-13,-7,632,-14.213766584127024,-8.20020672757005,84.20645141601562,-316.27044677734375,-195.6075439453125,0.6737078971535235,-0.3346308097896446,-0.6588929279120423,right
-13,-6,480,-14.200429020283073,-7.134894557652041,96.820556640625,-310.6451187133789,-186.14862060546875,0.7310710026193651,-0.31180842441260326,-0.6068860647555242,right
-13,-5,300,-14.187091456439124,-6.069582387734029,108.65495300292969,-304.0613098144531,-176.244384765625,0.7819943721734901,-0.2830070107939037,-0.5553303825026038,right
-13,-4,293,-14.17375389259517,-5.004270217816018,119.59867858886719,-296.49603271484375,-165.98275756835938,0.8265280870633337,-0.24855654321057202,-0.5050455089619523,right
-13,-3,18,-14.160416328751225,-3.9389580478980073,129.53733825683594,-287.91943359375,-155.44985961914062,0.8648455256468451,-0.20869598554420618,-0.4566050836186175,right
-13,-2,10,-14.14707876490727,-2.8736458779799956,138.34112548828125,-278.2874755859375,-144.72900390625,0.8970935724468714,-0.16352713871054225,-0.4104655858651894,right
-13,-1,149,-14.133741201063323,-1.8083337080619832,145.87615966796875,-267.55718994140625,-133.90213012695312,0.9233070610481529,-0.11316026303808559,-0.36701338652394383,right
-13,0,542,-14.12040363721937,-0.7430215381439707,151.99050903320312,-255.677978515625,-123.05253601074219,0.9434105807649309,-0.057777889868613534,-0.32655503600940866,right
-13,1,595,-14.107066073375421,0.3222906317740402,156.51806640625,-242.6002197265625,-112.26779174804688,0.9571902586151092,0.0022205366514287178,-0.2894509941757327,right
-13,2,144,-14.09372850953147,1.3876028016920492,159.27716064453125,-228.27960205078125,-101.63920593261719,0.964387498789667,0.06609846569637123,-0.25610104453280896,right
-12,-15,790,-13.24552791860054,-16.66100039197853,-40.8583984375,-334.080078125,-232.4981689453125,0.02450255537804058,-0.2892971837814783,-0.9569256837581754,right
-12,-14,13,-13.232190354756591,-15.595688222060515,-25.604736328125,-338.423828125,-230.81564331054688,0.10424365662134263,-0.3471495373985641,-0.9319981001794878,right
-12,-13,266,-13.21885279091264,-14.530376052142504,-10.27685546875,-341.08544921875,-227.59768676757812,0.1875898562850546,-0.3900318000242635,-0.9014905661119175,right
-12,-12,286,-13.205515227068688,-13.465063882224491,5.008544921875,-342.2705078125,-223.0421142578125,0.27234274897895044,-0.419871450615506,-0.8657582757540463,right
-12,-11,537,-13.192177663224738,-12.399751712306482,20.134521484375,-342.1279296875,-217.33050537109375,0.356757556388844,-0.4382627936826298,-0.8250150117621846,right
-12,-10,697,-13.178840099380787,-11.33443954238847,35.005859375,-340.7977294921875,-210.61911010742188,0.4388971646645083,-0.44629386027436574,-0.7798660584554635,right
-12,-9,373,-13.165502535536838,-10.26912737247046,49.519287109375,-338.3690185546875,-203.052978515625,0.5171138499364589,-0.44508907512035467,-0.7310875333449482,right
-12,-8,362,-13.152164971692887,-9.203815202552448,63.586669921875,-334.91473388671875,-194.75860595703125,0.5900849868809603,-0.43555200645545905,-0.6797750789270821,right
-12,-7,269,-13.138827407848936,-8.138503032634437,77.11740112304688,-330.48187255859375,-185.85272216796875,0.6569581815765346,-0.4186581268106081,-0.6270018504877682,right
-12,-6,423,-13.125489844004987,-7.073190862716426,90.02114868164062,-325.09681701660156,-176.4388427734375,0.7172503954831333,-0.3951834225444581,-0.5739180540158474,right
-12,-5,379,-13.112152280161038,-6.007878692798415,102.20694732666016,-318.76332092285156,-166.61044311523438,0.7708773801351044,-0.3658190554812291,-0.5214637891962002,right
-12,-4,669,-13.098814716317086,-4.942566522880404,113.58043670654297,-311.47528076171875,-156.4564208984375,0.8180125177394776,-0.33102052432405615,-0.4704050736309586,right
-12,-3,174,-13.085477152473134,-3.877254352962392,124.04012298583984,-303.2080383300781,-146.0580291748047,0.8589152059542499,-0.2910939769133467,-0.42134186308191635,right
-12,-2,577,-13.072139588629184,-2.811942183044382,133.47830200195312,-293.9315185546875,-135.49505615234375,0.8938715120357041,-0.24616097777228305,-0.37469786894669904,right
-12,-1,563,-13.058802024785235,-1.7466300131263715,141.77774047851562,-283.607421875,-124.84489440917969,0.9230570721921078,-0.1962551399159587,-0.33083162111971925,right
-12,0,3,-13.045464460941284,-0.681317843208358,148.8088836669922,-272.19195556640625,-114.18557739257812,0.946518575979325,-0.14140894116563324,-0.29001051133447786,right
-12,1,57,-13.032126897097331,0.3839943267096538,154.4290313720703,-259.6414794921875,-103.59820556640625,0.964123292449398,-0.0817683669575787,-0.2525474433084277,right
-12,2,182,-13.018789333253384,1.4493064966276645,158.48008728027344,-245.91323852539062,-93.16815185546875,0.975607500347744,-0.017737623830142265,-0.2188044377202779,right
-12,3,297,-13.005451769409433,2.514618666545674,160.78692626953125,-230.96978759765625,-82.98714447021484,0.9806645367571206,0.049910221783553414,-0.1892248295241887,right
-11,-16,789,-12.183926306166402,-17.66460886696093,-65.21484375,-336.68701171875,-223.495849609375,-0.1078394105026808,-0.27381977769524074,-0.9557161664873955,right
-11,-15,354,-12.170588742322451,-16.599296697042913,-50.044677734375,-343.890625,-223.32281494140625,-0.029595365791883634,-0.35516255144666375,-0.9343359547687013,right
-11,-14,657,-12.1572511784785,-15.533984527124902,-34.6630859375,-349.0107421875,-221.408203125,0.05387136348960847,-0.4172772612161073,-0.9071811084164809,right
-11,-13,633,-12.143913614634549,-14.468672357206888,-19.205078125,-352.316162109375,-217.98196411132812,0.14075517524343809,-0.46342171032378343,-0.8748875922327213,right
-11,-12,585,-12.1305760507906,-13.403360187288877,-3.79345703125,-354.015869140625,-213.24346923828125,0.22920376417675148,-0.49582884549499223,-0.837627238371766,right
-11,-11,395,-12.11723848694665,-12.338048017370868,11.4698486328125,-354.302734375,-207.376953125,0.31735118957822994,-0.5159743100592934,-0.7956498814378838,right
-11,-10,333,-12.1039009231027,-11.272735847452855,26.480712890625,-353.31884765625,-200.54165649414062,0.40328142924840127,-0.5251373311171945,-0.7493963385889184,right
-11,-9,294,-12.09056335925875,-10.207423677534846,41.15155029296875,-351.1859130859375,-192.88441467285156,0.4852234485289283,-0.5244470578191913,-0.6996524055146871,right
-11,-8,89,-12.0772257954148,-9.142111507616834,55.39434814453125,-347.9857177734375,-184.53224182128906,0.561837314085711,-0.5149447753673122,-0.6474339432118636,right
-11,-7,598,-12.06388823157085,-8.076799337698825,69.12753295898438,-343.7869873046875,-175.60098266601562,0.6321267306628375,-0.49772957124928446,-0.5938695734633286,right
-11,-6,241,-12.050550667726895,-7.011487167780813,82.27311706542969,-338.6285858154297,-166.19268798828125,0.6956064624313013,-0.47378929777129614,-0.5400512482544528,right
-11,-5,441,-12.037213103882944,-5.9461749978628,94.75040435791016,-332.52812576293945,-156.40237426757812,0.752203593804932,-0.44395664985691863,-0.48692119127715766,right
-11,-4,152,-12.023875540038997,-4.88086282794479,106.47704315185547,-325.4913330078125,-146.31349182128906,0.802105911981804,-0.4088487047251133,-0.4352801886238744,right
-11,-3,161,-12.010537976195048,-3.8155506580267784,117.36793518066406,-317.5054626464844,-136.00634765625,0.8456846725334978,-0.36886891230339597,-0.38568531237009834,right
-11,-2,233,-11.997200412351095,-2.7502384881087667,127.33036804199219,-308.5487976074219,-125.55647277832031,0.8833283428295483,-0.3242030300178854,-0.3385608277418197,right
-11,-1,454,-11.983862848507144,-1.6849263181907561,136.26490783691406,-298.590576171875,-115.037353515625,0.915360663875411,-0.2748766268162508,-0.29420689159108193,right
-11,0,511,-11.970525284663193,-0.6196141482727453,144.06143188476562,-287.5948791503906,-104.52224731445312,0.9419567112779959,-0.2208404442500957,-0.2528775440045295,right
-11,1,557,-11.957187720819245,0.44569802164526734,150.5986328125,-275.52252197265625,-94.08650970458984,0.9631090633068714,-0.16206912252889233,-0.214836057725131,right
-11,2,521,-11.943850156975294,1.5110101915632763,155.74083709716797,-262.335205078125,-83.80921173095703,0.9786279523190451,-0.09869711759004242,-0.18040568150490746,right
-11,3,500,-11.930512593131343,2.576322361481291,159.33698272705078,-247.99771118164062,-73.77523422241211,0.9881940692679972,-0.031150694289778184,-0.15000705219696045,right
-11,4,455,-11.917175029287392,3.6416345313993017,161.21781158447266,-232.48045349121094,-64.07719039916992,0.9914666447412062,0.0397301515991345,-0.12415879920297586,right
-11,5,793,-11.903837465443445,4.706946701317312,161.194580078125,-215.76312255859375,-54.8173770904541,0.9882350042867508,0.11262967958430162,-0.1034704381893834,right
-10,-16,612,-11.108987129888316,-17.602905172025316,-75.164794921875,-344.35595703125,-214.341552734375,-0.17170608555568848,-0.32200723808971515,-0.9310361748079266,right
-10,-15,650,-11.095649566044363,-16.537593002107304,-59.901611328125,-352.5712890625,-213.93096923828125,-0.09013492790010937,-0.41002668873507647,-0.9076088415707456,right
-10,-14,709,-11.08231200220041,-15.472280832189288,-44.4130859375,-358.53955078125,-211.7855224609375,-0.003345937830219464,-0.47751919050841435,-0.8786149483113892,right
-10,-13,580,-11.068974438356463,-14.406968662271277,-28.8427734375,-362.53173828125,-208.14724731445312,0.08681185619128644,-0.5280089817983201,-0.8447900430076841,right
-10,-12,52,-11.055636874512512,-13.341656492353264,-13.31103515625,-364.80029296875,-203.21766662597656,0.1786649366449956,-0.563760779902111,-0.8063824300279634,right
-10,-11,243,-11.042299310668561,-12.276344322435254,2.075927734375,-365.544677734375,-197.18563842773438,0.2703174307241298,-0.5865068202996886,-0.763503920349237,right
-10,-10,197,-11.028961746824612,-11.211032152517243,17.217529296875,-364.93603515625,-190.21099853515625,0.3598860402363971,-0.5975034713222241,-0.7165693544946353,right
-10,-9,51,-11.015624182980659,-10.14571998259923,32.02728271484375,-363.11248779296875,-182.44284057617188,0.4455792427054064,-0.5979444092465959,-0.6662744343893258,right
-10,-8,296,-11.00228661913671,-9.08040781268122,46.4244384765625,-360.1768798828125,-174.009521484375,0.5258947738955901,-0.5889893329809737,-0.6136173501653404,right
-10,-7,624,-10.988949055292759,-8.015095642763209,60.33416748046875,-356.2120056152344,-165.02670288085938,0.5997898018290619,-0.571883462370734,-0.5596440825102289,right
-10,-6,212,-10.97561149144881,-6.9497834728452,73.68499755859375,-351.27247619628906,-155.59610748291016,0.6667004682871506,-0.5477585171137649,-0.5054414827801764,right
-10,-5,342,-10.962273927604858,-5.884471302927188,86.405517578125,-345.39094161987305,-145.81100463867188,0.7264938517256398,-0.5176232882737317,-0.45196550182677997,right
-10,-4,593,-10.94893636376091,-4.819159133009177,98.42597961425781,-338.5844955444336,-135.75479125976562,0.7793812720125292,-0.4822733863516887,-0.39997151605208936,right
-10,-3,544,-10.935598799916956,-3.753846963091164,109.67268371582031,-330.8529815673828,-125.50409698486328,0.8257752163122467,-0.4422444589273179,-0.3500216145790797,right
-10,-2,231,-10.922261236073009,-2.6885347931731545,120.06820678710938,-322.183837890625,-115.13166809082031,0.8661559583622521,-0.3978190304643079,-0.30251260270277414,right
-10,-1,578,-10.908923672229056,-1.6232226232551425,129.52870178222656,-312.55474853515625,-104.70709991455078,0.9009625851962384,-0.3490703522733644,-0.25771361865501025,right
-10,0,44,-10.895586108385107,-0.5579104533371326,137.96192932128906,-301.93675231933594,-94.29912567138672,0.9305040126076463,-0.295929042996468,-0.21584319315712436,right
-10,1,328,-10.882248544541156,0.5074017165808791,145.26512145996094,-290.29664611816406,-83.97797393798828,0.9549104778828269,-0.23826946994143414,-0.17712605376798565,right
-10,2,682,-10.868910980697207,1.5727138864988917,151.32373046875,-277.6004180908203,-73.81690216064453,0.9741100745033923,-0.1760382939771283,-0.14184527417089987,right
-10,3,698,-10.855573416853257,2.6380260564169027,156.00873565673828,-263.8154754638672,-63.89409255981445,0.9878516779705009,-0.10938322031466462,-0.11038284941266617,right
-10,4,268,-10.842235853009306,3.7033382263349144,159.1748504638672,-248.91404724121094,-54.29501533508301,0.995774079770351,-0.038782173447763746,-0.08324617156469154,right
-10,5,461,-10.828898289165355,4.768650396252924,160.65893173217773,-232.8760528564453,-45.113972663879395,0.9975262541719077,0.03484254564100685,-0.06105218465392658,right
-10,6,535,-10.815560725321404,5.8339625661709364,160.27753448486328,-215.6914520263672,-36.45626878738403,0.9929258839649108,0.11008594000980325,-0.04448904095008567,right
-9,-16,708,-10.034047953610225,-17.541201477089697,-85.686767578125,-350.78857421875,-205.0404052734375,-0.24018476649311712,-0.3573519563818938,-0.9025579522749106,right
-9,-15,725,-10.020710389766274,-16.475889307171684,-70.354736328125,-360.103515625,-204.39788818359375,-0.15580790697640642,-0.45349136102097,-0.8775360286637692,right
-9,-14,603,-10.007372825922324,-15.410577137253673,-54.7843017578125,-366.986572265625,-202.0362548828125,-0.06612016068472007,-0.5275677805977473,-0.8469358660643637,right
-9,-13,520,-9.994035262078372,-14.345264967335659,-39.118896484375,-371.72998046875,-198.1900634765625,0.026963011181955928,-0.5832936654935902,-0.8118137075850921,right
-9,-12,681,-9.980697698234424,-13.279952797417648,-23.482421875,-374.61083984375,-193.07244873046875,0.12181498467013054,-0.6233473258530481,-0.7723983563302486,right
-9,-11,525,-9.967360134390471,-12.214640627499637,-7.98321533203125,-375.854736328125,-186.8679656982422,0.21666259160491996,-0.6494613388496057,-0.7288739882440017,right
-9,-10,606,-9.954022570546522,-11.149328457581628,7.27728271484375,-375.65234375,-179.7461395263672,0.30963712145903993,-0.6629940212881367,-0.6815891583283477,right
-9,-9,169,-9.940685006702571,-10.084016287663616,22.215362548828125,-374.16058349609375,-171.8547821044922,0.39891240376298487,-0.665242348614825,-0.6311271755624766,right
-9,-8,167,-9.927347442858622,-9.018704117745605,36.751861572265625,-371.501953125,-163.32384490966797,0.48291328002665523,-0.6574485309102341,-0.5784083273759743,right
-9,-7,548,-9.914009879014671,-7.953391947827595,50.81632995605469,-367.77618408203125,-154.27058792114258,0.5605034043826018,-0.6409451875830678,-0.5244284509726941,right
-9,-6,331,-9.90067231517072,-6.888079777909583,64.34483337402344,-363.0541076660156,-144.79597091674805,0.6309949664724694,-0.6170301381900941,-0.47023309204214947,right
-9,-5,446,-9.887334751326769,-5.822767607991572,77.27255249023438,-357.38195419311523,-134.99293518066406,0.6942035436744249,-0.5868726780195336,-0.41672760856949675,right
-9,-4,114,-9.87399718748282,-4.7574554380735625,89.53932762145996,-350.79059982299805,-124.94358825683594,0.7502934795524322,-0.5514389058529404,-0.36465713712035835,right
-9,-3,345,-9.860659623638869,-3.6921432681555495,101.08266830444336,-343.29090118408203,-114.72243881225586,0.7996875071212144,-0.5114160308650479,-0.3145688069858451,right
-9,-2,20,-9.84732205979492,-2.6268310982375382,111.83734893798828,-334.88086700439453,-104.3993034362793,0.842916292087191,-0.467216853351758,-0.26683428654890523,right
-9,-1,444,-9.833984495950968,-1.5615189283195277,121.73356246948242,-325.5472412109375,-94.04045104980469,0.8805053740876678,-0.418998332338366,-0.22169953473204312,right
-9,0,470,-9.820646932107017,-0.49620675840151546,130.69474411010742,-315.2683868408203,-83.71068954467773,0.9128810255276761,-0.3667184869194947,-0.17934822157750732,right
-9,1,566,-9.807309368263066,0.5691054115164935,138.63556671142578,-304.01732635498047,-73.47521591186523,0.9403039876805783,-0.3102231704059916,-0.13996426435079096,right
-9,2,137,-9.793971804419117,1.634417581434507,145.46010971069336,-291.76470947265625,-63.401832580566406,0.9628364287986487,-0.24934795924670758,-0.10378635072959763,right
-9,3,635,-9.780634240575166,2.6997297513525176,151.05985260009766,-278.4814910888672,-53.56263446807861,0.9803401706939527,-0.1840377730573474,-0.07115650224571157,right
-9,4,371,-9.767296676731217,3.765041921270529,155.3115692138672,-264.14186096191406,-44.03616428375244,0.9925137266631665,-0.1144815608915704,-0.04254967216116601,right
-9,5,363,-9.753959112887266,4.830354091188543,158.07567024230957,-248.7261505126953,-34.90920972824097,0.9989767025028131,-0.041236666492530535,-0.018576468803028726,right
-9,6,277,-9.740621549043315,5.895666261106553,159.19392013549805,-232.2238883972168,-26.27880620956421,0.9993983720207777,0.03468273534542526,4.325711873694001e-05,right
-9,7,107,-9.727283985199366,6.960978431024564,158.4876537322998,-214.63629722595215,-18.254252672195435,0.9936527151428616,0.11179052795290026,0.012536329176881718,right
-8,-16,399,-8.959108777332137,-17.479497782154084,-96.687744140625,-355.94677734375,-195.638916015625,-0.3118142152085282,-0.3792777727025837,-0.8711602988702233,right
-8,-15,671,-8.945771213488188,-16.41418561223607,-81.3310546875,-366.457275390625,-194.79248046875,-0.22526011073938962,-0.4851238195505998,-0.8449335844989919,right
-8,-14,135,-8.932433649644233,-15.348873442318059,-65.71044921875,-374.32666015625,-192.226806640625,-0.1332398723471402,-0.5669347840430894,-0.812915793338359,right
-8,-13,676,-8.919096085800287,-14.283561272400048,-49.9730224609375,-379.88916015625,-188.18582153320312,-0.037639721539888746,-0.6289852118908789,-0.7765055406016018,right
-8,-12,467,-8.905758521956336,-13.218249102482037,-34.2489013671875,-383.441162109375,-182.88275146484375,0.0597943459870697,-0.6741121035760562,-0.7362048003105135,right
-8,-11,401,-8.892420958112385,-12.152936932564025,-18.65203857421875,-385.2296142578125,-176.5090789794922,0.1574145807330627,-0.7043452675461078,-0.692183786185458,right
-8,-10,611,-8.879083394268436,-11.087624762646014,-3.28265380859375,-385.469970703125,-169.23728942871094,0.25340872870113346,-0.7211853624538493,-0.644729159570424,right
-8,-9,351,-8.865745830424483,-10.022312592728001,11.772186279296875,-384.3375244140625,-161.2156524658203,0.34599054506757493,-0.7259367475153483,-0.5943958120063431,right
-8,-8,533,-8.852408266580534,-8.95700042280999,26.43658447265625,-381.9767761230469,-152.57814407348633,0.4335253897825598,-0.7199638636865175,-0.5419481261149087,right
-8,-7,436,-8.839070702736585,-7.891688252891982,40.64170837402344,-378.5006408691406,-143.4414930343628,0.5147744416949923,-0.7046647842526025,-0.48831835518628836,right
-8,-6,139,-8.825733138892634,-6.82637608297397,54.32658386230469,-373.99769592285156,-133.90839767456055,0.5889443090005433,-0.6814600294547234,-0.4344615393236093,right
-8,-5,56,-8.812395575048683,-5.761063913055959,67.43488311767578,-368.5313491821289,-124.07034683227539,0.6557252067506416,-0.6516677064971369,-0.3812527423384518,right
-8,-4,249,-8.799058011204732,-4.695751743137948,79.91210556030273,-362.143217086792,-114.00877380371094,0.7152174139588637,-0.6164100032632853,-0.3293975692790583,right
-8,-3,185,-8.78572044736078,-3.630439573219935,91.7051134109497,-354.8572692871094,-103.79694747924805,0.7678096766125433,-0.5765377523128221,-0.27941460351638875,right
-8,-2,600,-8.77238288351683,-2.5651274033019233,102.75979232788086,-346.68249130249023,-93.50202178955078,0.8140459599517392,-0.5326022480217751,-0.23165495999093724,right
-8,-1,484,-8.75904531967288,-1.4998152333839128,113.01816177368164,-337.6144104003906,-83.18721008300781,0.854502778260724,-0.4848732908910997,-0.18634079994767408,right
-8,0,481,-8.745707755828931,-0.4345030634659019,122.41756820678711,-327.63963317871094,-72.91358375549316,0.889691436729518,-0.4333828420125486,-0.14362611064598377,right
-8,1,312,-8.73237019198498,0.6308091064521089,130.88802909851074,-316.7377700805664,-62.74202919006348,0.9199863408060422,-0.37799510250325963,-0.1036572969638842,right
-8,2,205,-8.71903262814103,1.6961212763701201,138.35067749023438,-304.88462829589844,-52.73514461517334,0.9455781278596297,-0.31850030962414766,-0.06662999987092917,right
-8,3,369,-8.705695064297078,2.7614334462881307,144.71541023254395,-292.0548515319824,-42.95930290222168,0.9664566518284458,-0.25472155582332795,-0.032840053829030345,right
-8,4,219,-8.692357500453129,3.8267456162061446,149.87932872772217,-278.2252769470215,-33.48651123046875,0.9824249128250047,-0.18663840793951184,-0.0027194379173804597,right
-8,5,420,-8.679019936609178,4.8920577861241545,153.72443199157715,-263.3772563934326,-24.396411180496216,0.9931521727762213,-0.11451151242277716,0.0231489790815718,right
-8,6,665,-8.665682372765229,5.957369956042166,156.11588525772095,-247.4999179840088,-15.778216421604156,0.998268400489709,-0.03899276542127037,0.044042761363471315,right
-8,7,491,-8.652344808921278,7.022682125960177,156.8999319076538,-230.59286499023438,-7.732658237218857,0.9974947743834532,0.038812367819416896,0.0591419916975568,right
-8,8,153,-8.639007245077327,8.087994295878188,155.90199160575867,-212.66913032531738,-0.3739129900932312,0.9907861110697457,0.11735936632929038,0.06759926956763036,right
-7,-15,48,-7.870832037210097,-16.352481917300455,-92.7530517578125,-371.583740234375,-185.15093994140625,-0.2975367242262525,-0.5043953967496381,-0.8105906374209402,right
-7,-14,558,-7.85749447336615,-15.287169747382444,-77.1214599609375,-380.52880859375,-182.40225219726562,-0.20356324816591068,-0.5953246510050689,-0.7772712293027685,right
-7,-13,460,-7.844156909522197,-14.221857577464432,-61.34454345703125,-386.984619140625,-178.1815185546875,-0.10591334256433275,-0.6646343528960287,-0.7396239185000222,right
-7,-12,397,-7.830819345678248,-13.15654540754642,-45.55609130859375,-391.2705078125,-172.70474243164062,-0.00632219090280947,-0.7156961790580313,-0.6983831392465906,right
-7,-11,142,-7.8174817818342985,-12.09123323762841,-29.8780517578125,-393.6590576171875,-166.16949462890625,0.09360820791819903,-0.7507920671893976,-0.6538721398376094,right
-7,-10,617,-7.8041442179903475,-11.025921067710396,-14.413909912109375,-394.38531494140625,-158.7492904663086,0.192175858432956,-0.7716140917491418,-0.6063663355181449,right
-7,-9,640,-7.7908066541463965,-9.960608897792387,0.74810791015625,-393.64697265625,-150.59734344482422,0.28766430671715404,-0.7795891112544243,-0.5563183119891668,right
-7,-8,387,-7.777469090302447,-8.895296727874374,15.529327392578125,-391.6070251464844,-141.84894371032715,0.37844744886934545,-0.7761280152832566,-0.5043836162453704,right
-7,-7,571,-7.764131526458496,-7.829984557956368,29.863113403320312,-388.3980407714844,-132.62199020385742,0.463186860381683,-0.7626987713711547,-0.4513851088800896,right
-7,-6,129,-7.750793962614547,-6.764672388038356,43.690574645996094,-384.12408447265625,-123.0207347869873,0.5409894702415228,-0.7408014186947993,-0.39817540248936684,right
-7,-5,506,-7.737456398770596,-5.6993602181203435,56.95920181274414,-378.8634567260742,-113.13644409179688,0.6114190786691966,-0.7118685867880375,-0.3455572678785863,right
-7,-4,262,-7.724118834926645,-4.634048048202333,69.62041854858398,-372.6725044250488,-103.04972839355469,0.6744674694906253,-0.6771618143020419,-0.29418618228951426,right
-7,-3,100,-7.710781271082694,-3.5687358782843215,81.62807703018188,-365.587441444397,-92.8327522277832,0.7304475881507865,-0.637685446232425,-0.24454773077673875,right
-7,-2,450,-7.697443707238745,-2.5034237083663093,92.93660736083984,-357.6281223297119,-82.5507583618164,0.7798737294942548,-0.5941375365042978,-0.19697094649040495,right
-7,-1,416,-7.684106143394794,-1.4381115384482974,103.49869346618652,-348.80026626586914,-72.26422500610352,0.8233364411895367,-0.5469166618720601,-0.1516551007255315,right
-7,0,678,-7.670768579550843,-0.37279936853028744,113.26340866088867,-339.0985984802246,-62.030917167663574,0.8613990501312658,-0.49615511521616734,-0.10872800043128128,right
-7,1,716,-7.657431015706893,0.6925128013877242,122.17444229125977,-328.50980377197266,-51.9076623916626,0.8945206969475995,-0.4417775278239899,-0.06830328427026609,right
-7,2,109,-7.644093451862942,1.757824971305736,130.1679105758667,-317.0153102874756,-41.95236539840698,0.9230017681673661,-0.3835821155076083,-0.030536807669167377,right
-7,3,316,-7.630755888018991,2.8231371412237474,137.17053890228271,-304.59414863586426,-32.22598481178284,0.9469551834014817,-0.32133658005880794,0.00432237725976854,right
-7,4,459,-7.61741832417504,3.8884493111417586,143.09759092330933,-291.2258520126343,-22.794430255889893,0.9663041350084293,-0.2548883395682206,0.03589224174897571,right
-7,5,81,-7.604080760331091,4.953761481059769,147.8510365486145,-276.8933992385864,-13.730578690767288,0.9808113549205434,-0.18428206997689647,0.06363336187848455,right
-7,6,655,-7.59074319648714,6.019073650977779,151.3174557685852,-261.5859761238098,-5.116150215268135,0.9901441416993579,-0.10987276490627498,0.08684787959583201,right
-7,7,730,-7.577405632643191,7.084385820895791,153.3661687374115,-245.30196833610535,2.9562724828720093,0.9939748376994787,-0.03241293592718882,0.10470636850199215,right
-7,8,620,-7.56406806879924,8.149697990813806,153.84723895788193,-228.0517647266388,10.381330579519272,0.9921051807451465,0.046915577227345004,0.11630236004512264,right
-7,9,792,-7.55073050495529,9.215010160731817,152.58952257037163,-209.86069202423096,17.038957208395004,0.984587246223312,0.12654525031393474,0.12072387583812473,right
-6,-15,4,-6.79589286093201,-16.290778222364846,-104.5328369140625,-375.43115234375,-175.5003662109375,-0.3714907523150826,-0.5108380008959061,-0.7752671525255329,right
-6,-14,368,-6.782555297088061,-15.225466052446832,-88.945556640625,-385.5491943359375,-172.595458984375,-0.276245053249841,-0.6122780280460616,-0.7408132604962054,right
-6,-13,619,-6.769217733244111,-14.16015388252882,-73.168212890625,-392.98046875,-168.21310424804688,-0.17695581912023195,-0.6899709597252901,-0.7018737157176139,right
-6,-12,385,-6.755880169400162,-13.09484171261081,-57.34796142578125,-398.072509765625,-162.57723999023438,-0.07561361542715785,-0.7478038637442893,-0.6595998503116463,right
-6,-11,474,-6.742542605556209,-12.029529542692796,-41.6119384765625,-401.121826171875,-155.8900909423828,0.02618294299276255,-0.7884712773866096,-0.6145140342030976,right
-6,-10,16,-6.72920504171226,-10.964217372774787,-26.0694580078125,-402.38519287109375,-148.32901763916016,0.12686470335682382,-0.8139405534957053,-0.566926911001136,right
-6,-9,344,-6.71586747786831,-9.898905202856774,-10.813919067382812,-402.0828552246094,-140.04989624023438,0.2248016008101673,-0.8258030613372607,-0.5172171151066008,right
-6,-8,251,-6.702529914024359,-8.833593032938762,4.074188232421875,-400.39630126953125,-131.19046020507812,0.3184117510247073,-0.825542281208157,-0.46593336298982924,right
-6,-7,754,-6.6891923501804085,-7.768280863020753,18.527023315429688,-397.47740173339844,-121.87109756469727,0.4063516276373365,-0.8146699169257777,-0.41375268116670133,right
-6,-6,199,-6.675854786336458,-6.702968693102741,32.48612976074219,-393.4468460083008,-112.19682788848877,0.4876207672171751,-0.7947359889400621,-0.36141485202187684,right
-6,-5,656,-6.662517222492507,-5.63765652318473,45.901031494140625,-388.3991394042969,-102.25944232940674,0.5616612927293505,-0.7672488975332581,-0.30962190084616864,right
-6,-4,96,-6.649179658648557,-4.572344353266719,58.72688293457031,-382.404447555542,-92.13942003250122,0.6283328742045259,-0.7335766985138628,-0.25896529997546164,right
-6,-3,452,-6.635842094804606,-3.507032183348707,70.92308044433594,-375.51240730285645,-81.90786933898926,0.6878405295874392,-0.6948539752554866,-0.20988892045203045,right
-6,-2,740,-6.622504530960656,-2.4417200134306962,82.45072078704834,-367.7540874481201,-71.62854385375977,0.740629643620632,-0.6519199824520369,-0.1626900964106658,right
-6,-1,483,-6.609166967116705,-1.3764078435126839,93.27101755142212,-359.14557456970215,-61.35968351364136,0.7872624044932296,-0.60531017484817,-0.11754785704901884,right
-6,0,382,-6.595829403272755,-0.3110956735946739,103.34319877624512,-349.6904487609863,-51.156038761138916,0.8283184307764698,-0.5552731537726701,-0.07456743213601645,right
-6,1,158,-6.582491839428806,0.7542164963233373,112.62253904342651,-339.38281059265137,-41.07080125808716,0.8643082788578242,-0.5018230287266259,-0.03383558684966893,right
-6,2,49,-6.569154275584855,1.819528666241349,121.05843734741211,-328.21013259887695,-31.157548666000366,0.8956148661795602,-0.44480728353242005,0.004526808442787708,right
-6,3,391,-6.555816711740904,2.8848408361593605,128.59242725372314,-316.15616035461426,-21.472209572792053,0.9224559796631849,-0.38399179472890593,0.04031460237317748,right
-6,4,204,-6.5424791478969535,3.9501530060773713,135.15623426437378,-303.2037501335144,-12.075001299381256,0.9448702882173735,-0.3191589149767164,0.07319648512669631,right
-6,5,758,-6.529141584053004,5.015465175995383,140.66980230808258,-289.3377914428711,-3.0323861241340637,0.9627298050103328,-0.25021391869339926,0.10268552691036695,right
-6,6,512,-6.515804020209052,6.080777345913393,145.03933584690094,-274.54806077480316,5.580982834100723,0.9757818813030962,-0.17729302511305078,0.12812846431161765,right
-6,7,497,-6.502466456365102,7.146089515831405,148.15533995628357,-258.83211201429367,13.680292442440987,0.9837228513267147,-0.10085723556381636,0.14871842458842544,right
-6,8,291,-6.489128892521152,8.211401685749419,149.8906558305025,-242.19815397262573,21.168654024600983,0.986297867618731,-0.021750706084827032,0.16353416497954107,right
-6,9,313,-6.475791328677203,9.27671385566743,150.09850710630417,-224.66793823242188,27.935114443302155,0.9834104252034784,0.05879918362898128,0.17160009209111493,right
-6,10,321,-6.462453764833251,10.342026025585438,148.6104974746704,-206.2795901298523,33.85272318124771,0.9752136882909997,0.13925104598847954,0.17195176172688464,right
-5,-15,366,-5.720953684653922,-16.229074527429226,-116.57977294921875,-377.9482421875,-165.8531494140625,-0.44623779641920963,-0.5037406166395971,-0.7396737254996195,right
-5,-14,411,-5.707616120809973,-15.163762357511214,-101.10198974609375,-389.3355712890625,-162.81903076171875,-0.35052646579069774,-0.6173127584697777,-0.7043125407166316,right
-5,-13,761,-5.694278556966022,-14.098450187593205,-85.3770751953125,-397.83538818359375,-158.297607421875,-0.2500237769547006,-0.7046885452550408,-0.6640046424112112,right
-5,-12,258,-5.680940993122071,-13.03313801767519,-69.56576538085938,-403.81298828125,-152.5220947265625,-0.14728369245319473,-0.7702186454502128,-0.6205406933781153,right
-5,-11,23,-5.667603429278119,-11.967825847757181,-53.80267333984375,-407.5911865234375,-145.69740295410156,-0.04398454097029861,-0.8171725089380139,-0.5747124940277389,right
-5,-10,634,-5.65426586543417,-10.90251367783917,-38.204803466796875,-409.45172119140625,-138.00518798828125,0.058351591042086814,-0.8479160584586085,-0.5269093372022123,right
-5,-9,741,-5.640928301590218,-9.837201507921156,-22.872344970703125,-409.6330261230469,-129.60567092895508,0.15823585418841377,-0.864276081080742,-0.47748117253037065,right
-5,-8,67,-5.62759073774627,-8.771889338003147,-7.889579772949219,-408.339111328125,-120.63932037353516,0.2542031072492353,-0.8678567655575207,-0.42685526205128643,right
-5,-7,98,-5.614253173902319,-7.706577168085137,6.672431945800781,-405.74012756347656,-111.22867965698242,0.3449269299976246,-0.8602143105201135,-0.3755752293999426,right
-5,-6,191,-5.600915610058369,-6.6412649981671255,20.753795623779297,-401.9743423461914,-101.48040103912354,0.42936598236151846,-0.8429208066134098,-0.32423659103951696,right
-5,-5,526,-5.587578046214419,-5.5759528282491155,34.304460525512695,-397.152400970459,-91.48700475692749,0.5068472061354914,-0.8175217659700035,-0.2734301954757992,right
-5,-4,549,-5.5742404823704685,-4.510640658331105,47.28144836425781,-391.3593349456787,-81.32921099662781,0.5770973173161716,-0.7854517425810523,-0.22366100782851323,right
-5,-3,270,-5.5609029185265175,-3.445328488413092,59.64747667312622,-384.65793800354004,-71.07767677307129,0.6401918366163931,-0.7479427399287415,-0.17531705598034777,right
-5,-2,124,-5.5475653546825665,-2.380016318495081,71.3687756061554,-377.09156036376953,-60.79488396644592,0.696470065415055,-0.7059574211392571,-0.1286606681125157,right
-5,-1,220,-5.534227790838616,-1.3147041485770694,82.41315031051636,-368.6867628097534,-50.53720498085022,0.7464300089188235,-0.660160615471474,-0.08384630919587205,right
-5,0,77,-5.520890226994666,-0.2493919786590581,92.74803185462952,-359.4564480781555,-40.35681366920471,0.7906267908464518,-0.6109267464155772,-0.04096081188060235,right
-5,1,213,-5.507552663150716,0.8159201912589522,102.33849668502808,-349.40258407592773,-30.303637981414795,0.8295874643373485,-0.5583767852909801,-6.828205393512912e-05,right
-5,2,591,-5.494215099306765,1.8812323611769648,111.14531803131104,-338.5191512107849,-20.427314341068268,0.8637456527621824,-0.5024368036504601,0.03873894257643891,right
-5,3,602,-5.480877535462814,2.946544531094976,119.12301468849182,-326.7950167655945,-10.779130578041077,0.8933977747173338,-0.44291226416663304,0.07529370744559184,right
-5,4,552,-5.467539971618863,4.011856701012985,126.21786612272263,-314.2167992591858,-1.4139825254678726,0.9186807306324628,-0.37957420832347977,0.1093121015268114,right
-5,5,458,-5.454202407774914,5.077168870931,132.36596876382828,-300.77175736427307,7.607677772641182,0.9395719887237962,-0.3122547315530147,0.14036189165284624,right
-5,6,325,-5.440864843930963,6.142481040849009,137.491265155375,-286.45066507160664,16.217888459563255,0.9559147862239614,-0.2409459167150157,0.16784512711651456,right
-5,7,198,-5.427527280087013,7.207793210767021,141.50358333438635,-271.2506919503212,24.339233599603176,0.9674702807986109,-0.16589152812501926,0.19100067190406145,right
-5,8,517,-5.4141897162430626,8.273105380685031,144.29668313264847,-255.17829203605652,31.88288512825966,0.9739943432021211,-0.08765529128752622,0.20892957980996313,right
-5,9,88,-5.400852152399113,9.338417550603046,145.74628567695618,-238.25208568572998,38.746650129556656,0.9753288661527392,-0.00714777852780573,0.22064113875551325,right
-5,10,488,-5.387514588555162,10.403729720521056,145.70808935165405,-220.5056438446045,44.81305181980133,0.971488301596819,0.0744052542146402,0.22510961331267706,right
-4,-14,134,-4.632676944531884,-15.102058662575603,-113.5015869140625,-391.82855224609375,-153.08102416992188,-0.42574980442283,-0.609854996346037,-0.6684414615100541,right
-4,-13,733,-4.619339380687934,-14.03674649265759,-97.89739990234375,-401.49462890625,-148.44720458984375,-0.32458863024442375,-0.7083727589771097,-0.626777676257863,right
-4,-12,596,-4.6060018168439845,-12.971434322739581,-82.14651489257812,-408.44677734375,-142.55181884765625,-0.22073288438331146,-0.7827063834509341,-0.58193445598021,right
-4,-11,247,-4.5926642530000334,-11.906122152821569,-66.39634704589844,-413.0322265625,-135.6054916381836,-0.11624052353550025,-0.8367457948719395,-0.5351117784653212,right
-4,-10,151,-4.579326689156083,-10.840809982903556,-50.773956298828125,-415.5548400878906,-127.79493713378906,-0.01262555363614196,-0.873386826692771,-0.4868634781485592,right
-4,-9,530,-4.565989125312133,-9.775497812985545,-35.38671875,-416.27635192871094,-119.28460311889648,0.08874976988862213,-0.8948080175959013,-0.4375409580722811,right
-4,-8,403,-4.552651561468182,-8.710185643067533,-20.32555389404297,-415.4217071533203,-110.2177791595459,0.18656645607101963,-0.9028069709026457,-0.3874693933186076,right
-4,-7,723,-4.539313997624232,-7.644873473149523,-5.6662750244140625,-413.17987060546875,-100.71973419189453,0.27958888825314526,-0.8990143662405653,-0.33705077192975713,right
-4,-6,24,-4.525976433780282,-6.579561303231513,8.52815055847168,-409.7070083618164,-90.89911556243896,0.36678143103436284,-0.8850163397290469,-0.28673587194661404,right
-4,-5,74,-4.512638869936331,-5.514249133313501,22.20586585998535,-405.1304531097412,-80.84971237182617,0.4474036073787952,-0.8623624728561378,-0.23698307431942878,right
-4,-4,433,-4.49930130609238,-4.44893696339549,35.32400894165039,-399.55047512054443,-70.65281248092651,0.521061136798563,-0.832512444881764,-0.1881975579947226,right
-4,-3,361,-4.48596374224843,-3.383624793477479,47.846901178359985,-393.0437092781067,-60.378856778144836,0.5876919224455671,-0.7967574798730854,-0.14069727274728358,right
-4,-2,146,-4.47262617840448,-2.3183126235594673,59.74389547109604,-385.6659100651741,-50.08957540988922,0.6475075676073104,-0.7561520092241363,-0.09469999386254532,right
-4,-1,17,-4.459288614560529,-1.2530004536414554,70.98755633831024,-377.45472741127014,-39.839828848838806,0.7009074144362192,-0.7114740902072477,-0.050333044335735454,right
-4,0,766,-4.445951050716578,-0.18768828372344476,81.55166178941727,-368.4327449798584,-29.679605424404144,0.7483860289785474,-0.663219133394861,-0.007663728119550845,right
-4,1,15,-4.432613486872628,0.8776238861945662,91.40922343730927,-358.61025977134705,-19.65595531463623,0.7904496161542072,-0.6116233082585437,0.03326158620001399,right
-4,2,272,-4.419275923028677,1.9429360561125784,100.53054115176201,-347.98819625377655,-9.814949408173561,0.8275480703785959,-0.5567102437667761,0.07237330790974737,right
-4,3,203,-4.405938359184727,3.0082482260305894,108.88123470544815,-336.5609809756279,-0.2036262210458517,0.8600261251672714,-0.49835440925005214,0.10953513961647338,right
-4,4,464,-4.392600795340777,4.0735603959486015,116.42028553783894,-324.3194198310375,9.128056606277823,0.8880940524512217,-0.4363569751659351,0.14450447821711934,right
-4,5,597,-4.379263231496826,5.138872565866611,123.09807393699884,-311.2535803411156,18.125272089615464,0.9118187382062555,-0.370530498242756,0.17690036327810926,right
-4,6,229,-4.365925667652876,6.204184735784622,128.85441637039185,-297.35566648840904,26.7263711579144,0.9311365580472951,-0.30078772170832707,0.2061830660780611,right
-4,7,327,-4.352588103808924,7.269496905702633,133.61660769581795,-282.6229168176651,34.860935747623444,0.9458891812020979,-0.22722684184597444,0.23164977709794865,right
-4,8,274,-4.339250539964976,8.334809075620644,137.29744946956635,-267.0604281425476,42.447827249765396,0.9558813131172604,-0.1502004905669382,0.25244945606333363,right
-4,9,304,-4.325912976121024,9.400121245538658,139.79331302642822,-250.68416786193848,49.39322483539581,0.9609534729131661,-0.0703546260262873,0.2676166091497802,right
-4,10,727,-4.3125754122770745,10.465433415456669,140.9821219444275,-233.5236053466797,55.58870077133179,0.9610568815781778,0.011378325368529167,0.2761162872469428,right
-4,11,159,-4.299237848433123,11.530745585374683,140.72148418426514,-215.62493133544922,60.90924263000488,0.9563102057569535,0.09383464851229217,0.2768859857480476,right
-3,-14,604,-3.5577377682537987,-15.040354967639987,-126.0469970703125,-392.9500732421875,-143.38644409179688,-0.5013352177102129,-0.5890530368432302,-0.6337819177518569,right
-3,-13,179,-3.544400204409845,-13.975042797721974,-110.64312744140625,-403.89202880859375,-138.66587829589844,-0.40024911545248815,-0.7004968638946049,-0.5908509027270114,right
-3,-12,183,-3.5310626405658967,-12.909730627803963,-95.01863098144531,-411.9166564941406,-132.67214965820312,-0.29560653151579064,-0.7849778434593543,-0.54445069914833,right
-3,-11,674,-3.517725076721945,-11.844418457885952,-79.33381652832031,-417.39520263671875,-125.62232208251953,-0.19013352251274973,-0.8470450561379422,-0.4963505983568106,right
-3,-10,513,-3.5043875128779947,-10.779106287967942,-63.72674560546875,-420.65550231933594,-117.70786666870117,-0.08550688127579098,-0.8902609725227144,-0.4473521812368846,right
-3,-9,108,-3.4910499490340428,-9.713794118049929,-48.31480407714844,-421.9822235107422,-109.09732818603516,0.016986946981350243,-0.9172894857452151,-0.39785857157227583,right
-3,-8,419,-3.4777123851900935,-8.64848194813192,-33.197078704833984,-421.62120819091797,-99.93809700012207,0.11618359464070775,-0.9302209679387325,-0.3481240054111341,right
-3,-7,431,-3.4643748213461434,-7.58316977821391,-18.456268310546875,-419.7809867858887,-90.35838317871094,0.2109899751099954,-0.930822321244056,-0.29841755423719823,right
-3,-6,540,-3.4510372575021933,-6.517857608295897,-4.160139083862305,-416.636661529541,-80.46901607513428,0.3004434955534528,-0.9207127560961045,-0.24904161648515177,right
-3,-5,116,-3.4376996936582422,-5.452545438377887,9.635899543762207,-412.3321876525879,-70.36551308631897,0.3837904218873192,-0.9014321600842009,-0.20031218842967388,right
-3,-4,157,-3.424362129814292,-4.387233268459875,22.887141704559326,-406.9836473464966,-60.130080580711365,0.46055249385209285,-0.8744304434608633,-0.1525214737519149,right
-3,-3,757,-3.411024565970342,-3.3219210985418646,35.55758094787598,-400.68190264701843,-49.83343490958214,0.5305430107695744,-0.8410162221431583,-0.10590480544151455,right
-3,-2,194,-3.397687002126391,-2.2566089286238524,47.6179096698761,-393.4955520629883,-39.536865174770355,0.5938377003127964,-0.8022975624850479,-0.06062513437312969,right
-3,-1,181,-3.384349438282441,-1.1912967587058416,59.043581925332546,-385.4738026857376,-29.294116377830505,0.6507138327121361,-0.7591376953249369,-0.016776991799049,right
-3,0,26,-3.37101187443849,-0.12598458878782987,69.81284786760807,-376.6493453979492,-19.153370782732964,0.7015734542778767,-0.7121374066575082,0.02559301255668601,right
-3,1,529,-3.3576743105945406,0.9393275811301807,79.90479081869125,-367.04123628139496,-9.159189842641354,0.7468665666546095,-0.6616450428017508,0.06645426208622582,right
-3,2,662,-3.3443367467505896,2.0046397510481926,89.29736663401127,-356.65777663886547,0.6455348106101155,0.7870241559643155,-0.6077902016875882,0.10575466259800313,right
-3,3,465,-3.3309991829066394,3.069951920966204,97.96544166654348,-345.4993913471699,10.217630038503557,0.8224062746111656,-0.5505357104168999,0.14338183649243566,right
-3,4,118,-3.3176616190626884,4.135264090884215,105.87883124570362,-333.56150896660984,19.511690963059664,0.853267512417204,-0.4897429445358962,0.17912677223314924,right
-3,5,724,-3.3043240552187383,5.200576260802226,113.0003373324871,-320.8374400138855,28.478129766881466,0.879740989693567,-0.42524625914499165,0.21265326269816326,right
-3,6,694,-3.290986491374788,6.265888430720237,119.28378728032112,-307.3212605714798,37.06122590601444,0.9018417910251127,-0.3569319728662398,0.24347679705965936,right
-3,7,770,-3.277648927530838,7.331200600638246,124.67207366228104,-293.010684967041,45.197173207998276,0.9194905296391679,-0.2848152083130133,0.2709565703530685,right
-3,8,670,-3.264311363686886,8.39651277055626,129.09518432617188,-277.90994787216187,52.812137484550476,0.9325558010669328,-0.2091053668322588,0.294303624609616,right
-3,9,569,-3.250973799842937,9.461824940474274,132.46826124191284,-262.0327043533325,59.82028293609619,0.9409111383322124,-0.13024738915024492,0.3126049381918412,right
-3,10,215,-3.237636235998985,10.527137110392284,134.6896243095398,-245.40489387512207,66.12186098098755,0.9444961987170404,-0.04892893985853609,0.32485826055894107,right
-3,11,496,-3.2242986721550357,11.592449280310296,135.63876724243164,-228.0674171447754,71.60120725631714,0.9433680463843306,0.03395716705439449,0.33000551490338964,right
-3,12,103,-3.2109611083110847,12.657761450228309,135.17451763153076,-210.07978057861328,76.12485313415527,0.9377235581147989,0.11738273520802495,0.32694926522566786,right
-2,-14,389,-2.4827985919757074,-14.978651272704374,-138.62469482421875,-392.6138916015625,-133.73912048339844,-0.5765189986215519,-0.5538055914154097,-0.600770514543974,right
-2,-13,367,-2.469461028131758,-13.913339102786361,-123.51966857910156,-404.9521026611328,-128.9577178955078,-0.47669836624060824,-0.6802294923424334,-0.556818197772927,right
-2,-12,349,-2.456123464287807,-12.84802693286835,-108.10213470458984,-414.1551971435547,-122.88784790039062,-0.37172694815025376,-0.7765380389058579,-0.5087315108690857,right
-2,-11,347,-2.442785900443857,-11.78271476295034,-92.54755401611328,-420.62181091308594,-115.75247192382812,-0.26543605795938136,-0.8478357876748781,-0.4590404952427431,right
-2,-10,244,-2.429448336599907,-10.717402593032329,-77.00715637207031,-424.70347595214844,-107.74865341186523,-0.15994809730481527,-0.8984382869359915,-0.4089318411863896,right
-2,-9,55,-2.416110772755956,-9.652090423114318,-61.610137939453125,-426.7085189819336,-99.04960823059082,-0.056590780911894206,-0.9316553076263421,-0.35890928002414196,right
-2,-8,579,-2.4027732089120057,-8.586778253196304,-46.46553421020508,-426.9037437438965,-89.80680465698242,0.04360271769934154,-0.949997456480235,-0.3091983759503201,right
-2,-7,439,-2.3894356450680547,-7.521466083278295,-31.664478302001953,-425.5181121826172,-80.15188217163086,0.13971393187288794,-0.9554609348983996,-0.25995080135228316,right
-2,-6,614,-2.3760980812241046,-6.456153913360285,-17.281761169433594,-422.745436668396,-70.19827699661255,0.2309078202768085,-0.9497492180158098,-0.21132439852835472,right
-2,-5,413,-2.3627605173801545,-5.390841743442272,-3.3780784606933594,-418.7472610473633,-60.04360866546631,0.3164830098966433,-0.9344033378869164,-0.16348977519267108,right
-2,-4,264,-2.3494229535362043,-4.325529573524261,9.998135566711426,-413.65565156936646,-49.77136582136154,0.3959320340909489,-0.9108449095411019,-0.11661635881670208,right
-2,-3,589,-2.3360853896922533,-3.2602174036062492,22.8087100982666,-407.5762037038803,-39.45293748378754,0.46897672260029794,-0.880364547269424,-0.07084558963114801,right
-2,-2,701,-2.322747825848303,-2.194905233688239,35.02378457784653,-400.5908277928829,-29.149550773203373,0.5355681459808433,-0.8440831203859331,-0.026276356105600238,right
-2,-1,409,-2.309410262004352,-1.1295930637702272,46.61984157375991,-392.76067814882845,-18.914226789027452,0.5958529279452466,-0.8029128414115005,0.017036940910479186,right
-2,0,372,-2.296072698160402,-0.06428089385221575,57.57774764299393,-384.12901121377945,-8.793727727606893,0.6501180146494173,-0.7575335917222638,0.05907135042189873,right
-2,1,487,-2.282735134316452,1.0010312760657953,67.88079178053886,-374.72407250478864,1.1694913264364004,0.6987267605558086,-0.7083915435793892,0.0998114976763502,right
-2,2,734,-2.269397570472501,2.0663434459838066,77.51272351155058,-364.5619744900614,10.935331820102874,0.7420575104557477,-0.6557200153961991,0.1392189375948057,right
-2,3,79,-2.25606000662855,3.1316556159018183,86.45579105662182,-353.64957636687905,20.464101129211485,0.7804519943357882,-0.5995792099514028,0.17719891515283845,right
-2,4,534,-2.2427224427845998,4.196967785819829,94.68877963349223,-341.9873633682728,29.714561818167567,0.8141777305803173,-0.5399104183516498,0.2135681698718958,right
-2,5,330,-2.2293848789406496,5.26227995573784,102.18504963815212,-329.572326362133,38.6419809833169,0.8434066603402954,-0.4766001893296913,0.24802714533802944,right
-2,6,364,-2.2160473150966995,6.327592125655852,108.91057598590851,-316.40084075927734,47.196180552244186,0.8682112459581928,-0.40954954701361,0.28013996668213736,right
-2,7,495,-2.2027097512527494,7.392904295573863,114.82198584079742,-302.4715533256531,55.319582998752594,0.8885783174866599,-0.33874235931206786,0.309325375131544,right
-2,8,28,-2.1893721874087984,8.458216465491875,119.86459219455719,-287.78824043273926,62.94526433944702,0.9044398194522072,-0.26430395339670126,0.3348612148459914,right
-2,9,561,-2.176034623564849,9.523528635409887,123.97044563293457,-272.3627243041992,69.99501037597656,0.9157160536836552,-0.18654196803705858,0.3559019572675797,right
-2,10,36,-2.162697059720898,10.588840805327896,127.05632781982422,-256.21766662597656,76.37733268737793,0.9223646845676922,-0.1059555713050534,0.3715061312707524,right
-2,11,575,-2.149359495876948,11.654152975245907,129.02191162109375,-239.38967514038086,81.98562335968018,0.9244226997754162,-0.023213189752766105,0.380662343766011,right
-2,12,192,-2.136021932032997,12.719465145163923,129.7476463317871,-221.9318618774414,86.69597625732422,0.922028596247877,0.06090649923182911,0.3823004918287348,right
-1,-13,280,-1.394521851853671,-13.851635407850749,-136.41651153564453,-404.5814514160156,-119.32889556884766,-0.553538798510523,-0.6463818193769545,-0.5251526845808416,right
-1,-12,255,-1.381184288009721,-12.786323237932736,-121.30397033691406,-415.0802917480469,-113.20455169677734,-0.449023058019486,-0.7565864886038367,-0.47534742939133057,right
-1,-11,507,-1.36784672416577,-11.721011068014727,-105.96004867553711,-422.6395492553711,-106.00150299072266,-0.3421359793882944,-0.8386670404215494,-0.4237694737927354,right
-1,-10,642,-1.354509160321819,-10.655698898096711,-90.5510482788086,-427.636287689209,-97.92261123657227,-0.23584367643770987,-0.8977144096548418,-0.372137876307161,right
-1,-9,514,-1.3411715964778679,-9.590386728178704,-75.2197494506836,-430.4014320373535,-89.14634895324707,-0.13173833148011174,-0.9378159628367404,-0.32116387073802943,right
-1,-8,551,-1.3278340326339177,-8.52507455826069,-60.087284088134766,-431.2243003845215,-79.82863903045654,-0.030797232333347344,-0.9620631545207387,-0.271083044829829,right
-1,-7,209,-1.3144964687899672,-7.459762388342683,-45.25494956970215,-430.3543930053711,-70.10479784011841,0.06622668831048753,-0.9728054761700207,-0.2219538945120024,right
-1,-6,430,-1.3011589049460166,-6.394450218424669,-30.806429386138916,-428.0047912597656,-60.091469287872314,0.15867049131906033,-0.9719150736548855,-0.17379518056317458,right
-1,-5,40,-1.2878213411020656,-5.329138048506659,-16.809571385383606,-424.35489296913147,-49.888620018959045,0.24594747181905705,-0.960975164244854,-0.12663559851159575,right
-1,-4,320,-1.274483777258116,-4.263825878588647,-3.3184075355529785,-419.55331540107727,-39.58145648241043,0.3275845835985218,-0.9413849143548566,-0.08051573519308121,right
-1,-3,543,-1.261146213414165,-3.1985137086706357,9.624875694513321,-413.720763027668,-29.24239908158779,0.40326375974168915,-0.9143958829817763,-0.03547547413319261,right
-1,-2,29,-1.2478086495702145,-2.133201538752625,21.9879944100976,-406.95291444659233,-18.933016788214445,0.4728424653474858,-0.8811063739403188,0.008459359659851685,right
-1,-1,38,-1.2344710857262644,-1.0678893688346132,33.74659634195268,-399.3232976673171,-8.705982670071535,0.536346598930607,-0.842438441227273,0.051281561580486114,right
-1,0,627,-1.2211335218823138,-0.0025771989166019638,44.882301693432964,-390.88617158541456,1.3929747064248659,0.5939395837276035,-0.7991166969164717,0.09299610524526834,right
-1,1,531,-1.2077959580383635,1.0627349710014096,55.38074112393224,-381.6794057392981,11.323121281793647,0.6458767286276648,-0.7516603732476771,0.13360364780345182,right
-1,2,705,-1.194458394194413,2.1280471409194206,65.22959396999795,-371.7273593698628,21.046766716608545,0.6924548053891478,-0.7003932627374659,0.17307691933196753,right
-1,3,73,-1.1811208303504628,3.193359310837432,74.41662658192217,-361.04376109689474,30.52731374837458,0.7339651601766033,-0.6454713694589653,0.21133351569427167,right
-1,4,276,-1.1677832665065122,4.258671480755443,82.92773081362247,-349.63458809256554,39.727307572960854,0.7706562073858118,-0.5869254682444524,0.2482085911964913,right
-1,5,536,-1.1544457026625614,5.323983650673454,90.74496188759804,-337.50094735622406,48.60648514330387,0.8027089634273971,-0.5247145085330914,0.28343077561935637,right
-1,6,768,-1.141108138818611,6.389295820591466,97.84457647800446,-324.6419495344162,57.11982560157776,0.83022767054897,-0.4587848634357188,0.3166045864119782,right
-1,7,271,-1.12777057497466,7.454607990509477,104.195072889328,-311.05761194229126,65.21559417247772,0.8532459932389399,-0.38912969873377357,0.34720217825505895,right
-1,8,365,-1.11443301113071,8.519920160427489,109.75522375106812,-296.75166034698486,72.83340215682983,0.8717482299560938,-0.3158403228487998,0.37456630124876855,right
-1,9,502,-1.1010954472867607,9.585232330345502,114.47213459014893,-281.73454666137695,79.90223932266235,0.8857013018295506,-0.23914178256026086,0.39792513337478447,right
-1,10,125,-1.087757883442811,10.650544500263512,118.27921867370605,-266.0262145996094,86.33856773376465,0.8950926100180916,-0.15940411398083285,0.4164127134670438,right
-1,11,498,-1.074420319598859,11.715856670181523,121.0943832397461,-249.65887451171875,92.04425621032715,0.8999624022822182,-0.0771226512704848,0.4290917980332762,right
-1,12,339,-1.061082755754908,12.781168840099534,122.81789779663086,-232.6805648803711,96.90487289428711,0.9004221590650991,0.007129691866540674,0.43495873707563726,right
-1,13,728,-1.0477451919109606,13.846481010017545,123.33040618896484,-215.15652465820312,100.78729629516602,0.8966432762970533,0.0927833295269147,0.4329227284784043,right
0,-13,323,-0.31958267557557973,-13.789931712915132,-149.20755767822266,-402.6750183105469,-109.79312896728516,-0.6300337194516539,-0.5973580577873384,-0.4962064722980278,right
0,-12,653,-0.3062451117316314,-12.724619542997123,-134.5166778564453,-414.5959777832031,-103.63434219360352,-0.5273846619596602,-0.7238827808408477,-0.44481359908597234,right
0,-11,652,-0.2929075478876786,-11.65930737307911,-119.48076629638672,-423.36273193359375,-96.37987518310547,-0.4203513821731046,-0.8187505319170111,-0.3910911428181057,right
0,-10,407,-0.27956998404372935,-10.593995203161098,-104.28306579589844,-429.37711334228516,-88.23897743225098,-0.313306766804178,-0.8876534877763756,-0.3375057858958098,right
0,-9,685,-0.2662324201997792,-9.52868303324309,-89.0817232131958,-432.99390411376953,-79.39554595947266,-0.20844050129829586,-0.9355585577633432,-0.28510128448375743,right
0,-8,527,-0.2528948563558282,-8.463370863325077,-74.0116696357727,-434.5249457359314,-70.01042652130127,-0.10684801159008873,-0.9663024210607158,-0.2341861086218466,right
0,-7,647,-0.23955729251187896,-7.398058693407069,-59.18650698661804,-434.24077701568604,-60.223044872283936,-0.009166540595851688,-0.982741774595157,-0.18475545729170356,right
0,-6,315,-0.2262197286679284,-6.332746523489056,-44.70051658153534,-432.3741686344147,-50.153520941734314,0.08412585122203736,-0.987033421222726,-0.1367035718096954,right
0,-5,190,-0.21288216482397826,-5.267434353571045,-30.630602180957794,-429.1228531599045,-39.90462529659271,0.17260604914770833,-0.9808780543774918,-0.08991882026720116,right
0,-4,6,-0.19954460098002813,-4.202122183653034,-17.03826916217804,-424.6523984670639,-29.56366039812565,0.2559000573651675,-0.9656871481590944,-0.04431131368916197,right
0,-3,71,-0.1862070371360769,-3.1368100137350217,-3.9715724885463715,-419.0990749076009,-19.20445914939046,0.33371243567611475,-0.9426749044095125,0.00018673947494650528,right
0,-2,164,-0.17286947329212676,-2.07149784381701,8.532915093936026,-412.5727525912225,-8.889315423555672,0.4058558710834282,-0.9128950985747907,0.04362970209885479,right
0,-1,120,-0.1595319094481763,-1.006185673898999,20.448143206362147,-405.15977377886884,1.3290589514363091,0.4722648328163367,-0.8772450409852862,0.08606431171909312,right
0,0,628,-0.14619434560422573,0.05912649601901232,31.754621689693405,-396.92583427738475,11.405584259207403,0.5329884483257312,-0.8364567498425068,0.12752811295647343,right
0,1,486,-0.13285678176027543,1.1244386659370238,42.43845908730873,-387.91886284120847,21.30086236965144,0.588166175058719,-0.7910899255964949,0.16803951956765514,right
0,2,501,-0.11951921791632503,2.189750835855035,52.489400944672525,-378.1719006728381,30.979226066265255,0.6379931958588783,-0.7415354302815828,0.20758103881347886,right
0,3,234,-0.1061816540723739,3.2550630057730463,61.89886812120676,-367.7059809714556,40.40678844973445,0.6826831883086646,-0.688032780544096,0.24607835601181247,right
0,4,132,-0.09284409022842421,4.320375175691058,70.65799534320831,-356.53300827741623,49.549492448568344,0.7224350645006913,-0.6307013785144611,0.28337845493234043,right
0,5,673,-0.07950652638447386,5.385687345609068,78.75566881895065,-344.65863740444183,58.37115782499313,0.7574085544948067,-0.569582714362467,0.3192300316035004,right
0,6,546,-0.06616896254052329,6.45099951552708,86.17656469345093,-332.08515977859497,66.83153915405273,0.7877115990694704,-0.5046892505700032,0.35326929819969694,right
0,7,306,-0.05283139869657316,7.516311685445089,92.8991904258728,-318.8143672943115,74.88435292243958,0.8134010994067572,-0.43605383039620155,0.3850139068665955,right
0,8,630,-0.039493834852622145,8.581623855363102,98.89391708374023,-304.8504390716553,82.47537517547607,0.8344961657608156,-0.3637731424940995,0.41386622250488747,right
0,9,9,-0.026156271008671572,9.646936025281116,104.12101078033447,-290.20287322998047,89.54040813446045,0.8510005303961853,-0.28803749679738494,0.43912697218926094,right
0,10,499,-0.012818707164722332,10.712248195199125,108.52871894836426,-274.8890914916992,96.0034236907959,0.862930990637019,-0.20913858736651775,0.46001212665814656,right
0,11,545,0.0005188566792295735,11.777560365117138,112.05123901367188,-258.9381637573242,101.77457809448242,0.8703400058554809,-0.12744970770936348,0.47567304549688244,right
0,12,415,0.013856420523178814,12.842872535035147,114.60676574707031,-242.3921890258789,106.74828338623047,0.8733278222609708,-0.043379757377931996,0.4851976004832896,right
0,13,189,0.02719398436713072,13.908184704953163,116.09559631347656,-225.31033325195312,110.80096435546875,0.8720289971815498,0.042685274675672784,0.48758937170574485,right
0,14,759,0.040531548211081736,14.97349687487117,116.39813232421875,-207.7724609375,113.78968811035156,0.8665696873413917,0.130486603367396,0.4816951560091533,right
1,-13,706,0.7553565007025071,-13.72822801797952,-161.74773406982422,-399.10999298095703,-100.37476348876953,-0.7047454753772872,-0.5312854880840836,-0.47018033251774627,right
1,-12,148,0.7686940645464564,-12.662915848061507,-147.6162109375,-412.59100341796875,-94.19921875,-0.6064184487593035,-0.6766749886829305,-0.41757349616003625,right
1,-11,417,0.7820316283904074,-11.597603678143496,-133.00448036193848,-422.6902046203613,-86.90736770629883,-0.50020859928017,-0.786814240600348,-0.36154489070469265,right
1,-10,390,0.7953691922343584,-10.532291508225486,-118.11483955383301,-429.8350486755371,-78.71520614624023,-0.3926029739855705,-0.8674616719907531,-0.3055702086995596,right
1,-9,626,0.8087067560783086,-9.466979338307475,-103.1226749420166,-434.4048728942871,-69.81257104873657,-0.28690367761634544,-0.9244357812813425,-0.25120662024908874,right
1,-8,86,0.8220443199222587,-8.401667168389462,-88.17861986160278,-436.7340531349182,-60.365458488464355,-0.1846051954177358,-0.9624695513793378,-0.19893035085787214,right
1,-7,659,0.8353818837662093,-7.336354998471452,-73.41033744812012,-437.1148283481598,-50.51787841320038,-0.0863548316931955,-0.985102834698007,-0.1487119635846123,right
1,-6,651,0.8487194476101603,-6.271042828553441,-58.92462885379791,-435.80010163784027,-40.39383399486542,0.007523900900117648,-0.9949249993644244,-0.10033761286250194,right
1,-5,76,0.8620570114541104,-5.205730658635431,-44.809310883283615,-433.0063498020172,-30.099240392446518,0.09679687737092718,-0.9938620164445953,-0.05355984316557408,right
1,-4,485,0.8753945752980608,-4.140418488717419,-31.135213181376457,-428.91652089357376,-19.72389554977417,0.181243404213089,-0.9834044378966512,-0.008157202610101244,right
1,-3,410,0.8887321391420113,-3.0751063187994077,-17.958131487481296,-423.6828906200826,-9.343426065519452,0.2606549077010953,-0.9647587237827568,0.03605029786839207,right
1,-2,177,0.9020697029859613,-2.009794148881396,-5.320788739190903,-417.4299527516123,0.9787625095068506,0.33485973349974957,-0.9389333259918552,0.07920333466685284,right
1,-1,338,0.915407266829912,-0.9444819789633849,6.745202176622115,-410.2572992327041,11.189534824796283,0.40374753140227904,-0.9067788302287714,0.12140874735992765,right
1,0,250,0.9287448306738624,0.12083019095462655,18.217377058346756,-402.2424977577757,21.244074799818918,0.4672812270615468,-0.8690014405104076,0.1627413629864628,right
1,1,747,0.9420823945178128,1.186142360872638,29.08045867457986,-393.44397157616913,31.103935169405304,0.5254936819442698,-0.826165871703247,0.203239618847971,right
1,2,136,0.9554199583617631,2.2514545307906495,39.32439512014389,-383.9038790613413,40.73508679866791,0.5784717218351485,-0.778699170513363,0.24289518084737505,right
1,3,588,0.9687575222057137,3.3167667007086608,48.94239816069603,-373.6509934961796,50.1059680134058,0.6263329162443267,-0.7269022609206708,0.2816383871159867,right
1,4,37,0.982095086049664,4.382078870626671,57.9289813041687,-362.70358061790466,59.1855343580246,0.6692011190081513,-0.6709718185131418,0.3193222213993344,right
1,5,683,0.9954326498936144,5.447391040544682,66.2779974937439,-351.0722818374634,67.94130682945251,0.7071860613503473,-0.6110317384810833,0.3557078705912591,right
1,6,528,1.0087702137375654,6.512703210462694,73.98068141937256,-338.7629990577698,76.33741903305054,0.7403706929154744,-0.5471712149408217,0.39045473311517853,right
1,7,140,1.0221077775815155,7.578015380380703,81.023681640625,-325.77973079681396,84.33268022537231,0.7688088603920077,-0.4794837242464956,0.4231173529476817,right
1,8,581,1.0354453414254652,8.64332755029872,87.38708591461182,-312.1275520324707,91.8786153793335,0.7925327048265295,-0.40810081386730096,0.4531507889226187,right
1,9,715,1.0487829052694153,9.708639720216729,93.04251861572266,-297.81536865234375,98.9174575805664,0.8115665466909521,-0.33321589149707276,0.47992385848792063,right
1,10,235,1.0621204691133663,10.773951890134741,97.95108604431152,-282.8589172363281,105.38035583496094,0.8259477356227881,-0.25508366752576295,0.5027351793749814,right
1,11,714,1.0754580329573173,11.839264060052752,102.06151580810547,-267.28343200683594,111.18519973754883,0.8357390145604499,-0.1740055958831947,0.5208285247016164,right
1,12,721,1.0887955968012666,12.904576229970763,105.30812072753906,-251.12705993652344,116.23486328125,0.8410329427494267,-0.09028328358032958,0.5333971483952585,right
1,13,643,1.1021331606452176,13.969888399888776,107.60874938964844,-234.44325256347656,120.41537475585938,0.8419390746427566,-0.004133260726092838,0.5395567724952297,right
1,14,217,1.1154707244891677,15.035200569806783,108.86338806152344,-217.302734375,123.59339904785156,0.8385307720687846,0.08434875392061046,0.538285641649272,right
2,-12,376,1.843633240824545,-12.601212153125891,-160.45882034301758,-408.93737030029297,-84.9352912902832,-0.6850732423032164,-0.6127438409198,-0.39397923561402226,right
2,-11,346,1.8569708046684943,-11.535899983207882,-146.40823936462402,-420.5048294067383,-77.61684322357178,-0.5815967239723876,-0.7409975565439697,-0.3356603519339942,right
2,-10,568,1.8703083685124462,-10.470587813289873,-131.9423427581787,-428.9034957885742,-69.38105726242065,-0.4740329470104729,-0.8358363501130955,-0.27689413315956196,right
2,-9,175,1.8836459323563963,-9.40527564337186,-117.25559711456299,-434.53764724731445,-60.4240083694458,-0.36749992425710987,-0.9036268381229625,-0.22000532515126917,right
2,-8,337,1.896983496200347,-8.339963473453848,-102.51614785194397,-437.76498079299927,-50.91736841201782,-0.2643394392699636,-0.950075142891333,-0.1657766078385439,right
2,-7,519,1.910321060044297,-7.274651303535839,-87.86765038967133,-438.8996069431305,-41.01006901264191,-0.1654401995676951,-0.9795834637901761,-0.114218115182495,right
2,-6,61,1.9236586238882476,-6.209339133617828,-73.43125468492508,-438.2150375843048,-30.830351769924164,-0.07106332187958361,-0.9953497754090269,-0.06502944622737179,right
2,-5,240,1.9369961877321986,-5.144026963699815,-59.30756412446499,-435.94693541526794,-20.48768922686577,0.018733914137936146,-0.9996654644393784,-0.017832545198995815,right
2,-4,424,1.9503337515761487,-4.0787147937818045,-45.57859944924712,-432.29606157541275,-10.074752483516932,0.10391702273042004,-0.9941993935092049,0.027727573510393302,right
2,-3,195,1.9636713154200989,-3.013402623863794,-32.309758085990325,-427.4311335096136,0.33065015252213925,0.18442059778996453,-0.9802104558158569,0.07194793548158551,right
2,-2,609,1.9770088792640497,-1.9480904539457813,-19.551777633372694,-421.4917072309181,10.663617207377683,0.2601518683663821,-0.9586875463672186,0.11506169573703771,right
2,-1,749,1.9903464431080002,-0.8827782840277709,-7.342696940526366,-414.59105874598026,20.87020473042503,0.3310138633959581,-0.9304325824387705,0.1572419529769413,right
2,0,447,2.00368400695195,0.18253388589024105,4.290182055905461,-406.8190628103912,30.905475314706564,0.39692819294310405,-0.8961047659048755,0.19860578584092203,right
2,1,22,2.017021570795901,1.247846055808252,15.328332599252462,-398.2450722269714,40.731547467410564,0.457848634619756,-0.8562424142331856,0.2392144557608314,right
2,2,145,2.030359134639851,2.3131582257262635,25.76004159450531,-388.92079812288284,50.3156448751688,0.5137635070966018,-0.8112753073414823,0.27906887048501755,right
2,3,224,2.043696698483802,3.3784703956442748,35.578447580337524,-378.8831878900528,59.628146559000015,0.5646889184546798,-0.7615365953709894,0.3181013034950435,right
2,4,751,2.057034262327752,4.443782565562286,44.77957844734192,-368.15730237960815,68.64063477516174,0.6106569509172112,-0.7072793904270488,0.35616562463780405,right
2,5,648,2.070371826171703,5.509094735480297,53.36040258407593,-356.75921630859375,77.32394480705261,0.6517035065987954,-0.6486996014851245,0.3930284551020124,right
2,6,335,2.0837093900156534,6.574406905398308,61.31681442260742,-344.69886112213135,85.64621448516846,0.6878596766366968,-0.5859634400708496,0.42836422838233695,right
2,7,230,2.0970469538596044,7.639719075316319,68.6417875289917,-331.9829292297363,93.57094097137451,0.7191487818088397,-0.5192361532180857,0.46175626342708836,right
2,8,405,2.1103845177035554,8.70503124523433,75.3232479095459,-318.6176872253418,101.05498313903809,0.7455917526529984,-0.44870382938135017,0.492704588850502,right
2,9,126,2.1237220815475046,9.770343415152343,81.34228134155273,-304.61207580566406,108.04676055908203,0.7672131448035437,-0.37459167742784416,0.5206390934634572,right
2,10,63,2.1370596453914548,10.835655585070354,86.6711311340332,-289.9802932739258,114.48403930664062,0.7840557932432742,-0.2971524551734219,0.5449375482255444,right
2,11,80,2.150397209235405,11.900967754988367,91.2709732055664,-274.7448425292969,120.2922134399414,0.7961820241632928,-0.2166533659650221,0.5649384952499413,right
2,12,53,2.163734773079356,12.96627992490638,95.09043884277344,-258.9393768310547,125.38229370117188,0.8036769129916713,-0.13331868697536609,0.5799392616708595,right
2,13,700,2.177072336923307,14.031592094824388,98.06301879882812,-242.6114501953125,129.64915466308594,0.8066186892412387,-0.04727847287605477,0.5891782719765336,right
2,14,30,2.190409900767257,15.096904264742404,100.10610961914062,-225.82577514648438,132.96824645996094,0.8050365074034169,0.04154822679099784,0.5917685076093793,right
2,15,646,2.203747464611207,16.162216434660415,101.11856079101562,-208.66836547851562,135.19692993164062,0.7988097279230898,0.13349570971856134,0.5865849589464232,right
3,-12,381,2.9185724171026335,-12.539508458190284,-172.87916564941406,-403.4896430969238,-75.89699363708496,-0.7611556490450921,-0.5296896189547589,-0.37426058501838894,right
3,-11,394,2.9319099809465827,-11.47419628827227,-159.54941511154175,-416.67211532592773,-68.55853080749512,-0.6637987841549703,-0.6788231648967116,-0.3139590498042623,right
3,-10,615,2.9452475447905355,-10.408884118354257,-145.64363193511963,-426.45890045166016,-60.28255009651184,-0.5577098427545011,-0.7908265041924677,-0.25209754374342996,right
3,-9,7,2.9585851086344848,-9.343571948436244,-131.3773250579834,-433.27947330474854,-51.27194344997406,-0.45065703024539383,-0.8717846084186895,-0.19209330445040088,right
3,-8,184,2.971922672478435,-8.278259778518235,-116.93804109096527,-437.515212059021,-41.704300820827484,-0.3464931931441977,-0.9282504802023098,-0.1352535142202187,right
3,-7,317,2.985260236322385,-7.212947608600224,-102.48725593090057,-439.5026559829712,-31.73390620946884,-0.2467334695779551,-0.9656308742317604,-0.0817288793538139,right
3,-6,245,2.998597800166336,-6.147635438682213,-88.16235095262527,-439.53629344701767,-21.493622578680515,-0.15176283919631492,-0.9879253815761843,-0.031168591187672134,right
3,-5,162,3.011935364010286,-5.082323268764202,-74.07857239991426,-437.8714280575514,-11.09686773084104,-0.06152910840498715,-0.9979617104717698,0.016929065276823155,right
3,-4,475,3.0252729278542363,-4.01701109884619,-60.330994743155316,-434.7270703194663,-0.6395651688799262,0.024119755572460676,-0.9977184697146637,0.06305626520302657,right
3,-3,426,3.0386104916981873,-2.951698928928179,-46.99648215249181,-430.288809992373,9.797907709609717,0.10529919202084663,-0.9885984927717644,0.10763410355994256,right
3,-2,703,3.0519480555421374,-1.8863867590101673,-34.135650262236595,-424.711701631546,20.14876872394234,0.18205173575215447,-0.9716261487924569,0.15099600157741314,right
3,-1,59,3.0652856193860876,-0.8210745890921565,-21.794827446341515,-418.1231407523155,30.35788042843342,0.2543552826911147,-0.947578078956585,0.19338866163265925,right
3,0,550,3.0786231832300377,0.24423758082585528,-10.008017241954803,-410.62574422359467,40.37979884445667,0.3221463026736642,-0.9170645403706266,0.23497742118871578,right
3,1,236,3.0919607470739887,1.3095497507438663,1.2011404857039452,-402.3002298474312,50.1768234372139,0.38534318483024427,-0.8805778119151833,0.27585022578847457,right
3,2,649,3.1052983109179397,2.374861920661878,11.817408323287964,-393.2082957625389,59.717045962810516,0.44386324557318174,-0.8385212033094928,0.3160183710318781,right
3,3,636,3.11863587476189,3.4401740905798888,21.831987380981445,-383.39550042152405,68.97239816188812,0.49763203313325144,-0.7912287738978104,0.35541438766014255,right
3,4,377,3.13197343860584,4.505486260497899,31.240559577941895,-372.89413833618164,77.91670727729797,0.546586200081311,-0.7389826545087977,0.39388851495798144,right
3,5,69,3.14531100244979,5.570798430415911,40.04132556915283,-361.7261428833008,86.52373814582825,0.5906728149307989,-0.6820311440573317,0.43120661432493523,right
3,6,590,3.158648566293741,6.636110600333922,48.23303031921387,-349.9058952331543,94.76525640487671,0.62984917968418,-0.6206074512335252,0.46705074919605166,right
3,7,218,3.1719861301376913,7.701422770251933,55.81303024291992,-337.4432373046875,102.60903072357178,0.6640827358871465,-0.5549492955279967,0.501024349996707,right
3,8,178,3.1853236939816423,8.766734940169945,62.775299072265625,-324.34615325927734,110.0169563293457,0.6933576150020803,-0.48530770569351517,0.5326646679789487,right
3,9,58,3.1986612578255933,9.832047110087958,69.10844421386719,-310.6239547729492,116.94312286376953,0.7176743442422493,-0.4119596146104481,0.5614559747179367,right
3,10,102,3.2119988216695425,10.89735928000597,74.79399871826172,-296.28985595703125,123.33156967163086,0.7370616930278371,-0.3351799459905753,0.5868513137726568,right
3,11,573,3.2253363855134918,11.96267144992398,79.80363464355469,-281.3633575439453,129.1148223876953,0.7515695488928867,-0.25522803108627645,0.6082777863154017,right
3,12,99,3.2386739493574437,13.027983619841992,84.09867858886719,-265.87530517578125,134.21160888671875,0.7612606054472931,-0.17230622500132536,0.6251342699131229,right
3,13,253,3.252011513201394,14.093295789760003,87.6268310546875,-249.86767578125,138.5252227783203,0.7661846748509444,-0.08644650558511602,0.6367794325319208,right
3,14,463,3.2653490770453457,15.158607959678013,90.320556640625,-233.39874267578125,141.94122314453125,0.7663080095454136,0.002498833057011164,0.642468513111654,right
3,15,34,3.2786866408892923,16.22392012959602,92.09487915039062,-216.5438232421875,144.32418823242188,0.7614364205144906,0.0950665351579571,0.6412307941818928,right
4,-11,515,4.006849157224672,-11.412492593336655,-172.26304817199707,-411.03934478759766,-59.80389451980591,-0.744946178421638,-0.5974056688153118,-0.296920289172578,right
4,-10,355,4.020186721068622,-10.347180423418642,-159.07633924484253,-422.3599395751953,-51.48620820045471,-0.6431816298065915,-0.7297626186162703,-0.23187046286592994,right
4,-9,259,4.0335242849125725,-9.28186825350063,-145.36619353294373,-430.4999809265137,-42.41788685321808,-0.5366473552431877,-0.8268764787116136,-0.16818116738795152,right
4,-8,408,4.0468618487565235,-8.21655608358262,-131.3414307832718,-435.865177154541,-32.78292341530323,-0.43157680513281826,-0.8955874589331951,-0.10800261419489833,right
4,-7,687,4.060199412600474,-7.151243913664612,-117.18319565057755,-438.8148490190506,-22.74129480868578,-0.3307153060985228,-0.9423080617745403,-0.05179674726147789,right
4,-6,562,4.073536976444425,-6.0859317437466,-103.04696822166443,-439.66494542360306,-12.430879183113575,-0.23490101846746397,-0.9720189889613685,0.0007724127568267172,right
4,-5,45,4.086874540288374,-5.020619573828587,-89.06450136378407,-438.6908233575523,-1.9694206733256578,-0.14412306819293397,-0.9882797586679007,0.05031560217239518,right
4,-4,522,4.100212104132325,-3.955307403910577,-75.3457870259881,-436.13018149137497,8.543516177684069,-0.05809169617074119,-0.9935418971315482,0.09746719181473613,right
4,-3,538,4.113549667976275,-2.8899952339925656,-61.98101958632469,-432.1859209537506,19.024601029232144,0.023497524754225448,-0.9894750669897071,0.14278290561597046,right
4,-2,477,4.126887231820225,-1.8246830640745528,-49.04255610704422,-427.02902603149414,29.40478627383709,0.1008621555475929,-0.9772241847637445,0.1867075742735896,right
4,-1,746,4.140224795664176,-0.759370894156542,-36.586878538131714,-420.80144906044006,39.62735489010811,0.17411033740460644,-0.9575920172907347,0.22957159848272912,right
4,0,113,4.153562359508127,0.3059412757614693,-24.656556010246277,-413.61898255348206,49.64597201347351,0.24325278770446804,-0.9311622876275314,0.27159689868308046,right
4,1,319,4.166899923352077,1.371253445679481,-13.282205164432526,-405.5741435289383,59.42273247241974,0.308226923209116,-0.8983803272529424,0.3129040610377849,right
4,2,91,4.1802374871960275,2.436565615597492,-2.4844486117362976,-396.73905897140503,68.92621123790741,0.36892203378270405,-0.859605522837848,0.3535178610711252,right
4,3,638,4.193575051039978,3.5018777855155028,7.724106788635254,-387.1683225631714,78.12950551509857,0.4252010664301465,-0.81514611999841,0.3933711430166222,right
4,4,663,4.206912614883929,4.567189955433514,17.33693027496338,-376.9019088745117,87.00829994678497,0.47691736234449,-0.765284192166269,0.4323076852367947,right
4,5,92,4.22025017872788,5.632502125351525,26.35160255432129,-365.96802139282227,95.53891038894653,0.5239275664050278,-0.7102944125228139,0.47008696291194463,right
4,6,608,4.23358774257183,6.697814295269537,34.76787757873535,-354.38600158691406,103.69637775421143,0.5661018148297736,-0.6504587790971387,0.506391263690337,right
4,7,87,4.24692530641578,7.763126465187548,42.58557891845703,-342.16910552978516,111.45228958129883,0.6033311811579185,-0.5860768039321548,0.5408377443700295,right
4,8,130,4.260262870259731,8.828438635105561,49.80286407470703,-329.3276672363281,118.7731704711914,0.6355373754936224,-0.5174667006821031,0.5729925462306271,right
4,9,374,4.273600434103681,9.893750805023572,56.414100646972656,-315.8716583251953,125.61849975585938,0.6626752025036395,-0.4449595760043769,0.6023890368431065,right
4,10,348,4.286937997947629,10.959062974941581,62.40809631347656,-301.813720703125,131.93831634521484,0.6847372391095099,-0.3688778790356666,0.6285411869836647,right
4,11,605,4.300275561791581,12.024375144859595,67.76548767089844,-287.1714782714844,137.67154693603516,0.7017395314407829,-0.28949134762051093,0.6509657361690637,right
4,12,165,4.313613125635533,13.089687314777606,72.45809936523438,-271.97283935546875,142.7445831298828,0.7137104752297181,-0.20698758375135054,0.6691587985823302,right
4,13,357,4.3269506894794825,14.154999484695617,76.44549560546875,-256.25311279296875,147.0685577392578,0.7206506213738909,-0.12137869405346123,0.68259057607273,right
4,14,94,4.340288253323431,15.220311654613628,79.673583984375,-240.06591796875,150.53680419921875,0.7224701197316726,-0.03240261957728877,0.6906424518804446,right
4,15,226,4.353625817167383,16.28562382453164,82.07391357421875,-223.481689453125,153.0264892578125,0.7188848591865866,0.060501283561804765,0.6924912663129085,right
4,16,777,4.366963381011332,17.35093599444965,83.558837890625,-206.586669921875,154.38958740234375,0.7092486543465659,0.15839575184316274,0.6869331351053207,right
5,-11,764,5.081788333502762,-11.35078889840104,-184.35955286026,-403.43459129333496,-51.44985735416412,-0.8213889241712874,-0.494117849450182,-0.28489960706091266,right
5,-10,641,5.095125897346709,-10.285476728483028,-172.07533621788025,-416.4462003707886,-43.08294776082039,-0.7288522523384896,-0.6493857235141158,-0.21696215420473486,right
5,-9,422,5.10846346119066,-9.220164558565019,-159.079656124115,-426.0502691268921,-33.94692078232765,-0.6252116969418725,-0.7660739788460824,-0.1491341441186302,right
5,-8,690,5.121801025034611,-8.154852388647006,-145.60442447662354,-432.67710745334625,-24.232527673244476,-0.5199634343542038,-0.849965053177526,-0.08483769982447148,right
5,-7,384,5.1351385888785614,-7.089540218728994,-131.85234907269478,-436.70932629704475,-14.105826638638973,-0.41793825538285595,-0.9081278783388127,-0.025127102327595567,right
5,-6,265,5.148476152722512,-6.024228048810984,-117.99886129051447,-438.4847359508276,-3.710102818906307,-0.3209685712603823,-0.9466083932967171,0.030194800931237074,right
5,-5,699,5.161813716566462,-4.958915878892973,-104.1940867304802,-438.29919731616974,6.832188114523888,-0.22936720966377597,-0.9698955092145227,0.0818131061417114,right
5,-4,170,5.175151280410414,-3.8936037089749616,-90.56479907035828,-436.4095268249512,17.41745586693287,-0.14283103476338166,-0.9811051042518335,0.13050697268506722,right
5,-3,115,5.188488844254364,-2.8282915390569507,-77.21638560295105,-433.0363736152649,27.95903091132641,-0.0609029391260092,-0.982328118760297,0.1769810698879103,right
5,-2,54,5.201826408098314,-1.762979369138938,-64.23480975627899,-428.36708784103394,38.38521587848663,0.016822236286861605,-0.974945304172577,0.2218077235764129,right
5,-1,263,5.215163971942264,-0.6976671992209276,-51.68856930732727,-422.5586152076721,48.637330412864685,0.09062261343350679,-0.9598656792080484,0.265415560608177,right
5,0,206,5.228501535786214,0.3676449706970833,-39.6306631565094,-415.7403564453125,58.6677622795105,0.16063661283724823,-0.9376956717149106,0.30809528698650773,right
5,1,119,5.241839099630165,1.4329571406150945,-28.10054850578308,-408.01706552505493,68.43801641464233,0.22687782237110093,-0.9088562915651222,0.35000956415309675,right
5,2,752,5.255176663474115,2.4982693105331064,-17.12609964609146,-399.4717319011688,77.91677141189575,0.2892603319306777,-0.8736639364893244,0.3912029990290616,right
5,3,196,5.268514227318065,3.5635814804511177,-6.725582122802734,-390.1684293746948,87.07790851593018,0.34762702525065986,-0.8323863243483112,0.43161146689271956,right
5,4,599,5.281851791162016,4.628893650369129,3.0903968811035156,-380.15520668029785,95.89858627319336,0.40177657159174196,-0.7852812618751616,0.47107210304553154,right
5,5,556,5.2951893550059665,5.69420582028714,12.31692123413086,-369.46704864501953,104.3572244644165,0.4514882167830091,-0.7326229469991201,0.509334867878121,right
5,6,677,5.308526918849917,6.75951799020515,20.9527587890625,-358.1285629272461,112.4317364692688,0.4965449517543174,-0.674715931610913,0.5460783117078726,right
5,7,772,5.321864482693868,7.824830160123163,28.998634338378906,-346.1571350097656,120.09737396240234,0.5367510465177456,-0.6119053579698724,0.5809218079482532,right
5,8,623,5.335202046537819,8.890142330041174,36.454917907714844,-333.56553649902344,127.32478332519531,0.5719460935577271,-0.5445638050969638,0.6134557263913769,right
5,9,523,5.348539610381768,9.955454499959187,43.31971740722656,-320.3648376464844,134.07816696166992,0.6020162237534876,-0.47307696742654826,0.6432531766171787,right
5,10,66,5.361877174225717,11.020766669877197,49.58709716796875,-306.56787109375,140.3135223388672,0.6268913227538175,-0.3978156764516644,0.6698880182726614,right
5,11,68,5.375214738069666,12.086078839795206,55.245361328125,-292.19085693359375,145.9757843017578,0.6465345208332949,-0.3190895098140977,0.692946605516948,right
5,12,503,5.388552301913618,13.15139100971322,60.274200439453125,-277.2569580078125,150.99835205078125,0.660927149835127,-0.23706486442587027,0.7120221574259886,right
5,13,679,5.4018898657575685,14.21670317963123,64.64447021484375,-261.8006591796875,155.300048828125,0.6699945039819358,-0.15177291047907518,0.7266858662989879,right
5,14,755,5.415227429601521,15.282015349549242,68.3131103515625,-245.867919921875,158.78298950195312,0.6735818613551219,-0.0628936935962333,0.7364318429829011,right
5,15,756,5.428564993445472,16.347327519467253,71.22479248046875,-229.5213623046875,161.33236694335938,0.671322691657154,0.03024213891298336,0.7405479435527192,right
5,16,776,5.441902557289421,17.412639689385262,73.306640625,-212.83837890625,162.8106689453125,0.6624017195027971,0.12876197913240905,0.7380002132314344,right
6,-10,613,6.170065073624797,-10.223773033547412,-184.45038676261902,-408.5373797416687,-35.19230389595032,-0.8112317777386945,-0.5464425962512989,-0.20809491053136664,right
6,-9,238,6.183402637468748,-9.158460863629404,-172.35186797380447,-419.76179456710815,-25.971742689609528,-0.7149461542946332,-0.6858286815200748,-0.13598167547044884,right
6,-8,492,6.196740201312699,-8.09314869371139,-159.5837183445692,-427.7940539121628,-16.159078866243362,-0.6115077843341381,-0.788412946010833,-0.06680760631299855,right
6,-7,211,6.210077765156648,-7.027836523793381,-146.3720430135727,-433.04041707515717,-5.9268403351306915,-0.5088202415639326,-0.8608687009048848,-0.0026535970224119245,right
6,-6,248,6.223415329000599,-5.962524353875371,-132.9140988588333,-435.8610111474991,4.575909465551376,-0.41052235729241066,-0.9101103497582888,0.05630759652060767,right
6,-5,112,6.2367528928445495,-4.897212183957358,-119.38024508953094,-436.57262325286865,15.221608467400074,-0.3177353881077221,-0.9416888726678188,0.11075328544854798,right
6,-4,97,6.2500904566885,-3.831900014039347,-105.91589617729187,-435.4516453742981,25.902260184288025,-0.23038876468351155,-0.9595870593312145,0.1615973164123652,right
6,-3,214,6.263428020532451,-2.7665878441213363,-92.64350605010986,-432.7368850708008,36.52747291326523,-0.1479784091166655,-0.966501084353494,0.20970942844522036,right
6,-2,283,6.276765584376401,-1.7012756742033253,-79.66450023651123,-428.63252544403076,47.02251315116882,-0.0699404625638406,-0.9641934252450398,0.2558112007137178,right
6,-1,90,6.290103148220351,-0.6359635042853136,-67.06126022338867,-423.3109006881714,57.326350688934326,0.004187320856834086,-0.9537882791810377,0.3004503034462051,right
6,0,732,6.303440712064302,0.4293486656326973,-54.89908027648926,-416.9154872894287,67.38970947265625,0.07470927096969411,-0.935991419395226,0.3440037610981702,right
6,1,434,6.316778275908252,1.4946608355507085,-43.228103160858154,-409.56371116638184,77.17312240600586,0.14176609006269428,-0.911247857644668,0.3866907260930097,right
6,2,445,6.330115839752202,2.5599730054687204,-32.085349559783936,-401.3498229980469,86.64498329162598,0.20535119722164002,-0.8798546588325027,0.428586823327992,right
6,3,504,6.343453403596153,3.6252851753867312,-21.496591567993164,-392.3478364944458,95.77955722808838,0.2653386873895545,-0.8420422329162435,0.4696384342872876,right
6,4,396,6.356790967440104,4.6905973453047425,-11.478391647338867,-382.61436462402344,104.55510520935059,0.32151472399028386,-0.7980320012291625,0.5096795142750291,right
6,5,289,6.370128531284053,5.755909515222753,-2.039997100830078,-372.19144439697266,112.95186710357666,0.3736107462188066,-0.74807531277075,0.5484508517021112,right
6,6,32,6.383466095128005,6.821221685140766,6.8146514892578125,-361.10960388183594,120.9501256942749,0.42133667823568305,-0.6924762829512989,0.585621038832514,right
6,7,745,6.3968036589719555,7.886533855058777,15.084930419921875,-349.39056396484375,128.52832794189453,0.4644094960715075,-0.6315981493866788,0.6208120469594086,right
6,8,466,6.410141222815906,8.951846024976788,22.771636962890625,-337.050048828125,135.66098403930664,0.5025805942082586,-0.565848270502033,0.6536271728555444,right
6,9,350,6.423478786659857,10.0171581948948,29.875198364257812,-324.1009521484375,142.31691360473633,0.5356446910076653,-0.4956617660595825,0.6836696414658167,right
6,10,326,6.436816350503807,11.082470364812812,36.393280029296875,-310.55633544921875,148.45700073242188,0.5634531528949127,-0.42144070805100164,0.710568979121839,right
6,11,302,6.450153914347756,12.147782534730824,42.318267822265625,-296.4306640625,154.03201293945312,0.5858887994842399,-0.3435338177939597,0.7339746798567527,right
6,12,33,6.463491478191708,13.213094704648837,47.6392822265625,-281.746826171875,158.98291015625,0.6028537901292074,-0.26213521052712346,0.7535598444242836,right
6,13,388,6.476829042035658,14.278406874566846,52.3309326171875,-266.532958984375,163.23434448242188,0.6142245127678042,-0.1772471938692263,0.7689679318285244,right
6,14,451,6.490166605879608,15.343719044484859,56.36444091796875,-250.8316650390625,166.697021484375,0.6197101236965374,-0.08857856484356415,0.7798161324557711,right
6,15,414,6.503504169723558,16.409031214402866,59.695068359375,-234.69580078125,169.2657470703125,0.6188679498445971,0.00466042253783932,0.7854812162724923,right
6,16,775,6.516841733567509,17.47434338432088,62.26220703125,-218.197021484375,170.81109619140625,0.6107540096363514,0.10366560052267615,0.7850050846850564,right
7,-10,554,7.2450042499028875,-10.162069338611797,-195.9837052822113,-398.4318513870239,-27.966392695903778,-0.8843350561333575,-0.4190548069219262,-0.20577798057430446,right
7,-9,117,7.258341813746838,-9.096757168693786,-184.9913469851017,-411.4452909231186,-18.63673037290573,-0.8024573626528122,-0.5824106809216029,-0.12984598520065246,right
7,-8,275,7.271679377590788,-8.031444998775777,-173.11221325397491,-421.03870582580566,-8.69930648803711,-0.70490147980027,-0.7071512728564352,-0.055235686588593555,right
7,-7,110,7.285016941434739,-6.966132828857769,-160.5976780653,-427.6425154209137,1.6664963960647583,-0.6032506664849275,-0.7974221153916802,0.014373700628184523,right
7,-6,228,7.298354505278689,-5.900820658939756,-147.66868376731873,-431.63959789276123,12.305456057190895,-0.5039711755374393,-0.860188185471735,0.0780342219942988,right
7,-5,267,7.311692069122639,-4.835508489021744,-134.51768589019775,-433.36809158325195,23.084523737430573,-0.4097531457763415,-0.9019659023974206,0.13623461542060084,right
7,-4,93,7.325029632966589,-3.7701963191037327,-121.31061697006226,-433.12439155578613,33.89090573787689,-0.3211966972641107,-0.9277615992151573,0.18997656878773503,right
7,-3,193,7.33836719681054,-2.7048841491857214,-108.18883895874023,-431.16593742370605,44.63010573387146,-0.2379707263490352,-0.9410758487944492,0.24030434914233206,right
7,-2,298,7.351704760654491,-1.6395719792677104,-95.27111148834229,-427.714111328125,55.22396516799927,-0.15944659432665,-0.9442279178438684,0.28811529414778625,right
7,-1,242,7.36504232449844,-0.5742598093496987,-82.65556907653809,-422.9571418762207,65.60872173309326,-0.08500350252366577,-0.9386951860859363,0.33410440311046297,right
7,0,392,7.3783798883423914,0.4910523605683122,-70.42164993286133,-417.052978515625,75.73305225372314,-0.01415796788523802,-0.9253866672222149,0.37875990821722727,right
7,1,654,7.3917174521863425,1.5563645304863234,-58.63212013244629,-410.13211822509766,85.55613040924072,0.053393391088482366,-0.9048456634387502,0.42237835070486324,right
7,2,765,7.405055016030293,2.621676700404336,-47.33484745025635,-402.30064582824707,95.04566764831543,0.11777148343551784,-0.8773980520222417,0.4650833645670131,right
7,3,479,7.418392579874242,3.6869888703223457,-36.565152645111084,-393.6427254676819,104.17596817016602,0.17893240185177106,-0.8432618334330905,0.5068458107182292,right
7,4,510,7.431730143718193,4.752301040240356,-26.347326278686523,-384.22411346435547,112.92601203918457,0.23670011679685174,-0.8026274311827603,0.5475054898549605,right
7,5,421,7.445067707562144,5.817613210158369,-16.696758270263672,-374.0945587158203,121.27733612060547,0.29079824824544254,-0.7557137980753708,0.5867989725756853,right
7,6,261,7.458405271406094,6.88292538007638,-7.622283935546875,-363.29063415527344,129.21240043640137,0.3408919481305231,-0.7028045998739688,0.6243863980707518,right
7,7,762,7.471742835250044,7.948237549994391,0.872802734375,-351.8386688232422,136.7122573852539,0.38663198851846287,-0.6442527869706508,0.6598894240210312,right
7,8,127,7.485080399093994,9.013549719912403,8.787765502929688,-339.75848388671875,143.7552604675293,0.42768071682424375,-0.5804801943218084,0.6929155420805745,right
7,9,601,7.498417962937947,10.078861889830415,16.12298583984375,-327.06463623046875,150.31369018554688,0.4637251519798795,-0.511947691181347,0.7230964976511267,right
7,10,482,7.511755526781893,11.144174059748428,22.877838134765625,-313.77069091796875,156.3538589477539,0.4945270279859491,-0.4390881186040664,0.7500964222632486,right
7,11,586,7.525093090625847,12.209486229666437,29.048583984375,-299.890869140625,161.83238220214844,0.5198752106755038,-0.3622711346198894,0.7736209603845533,right
7,12,216,7.538430654469798,13.27479839958445,34.62738037109375,-285.4454345703125,166.69454956054688,0.5395808125039926,-0.28171455634361825,0.7934037153439916,right
7,13,425,7.551768218313748,14.340110569502459,39.598876953125,-270.4595947265625,170.8748779296875,0.5533933874209012,-0.1973807654290822,0.8091950272940697,right
7,14,187,7.565105782157697,15.405422739420471,43.939453125,-254.97119140625,174.28900146484375,0.5609590886193971,-0.10898566614204029,0.8206381818261146,right
7,15,587,7.578443346001647,16.47073490933848,47.6142578125,-239.026611328125,176.84136962890625,0.5616748716841086,-0.015755525260518165,0.8272080161255724,right
7,16,584,7.591780909845598,17.53604707925649,50.5751953125,-222.692138671875,178.41180419921875,0.5544864171228554,0.08353309322817727,0.8279897557107766,right
7,17,779,7.605118473689547,18.601359249174504,52.7607421875,-206.0498046875,178.86279296875,0.5375240452381917,0.19077525114175256,0.8213846263125283,right
8,-9,47,8.333280990024926,-9.035053473758175,-196.7785370349884,-400.8896679878235,-12.122030854225159,-0.8815708317371276,-0.45330467644470235,-0.13171081559110004,right
8,-8,154,8.346618553868877,-7.969741303840164,-185.99661827087402,-412.212366104126,-2.0247862339019775,-0.7967414269044091,-0.6021076926796279,-0.05166647917500185,right
8,-7,736,8.359956117712827,-6.904429133922154,-174.36032342910767,-420.32903957366943,8.511125802993774,-0.6999055286654732,-0.7138213187478435,0.02431822042408414,right
8,-6,739,8.373293681556778,-5.83911696400414,-162.1161584854126,-425.6457290649414,19.323878586292267,-0.6011575471521067,-0.7935949121764074,0.09389738478670677,right
8,-5,221,8.386631245400729,-4.773804794086131,-149.48053741455078,-428.5223960876465,30.274596214294434,-0.5057665977080866,-0.8482619970740494,0.1570087034617256,right
8,-4,443,8.399968809244678,-3.708492624168118,-136.64175701141357,-429.2758483886719,41.245277404785156,-0.4157146320495131,-0.8838131863802163,0.21460567625388413,right
8,-3,574,8.413306373088629,-2.6431804542501074,-123.7619457244873,-428.1825828552246,52.13694381713867,-0.33124659653343524,-0.9047164270602174,0.2678878102721551,right
8,-2,490,8.426643936932578,-1.5778682843320964,-110.9791316986084,-425.48168182373047,62.86763000488281,-0.25187252350079525,-0.9140381108184156,0.3179537134188613,right
8,-1,432,8.439981500776529,-0.5125561144140856,-98.40897560119629,-421.37757110595703,73.37045669555664,-0.17690166001238916,-0.9137746150757243,0.3656798538723083,right
8,0,279,8.45331906462048,0.5527560555039257,-86.14697456359863,-416.0432891845703,83.59167289733887,-0.10569671882574543,-0.9051690596805556,0.4117003485867967,right
8,1,555,8.466656628464431,1.618068225421937,-74.27029800415039,-409.62269592285156,93.48868560791016,-0.03778073500234577,-0.8889622800801779,0.4564194131030515,right
8,2,489,8.479994192308382,2.6833803953399493,-62.83969211578369,-402.2341957092285,103.02820587158203,0.027124542105930655,-0.8655823343021589,0.5000314807685302,right
8,3,468,8.493331756152331,3.74869256525796,-51.90175724029541,-393.97262954711914,112.18406677246094,0.08910368928711965,-0.8352824620109335,0.5425529847050681,right
8,4,84,8.50666931999628,4.8140047351759705,-41.49034881591797,-384.9132499694824,120.9356575012207,0.1480639196498882,-0.7982475254686868,0.5838475518326933,right
8,5,176,8.520006883840232,5.879316905093982,-31.62921905517578,-375.11356353759766,129.26547622680664,0.20377161688022233,-0.7546725901489869,0.6236556821130064,right
8,6,42,8.533344447684183,6.944629075011993,-22.332992553710938,-364.61700439453125,137.15755653381348,0.2558883425585427,-0.7048054664733178,0.6616422073688851,right
8,7,476,8.546682011528132,8.009941244930003,-13.610671997070312,-353.45550537109375,144.59580612182617,0.3040157700107348,-0.648981426834849,0.6974220524246301,right
8,8,31,8.560019575372083,9.075253414848017,-5.466064453125,-341.65179443359375,151.5610122680664,0.3477474847598648,-0.5876072206182538,0.7306089522586473,right
8,9,760,8.573357139216034,10.14056558476603,2.099609375,-329.22430419921875,158.0296287536621,0.38668358829051025,-0.5211409881356813,0.76084681311795,right
8,10,607,8.586694703059985,11.205877754684042,9.08477783203125,-316.18621826171875,163.972412109375,0.4204720978757696,-0.4500150857167289,0.7878385859649897,right
8,11,668,8.600032266903936,12.271189924602053,15.489501953125,-302.553466796875,169.35032653808594,0.4487924649535673,-0.37461156322237255,0.8113269994897195,right
8,12,78,8.613369830747885,13.336502094520064,21.3065185546875,-288.34375,174.11541748046875,0.47133367711335356,-0.29516428719201454,0.8310972316072499,right
8,13,257,8.626707394591836,14.401814264438073,26.5272216796875,-273.5791015625,178.20846557617188,0.4877492650789467,-0.21164540762769,0.8469397120486536,right
8,14,105,8.640044958435787,15.467126434356087,31.1302490234375,-258.290283203125,181.55450439453125,0.4975519261444542,-0.12373995837139204,0.8585630457294267,right
8,15,252,8.653382522279736,16.532438604274095,35.092041015625,-242.5244140625,184.0589599609375,0.5000128423387163,-0.03062835027866404,0.8654762051353957,right
8,16,629,8.666720086123684,17.597750774192107,38.373779296875,-226.33251953125,185.615966796875,0.4939148469738148,0.06889865631304753,0.8667762681898309,right
8,17,778,8.680057649967639,18.663062944110116,40.926025390625,-209.7998046875,186.0980224609375,0.47718338491859325,0.17681236094985373,0.8608329722849679,right
9,-8,156,9.421557730146965,-7.908037608904549,-198.0150499343872,-401.09386444091797,3.6540743112564087,-0.8805916418478303,-0.4703625275544909,-0.05759733483671984,right
9,-7,2,9.434895293990916,-6.8427254389865375,-187.46434020996094,-410.8913230895996,14.406009793281555,-0.7952377353789105,-0.605774146383912,0.025191820145924738,right
9,-6,572,9.448232857834865,-5.777413269068527,-176.0852279663086,-417.68299865722656,25.43949556350708,-0.7006228796691472,-0.7062154369280017,0.10191828652750826,right
9,-5,305,9.461570421678815,-4.712101099150517,-164.1199131011963,-421.85107421875,36.60935640335083,-0.6054874668185861,-0.7771928063454874,0.17133671320075367,right
9,-4,227,9.474907985522766,-3.6467889292325038,-151.78098487854004,-423.7332992553711,47.79208183288574,-0.5141717971343553,-0.825140603715921,0.23403065425484895,right
9,-3,239,9.488245549366717,-2.5814767593144943,-139.25324249267578,-423.6255340576172,58.88376045227051,-0.42816652989001563,-0.8554787836332002,0.2912549972711239,right
9,-2,375,9.501583113210668,-1.516164589396482,-126.69563674926758,-421.7850036621094,69.79826354980469,-0.3475010163741663,-0.8721773130242537,0.3443105840149477,right
9,-1,308,9.514920677054619,-0.4508524194784706,-114.24344253540039,-418.4329605102539,80.46518898010254,-0.27160850010464777,-0.8779295982014557,0.39429486843317413,right
9,0,122,9.528258240898568,0.6144597504395402,-102.00998306274414,-413.75756072998047,90.82795715332031,-0.19978585723396544,-0.8744685670738739,0.4420297913591973,right
9,1,509,9.541595804742519,1.6797719203575523,-90.08871841430664,-407.9170379638672,100.8419075012207,-0.13141418539384797,-0.8628577294785899,0.4880643918135434,right
9,2,742,9.554933368586468,2.7450840902755624,-78.55517768859863,-401.0419464111328,110.47218704223633,-0.06604689973507659,-0.8437219225778299,0.5327017217889908,right
9,3,437,9.56827093243042,3.8103962601935746,-67.46890640258789,-393.2386474609375,119.69210052490234,-0.003448488691536319,-0.8174194348843652,0.5760326166104395,right
9,4,738,9.58160849627437,4.875708430111586,-56.87552261352539,-384.59190559387207,128.4807357788086,0.05641485088463125,-0.7841797058585188,0.617964039017896,right
9,5,429,9.594946060118321,5.941020600029597,-46.808441162109375,-375.1684875488281,136.8212890625,0.11338907670925885,-0.7441960645765731,0.6582667656442659,right
9,6,418,9.60828362396227,7.0063327699476075,-37.290863037109375,-365.01808166503906,144.69935989379883,0.16718322738157707,-0.697695136602378,0.6966141434421705,right
9,7,5,9.621621187806221,8.071644939865617,-28.33892822265625,-354.1778869628906,152.1003646850586,0.21738919820282693,-0.6449696424121847,0.732636401546791,right
9,8,168,9.634958751650172,9.136957109783632,-19.960723876953125,-342.6776123046875,159.00762176513672,0.2635519895059101,-0.5864106706019122,0.7659392105328544,right
9,9,166,9.648296315494122,10.202269279701643,-12.16143798828125,-330.53607177734375,165.40166473388672,0.30519928771418053,-0.522433239418649,0.7961889883245645,right
9,10,737,9.661633879338073,11.267581449619655,-4.94384765625,-317.7685546875,171.25702667236328,0.34187909525340826,-0.4534684297049788,0.8230948107536652,right
9,11,658,9.674971443182022,12.332893619537664,1.6898193359375,-304.39013671875,176.5393829345703,0.3731409676298026,-0.37987155587234095,0.8464416219181459,right
9,12,147,9.688309007025975,13.398205789455679,7.734130859375,-290.419189453125,181.20751953125,0.3985740340564963,-0.30185773111779407,0.8660373257200572,right
9,13,310,9.701646570869926,14.463517959373691,13.18359375,-275.874755859375,185.20452880859375,0.41770354476694405,-0.2194417715765734,0.8816853506645466,right
9,14,359,9.714984134713873,15.5288301292917,18.0223388671875,-260.78466796875,188.4654541015625,0.42985307232058756,-0.13218734079736122,0.8931701087415959,right
9,15,324,9.728321698557822,16.594142299209707,22.23046875,-245.18505859375,190.90411376953125,0.4342193241872092,-0.03932783983059939,0.8999482760229401,right
9,16,453,9.741659262401775,17.65945446912772,25.777587890625,-229.13134765625,192.4205322265625,0.4293577364640715,0.060331840269107435,0.901117086281351,right
9,17,796,9.754996826245723,18.72476663904573,28.62255859375,-212.689453125,192.895263671875,0.4130482864166225,0.16872068833386686,0.8949438208158309,right
10,-8,281,10.496496906425051,-7.8463339139689365,-208.9146957397461,-387.4382438659668,8.08379578590393,-0.9469606277356819,-0.3127390762846658,-0.07389072799111589,right
10,-7,25,10.509834470269002,-6.781021744050925,-199.68499946594238,-399.09753036499023,19.10809350013733,-0.8824297118357937,-0.47020615046113157,0.014965952623264027,right
10,-6,121,10.523172034112953,-5.715709574132911,-189.3773422241211,-407.53221893310547,30.41949701309204,-0.7985192206401921,-0.5936650549726548,0.09964364893205768,right
10,-5,150,10.536509597956904,-4.650397404214902,-178.26162338256836,-413.14734649658203,41.86622714996338,-0.7071947107092398,-0.684540535642589,0.1768612343251964,right
10,-4,101,10.549847161800855,-3.5850852342968875,-166.57656478881836,-416.30189514160156,53.31878662109375,-0.6160618348737115,-0.7482305622166278,0.24620893845883232,right
10,-3,82,10.563184725644806,-2.5197730643788776,-154.5313262939453,-417.3118591308594,64.66802024841309,-0.5287887696876201,-0.7906214603428676,0.3087072132256784,right
10,-2,210,10.576522289488755,-1.4544608944608661,-142.3079833984375,-416.45274353027344,75.82320022583008,-0.44656151948053396,-0.8165682835869108,0.3657855212541401,right
10,-1,731,10.589859853332705,-0.3891487245428579,-130.0630645751953,-413.96307373046875,86.7100944519043,-0.36930617148739014,-0.8296012229601145,0.41877770065323305,right
10,0,278,10.603197417176656,0.6761634453751546,-117.9295883178711,-410.0470275878906,97.26892852783203,-0.29645011931343695,-0.8321054595992946,0.46874068616250447,right
10,1,508,10.616534981020607,1.7414756152931645,-106.01927947998047,-404.876708984375,107.45238494873047,-0.227320037022388,-0.8256104824046593,0.5164232102759191,right
10,2,299,10.629872544864556,2.806787785211178,-94.42414855957031,-398.59605407714844,117.22391510009766,-0.16134000620091332,-0.8110575706040569,0.5622766397112141,right
10,3,232,10.643210108708507,3.872099955129189,-83.21864318847656,-391.3233642578125,126.55567169189453,-0.09812218697979293,-0.7890014274062369,0.6065053865986875,right
10,4,661,10.656547672552458,4.937412125047199,-72.46194458007812,-383.1533203125,135.4262924194336,-0.03748753771409406,-0.7597786281959802,0.6491002392949559,right
10,5,616,10.669885236396407,6.00272429496521,-62.19920349121094,-374.16090393066406,143.81903839111328,0.02053073022502529,-0.7236340382557432,0.6898784442161624,right
10,6,696,10.683222800240358,7.068036464883221,-52.46391296386719,-364.40513610839844,151.72052764892578,0.07571022169678125,-0.6807942943785339,0.7285513647453132,right
10,7,457,10.69656036408431,8.133348634801234,-43.28045654296875,-353.9283447265625,159.11776733398438,0.12770565154022015,-0.6315240342266739,0.7647670630713346,right
10,8,462,10.709897927928258,9.198660804719244,-34.66455078125,-342.76361083984375,165.99713134765625,0.17602243629069766,-0.5761640440630773,0.7981548071966789,right
10,9,711,10.72323549177221,10.263972974637259,-26.62786865234375,-330.9339599609375,172.3404083251953,0.22016261313095026,-0.5150899741814972,0.8283783811019311,right
10,10,39,10.736573055616159,11.329285144555268,-19.1739501953125,-318.4581298828125,178.12754821777344,0.2595728753795961,-0.4486867398134551,0.8551620500716466,right
10,11,456,10.74991061946011,12.39459731447328,-12.3101806640625,-305.3516845703125,183.327880859375,0.293691657570105,-0.37730789494845757,0.878284670641181,right
10,12,172,10.763248183304063,13.459909484391295,-6.0386962890625,-291.63134765625,187.90467834472656,0.32198100427713994,-0.30110985621562253,0.8975862562308381,right
10,13,440,10.776585747148012,14.525221654309302,-0.3699951171875,-277.3134765625,191.80874633789062,0.34379649284460523,-0.2200289266083179,0.9129026470349074,right
10,14,353,10.789923310991963,15.590533824227316,4.684326171875,-262.421875,194.97698974609375,0.3583813674571615,-0.1337159304138365,0.9239495902986792,right
10,15,570,10.803260874835914,16.655845994145324,9.11279296875,-246.99365234375,197.3358154296875,0.3647236366405571,-0.04129170105503961,0.9301997980539817,right
10,16,402,10.816598438679861,17.721158164063336,12.8896484375,-231.07275390625,198.79150390625,0.36122324810258,0.058477492703503636,0.930643942588858,right
10,17,788,10.829936002523812,18.786470333981345,15.97265625,-214.712890625,199.23095703125,0.34555414592648714,0.16740586360307969,0.9233458772661105,right
11,-7,691,11.584773646547092,-6.719318049115308,-210.76611709594727,-384.69136810302734,22.32819366455078,-0.9513350935697905,-0.3080629462670201,-0.007665564548091463,right
11,-6,314,11.598111210391043,-5.6540058791973005,-201.76439666748047,-394.95018005371094,33.98594665527344,-0.8875015752568103,-0.45298769229297214,0.08451688912736939,right
11,-5,774,11.611448774234994,-4.588693709279288,-191.7036590576172,-402.1808624267578,45.77828598022461,-0.8065719321878524,-0.5659716902869075,0.1706392803563566,right
11,-4,532,11.624786338078943,-3.5233815393612753,-180.85064697265625,-406.76409912109375,57.56953430175781,-0.7192653172977913,-0.6488251297593992,0.24836133822559084,right
11,-3,704,11.638123901922894,-2.458069369443264,-169.44093322753906,-409.0359802246094,69.24478149414062,-0.6322945552255015,-0.7065229689560087,0.31785042043353007,right
11,-2,12,11.651461465766843,-1.3927571995252535,-157.6813507080078,-409.29144287109375,80.70838928222656,-0.5488848645295622,-0.744331038804751,0.38039020776329724,right
11,-1,695,11.664799029610794,-0.3274450296072408,-145.75149536132812,-407.7862854003906,91.88185119628906,-0.47006775113938903,-0.7665724722477535,0.4374962332760415,right
11,0,383,11.678136593454745,0.7378671403107708,-133.80630493164062,-404.7406005859375,102.70172119140625,-0.3957663902231383,-0.7763959883370362,0.4904877507786544,right
11,1,200,11.691474157298696,1.8031793102287816,-121.9771499633789,-400.3423767089844,113.11788940429688,-0.32545494734844044,-0.7759454374837988,0.5403589134033969,right
11,2,287,11.704811721142645,2.8684914801467927,-110.3748779296875,-394.7482604980469,123.09162902832031,-0.2585301039840809,-0.7666047898764056,0.5877748561077891,right
11,3,541,11.718149284986596,3.9338036500648044,-99.0903434753418,-388.08837890625,132.59339904785156,-0.1944890870926737,-0.7492343604523675,0.6331049424221789,right
11,4,246,11.731486848830546,4.999115819982814,-88.19843292236328,-380.46832275390625,141.6009979248047,-0.13301950051953393,-0.7243682965165259,0.6764587078922704,right
11,5,553,11.744824412674499,6.064427989900826,-77.75703430175781,-371.9743881225586,150.0979461669922,-0.07402927761484239,-0.6923609206902032,0.7177437018580092,right
11,6,358,11.758161976518446,7.129740159818836,-67.81338500976562,-362.6685791015625,158.0712432861328,-0.017607805830979262,-0.6534799890032141,0.7567389702837947,right
11,7,689,11.771499540362397,8.195052329736848,-58.40087890625,-352.60595703125,165.50843811035156,0.03593884997444442,-0.6079988286407335,0.7931240908168219,right
11,8,21,11.784837104206348,9.26036449965486,-49.5447998046875,-341.82025146484375,172.39776611328125,0.08616174881239651,-0.556198702137907,0.8265707209801816,right
11,9,404,11.7981746680503,10.325676669572873,-41.26336669921875,-330.34033203125,178.7257537841797,0.1325322367292604,-0.49842794520727646,0.8567407949105678,right
11,10,547,11.811512231894248,11.390988839490882,-33.5670166015625,-318.1881103515625,184.47329711914062,0.17445375224831788,-0.43500917111484333,0.8833645393451445,right
11,11,356,11.824849795738201,12.456301009408895,-26.46630859375,-305.377197265625,189.61383056640625,0.21128405184359533,-0.3662019270970588,0.9062313159601987,right
11,12,336,11.83818735958215,13.521613179326904,-19.968994140625,-291.926513671875,194.1160888671875,0.24229903118071877,-0.29215952723898814,0.9251670066168466,right
11,13,621,11.851524923426101,14.586925349244916,-14.08154296875,-277.850830078125,197.9368896484375,0.26679179672081843,-0.21273517939206965,0.9399818512351723,right
11,14,472,11.86486248727005,15.652237519162927,-8.81494140625,-263.173828125,201.017578125,0.28377247656789023,-0.1275650113762744,0.9503685334727245,right
11,15,322,11.878200051114003,16.717549689080943,-4.1865234375,-247.9150390625,203.29168701171875,0.29215506065248775,-0.035640981215067966,0.955706618682307,right
11,16,438,11.89153761495795,17.782861858998952,-0.20947265625,-232.126953125,204.6748046875,0.29016908804005814,0.06401857004310654,0.9548316726186019,right
11,17,787,11.904875178801902,18.84817402891696,3.08154296875,-215.857421875,205.0594482421875,0.2751976617459748,0.17351375190859347,0.9455999285470316,right
12,-5,163,12.68638795051308,-4.526990014343671,-204.21397399902344,-388.6968688964844,48.03042984008789,-0.8955917106117711,-0.4189606945727575,0.14962427706289638,right
12,-4,60,12.69972551435703,-3.4616778444256595,-194.3974151611328,-394.87786865234375,60.241065979003906,-0.8188222450652908,-0.5228197916816885,0.23704344836369712,right
12,-3,201,12.71306307820098,-2.3963656745076496,-183.80035400390625,-398.56884765625,72.32271575927734,-0.7360240873864159,-0.598971860423468,0.31543819237347137,right
12,-2,688,12.726400642044931,-1.33105350458964,-172.6563262939453,-400.0840148925781,84.17428588867188,-0.6532383370431599,-0.6517684480290706,0.3853278671091201,right
12,-1,106,12.739738205888884,-0.2657413346716255,-161.17005920410156,-399.69757080078125,95.71258544921875,-0.5734298016333274,-0.6858279268358227,0.4481275681888366,right
12,0,309,12.753075769732833,0.7995708352463835,-149.51971435546875,-397.64642333984375,106.8701171875,-0.4976154221076932,-0.7049718973913012,0.5053647351854808,right
12,1,1,12.766413333576782,1.8648830051643952,-137.8588104248047,-394.13262939453125,117.59376525878906,-0.42578457603070297,-0.7120331615653586,0.558315566365111,right
12,2,763,12.779750897420733,2.9301951750824062,-126.31816101074219,-389.32769775390625,127.84213256835938,-0.35751645054647707,-0.7089549539742018,0.6079184656054508,right
12,3,46,12.793088461264682,3.995507345000417,-115.00776672363281,-383.3751525878906,137.5831298828125,-0.29231820474322334,-0.6970260803061065,0.6547554585864894,right
12,4,143,12.806426025108635,5.060819514918429,-104.01863861083984,-376.39093017578125,146.79449462890625,-0.22978231254458295,-0.677086511134056,0.699109394359692,right
12,5,340,12.819763588952583,6.126131684836439,-93.42658233642578,-368.4689254760742,155.458251953125,-0.1697081354115129,-0.649651799038442,0.7410476966979004,right
12,6,378,12.833101152796537,7.191443854754451,-83.29014587402344,-359.6846618652344,163.56158447265625,-0.11206986163986646,-0.6151006239660337,0.7804431872395435,right
12,7,260,12.846438716640485,8.256756024672464,-73.6558837890625,-350.09423828125,171.09408569335938,-0.05708008816419717,-0.5737449636876982,0.8170425816187117,right
12,8,160,12.859776280484438,9.322068194590477,-64.561279296875,-339.739990234375,178.04421997070312,-0.005114846331774872,-0.5258648686619223,0.8505527486606469,right
12,9,50,12.873113844328385,10.387380364508486,-56.0301513671875,-328.6556396484375,184.40145874023438,0.04327584101220678,-0.4717738148275296,0.8806569532046891,right
12,10,393,12.886451408172338,11.452692534426498,-48.08642578125,-316.867431640625,190.14724731445312,0.08749743928677368,-0.41166556682436495,0.9071249413445932,right
12,11,582,12.899788972016289,12.51800470434451,-40.74169921875,-304.38623046875,195.26263427734375,0.12680823466641775,-0.345802043867409,0.9296992083883419,right
12,12,329,12.913126535860238,13.58331687426252,-34.00927734375,-291.2353515625,199.7193832397461,0.16048204609466446,-0.2742116902252495,0.9481842973942787,right
12,13,284,12.926464099704187,14.64862904418053,-27.89697265625,-277.4228515625,203.4749755859375,0.1874291363710672,-0.19669533244320742,0.9623831175962366,right
12,14,631,12.939801663548137,15.713941214098543,-22.4228515625,-262.970703125,206.48355102539062,0.2068688491109722,-0.11275358815193,0.9718497351063934,right
12,15,719,12.95313922739209,16.779253384016553,-17.59130859375,-247.91064453125,208.68157958984375,0.21725092308536376,-0.021631316026430935,0.9758760795231749,right
12,16,660,12.966476791236042,17.844565553934565,-13.43212890625,-232.2548828125,209.9849853515625,0.21673742914695793,0.07803214863358081,0.9731062997362591,right
13,-3,123,13.788002254479071,-2.334661979572036,-197.399169921875,-385.65631103515625,73.55996704101562,-0.8341983861176903,-0.46432022808986134,0.2975227359131063,right
13,-2,672,13.801339818323022,-1.2693498096540228,-187.046630859375,-388.58941650390625,85.89154052734375,-0.7562648181392516,-0.5348436454278025,0.3768365690724609,right
13,-1,712,13.814677382166973,-0.20403763973601546,-176.15447998046875,-389.4683837890625,97.88558959960938,-0.677636014983849,-0.583647051266937,0.4473986485721859,right
13,0,469,13.828014946010923,0.8612745301819988,-164.92599487304688,-388.5469970703125,109.47021484375,-0.6011676782840525,-0.6146869020421469,0.5106441373837461,right
13,1,75,13.841352509854872,1.9265867001000088,-153.5389404296875,-386.04339599609375,120.58837890625,-0.5279573468260942,-0.6313174540991869,0.5680662919783853,right
13,2,539,13.854690073698823,2.991898870018019,-142.1454315185547,-382.14385986328125,131.19549560546875,-0.458148768663254,-0.6360863627685072,0.6208815063055716,right
13,3,301,13.868027637542774,4.057211039936031,-130.8773193359375,-377.00152587890625,141.25836181640625,-0.39146127298325756,-0.630780346272237,0.6699807657769024,right
13,4,188,13.881365201386725,5.122523209854044,-119.84416198730469,-370.7476806640625,150.75164794921875,-0.32755985870955,-0.6166230924531122,0.7158774342132459,right
13,5,292,13.894702765230676,6.1878353797720544,-109.13735961914062,-363.4860534667969,159.6568603515625,-0.2661543182393693,-0.5944310666102817,0.7588238174511257,right
13,6,639,13.908040329074623,7.2531475496900635,-98.833251953125,-355.2994079589844,167.96160888671875,-0.20717412274566938,-0.564756606453812,0.798829680427146,right
13,7,133,13.921377892918576,8.318459719608077,-88.99264526367188,-346.25225830078125,175.65548706054688,-0.15073563917618957,-0.527947702023859,0.8357930312044198,right
13,8,370,13.934715456762527,9.38377188952609,-79.663818359375,-336.39501953125,182.72805786132812,-0.09712376324505963,-0.4843820835202125,0.8694486596560693,right
13,9,567,13.948053020606476,10.4490840594441,-70.88629150390625,-325.76123046875,189.1695556640625,-0.04681170463638121,-0.4342423138290779,0.8995789443897655,right
13,10,428,13.961390584450427,11.514396229362113,-62.6837158203125,-314.38525390625,194.96823120117188,-0.0004877470233955854,-0.3778068140103128,0.9258843196588967,right
13,11,618,13.974728148294377,12.579708399280122,-55.0869140625,-302.27978515625,200.10263061523438,0.04114485295135269,-0.3151597361175905,0.9481463187746405,right
13,12,680,13.988065712138328,13.645020569198135,-48.10888671875,-289.45849609375,204.55120849609375,0.07721613175036443,-0.246275398472537,0.9661190905394136,right
13,13,282,14.001403275982279,14.710332739116147,-41.763671875,-275.94091796875,208.277587890625,0.1066405520347402,-0.1708751886962492,0.9795047026685207,right
13,14,138,14.014740839826228,15.775644909034156,-36.076416015625,-261.7470703125,211.236572265625,0.12833889310772853,-0.08844961753943556,0.9877782107705203,right
13,15,767,14.028078403670177,16.840957078952165,-31.05126953125,-246.8876953125,213.3746337890625,0.14057568315839913,0.0019735432736185643,0.9900679685918016,right
13,16,207,14.041415967514128,17.906269248870174,-26.70263671875,-231.412109375,214.6143798828125,0.14154126456506141,0.10162892853084013,0.9847017981658187,right
14,-1,155,14.889616558445056,-0.14233394480040013,-190.51339721679688,-376.84521484375,98.03192138671875,-0.7784523486359883,-0.45633898014135016,0.4310065847602168,right
14,0,560,14.902954122289007,0.9229782251176089,-179.8568115234375,-377.201416015625,110.14584350585938,-0.7039905274796272,-0.5018836021318184,0.5025039175271638,right
14,1,311,14.916291686132958,1.9882903950356206,-168.86898803710938,-375.8448486328125,121.75918579101562,-0.630676133808648,-0.5305473478506608,0.5663630690050389,right
14,2,713,14.929629249976909,3.0536025649536342,-157.72763061523438,-372.9766845703125,132.82321166992188,-0.5597658914368767,-0.5452217679474138,0.624015521073134,right
14,3,684,14.942966813820858,4.118914734871642,-146.585205078125,-368.76434326171875,143.30224609375,-0.49160727158831846,-0.5481930504932659,0.676614121868866,right
14,4,43,14.956304377664809,5.184226904789655,-135.573974609375,-363.34814453125,153.16876220703125,-0.4261323570292634,-0.5411202880207836,0.7249827916474905,right
14,5,360,14.96964194150876,6.249539074707665,-124.80337524414062,-356.8446044921875,162.4046630859375,-0.36320969882223464,-0.525137282702263,0.7696164947540725,right
14,6,748,14.982979505352711,7.31485124462568,-114.36831665039062,-349.3453369140625,170.99444580078125,-0.30270227554910295,-0.5010406093685664,0.8107586818165874,right
14,7,70,14.996317069196659,8.380163414543688,-104.3446044921875,-340.92333984375,178.92803955078125,-0.24466350637109827,-0.46941080312201283,0.8484063098318791,right
14,8,398,15.00965463304061,9.4454755844617,-94.79632568359375,-331.6328125,186.1973876953125,-0.18935072255552637,-0.43059214543958146,0.882460598640777,right
14,9,493,15.022992196884562,10.510787754379713,-85.77294921875,-321.5203857421875,192.7950439453125,-0.1371775754662887,-0.3848656562053394,0.9127216111514093,right
14,10,625,15.036329760728513,11.576099924297726,-77.31494140625,-310.610107421875,198.7060546875,-0.08882857603338606,-0.3323891091372447,0.9389499263575402,right
14,11,707,15.049667324572463,12.641412094215735,-69.456298828125,-298.92724609375,203.92019653320312,-0.04502020253063624,-0.2731724553234271,0.9609110213837027,right
14,12,186,15.063004888416414,13.706724264133749,-62.225830078125,-286.48779296875,208.41015625,-0.006707098475498523,-0.20718832627066605,0.9782780853556927,right
14,13,202,15.076342452260363,14.772036434051756,-55.6357421875,-273.3115234375,212.15167236328125,0.02500293489769,-0.13404377562760594,0.9906599413835193,right
14,14,576,15.089680016104312,15.83734860396977,-49.7236328125,-259.3984375,215.0989990234375,0.048818495121156165,-0.053046317745936516,0.9973980362461632,right
14,15,494,15.103017579948265,16.90266077388778,-44.48388671875,-244.79296875,217.2056884765625,0.06306197836153107,0.03649149811469192,0.9973422468994659,right
15,1,478,15.991230862411047,2.049994089971237,-183.674560546875,-363.28369140625,120.70843505859375,-0.7306232954338323,-0.40624651966223996,0.5487744212622563,right
15,2,19,16.004568426255,3.115306259889248,-172.90911865234375,-361.585205078125,132.3419189453125,-0.6604261880672013,-0.4330376105253193,0.6134457416801811,right
15,3,644,16.01790599009895,4.180618429807259,-161.99551391601562,-358.4326171875,143.3466796875,-0.5916644141418334,-0.44626287596526654,0.6714035050350947,right
15,4,386,16.0312435539429,5.245930599725271,-151.0887451171875,-353.973876953125,153.69293212890625,-0.5249746991332365,-0.4478859238741494,0.7237401221884604,right
15,5,622,16.044581117786848,6.311242769643281,-140.31898498535156,-348.339599609375,163.361083984375,-0.46052561641136247,-0.4394497976931281,0.771232800091129,right
15,6,720,16.0579186816308,7.376554939561292,-129.801513671875,-341.62841796875,172.334228515625,-0.39838675882254243,-0.42199548704267603,0.8143757113952281,right
15,7,518,16.07125624547475,8.441867109479306,-119.63119506835938,-333.92333984375,180.60107421875,-0.3386771109469937,-0.3962862712663129,0.8533785828847826,right
15,8,473,16.0845938093187,9.507179279397318,-109.8836669921875,-325.2855224609375,188.1571044921875,-0.2815844778324833,-0.36283515219775236,0.8882909625643175,right
15,9,753,16.09793137316265,10.572491449315327,-100.628662109375,-315.763671875,194.98968505859375,-0.22755351211606228,-0.3218896500979294,0.9190247288748424,right
15,10,693,16.1112689370066,11.63780361923334,-91.9150390625,-305.402587890625,201.0946044921875,-0.17722446343151593,-0.2736795427602114,0.9453523139210972,right
15,11,223,16.12460650085055,12.703115789151349,-83.794677734375,-294.201416015625,206.45550537109375,-0.13129078535671737,-0.2181922252162747,0.967034064826874,right
15,12,237,16.1379440646945,13.768427959069362,-76.30322265625,-282.201171875,211.0511474609375,-0.09079123685995699,-0.1552320504635537,0.983697088446601,right
15,13,65,16.15128162853845,14.833740128987372,-69.45458984375,-269.40869140625,214.8646240234375,-0.05682963053587113,-0.08450524367006118,0.9948011142361171,right
15,14,380,16.1646191923824,15.899052298905382,-63.29443359375,-255.8408203125,217.853271484375,-0.030933298459489427,-0.004967968011318533,0.9995091046810203,right
15,15,448,16.177956756226354,16.964364468823398,-57.8505859375,-241.4951171875,219.97265625,-0.014949528024455832,0.08417390522619855,0.9963389309320484,right
16,3,675,17.092845166377035,4.242322124742873,-176.94732666015625,-345.749267578125,140.96453857421875,-0.688815445603483,-0.32164279411021984,0.6496762231258322,right
16,4,131,17.106182730220986,5.307634294660887,-166.24752807617188,-342.380615234375,151.9107666015625,-0.6223029677681204,-0.33372440961756517,0.7080727609027178,right
16,5,412,17.119520294064934,6.372946464578895,-155.5634002685547,-337.733642578125,162.126220703125,-0.5570864000434986,-0.33430779753974926,0.7601927646266421,right
16,6,303,17.13285785790889,7.438258634496909,-145.02523803710938,-331.9246826171875,171.5941162109375,-0.49366341702790006,-0.32472459283009997,0.8067529792319725,right
16,7,702,17.146195421752836,8.503570804414919,-134.75439453125,-325.0389404296875,180.3035888671875,-0.43238648171075766,-0.305902710872597,0.8482130993533341,right
16,8,692,17.159532985596787,9.568882974332931,-124.84588623046875,-317.1488037109375,188.24658203125,-0.3735445146292214,-0.27855007538638477,0.8848018710946869,right
16,9,744,17.172870549440738,10.634195144250944,-115.3756103515625,-308.31201171875,195.4149169921875,-0.3176616798601739,-0.2430074036104783,0.916536119822294,right
16,10,222,17.186208113284685,11.699507314168955,-106.42333984375,-298.5615234375,201.80126953125,-0.26525743776557636,-0.19945482655201516,0.9433219301358083,right
16,11,343,17.19954567712864,12.764819484086965,-98.03369140625,-287.9306640625,207.395751953125,-0.21725296230393598,-0.14798266655051126,0.9648327734746394,right
16,12,352,17.21288324097259,13.830131654004978,-90.271484375,-276.43115234375,212.1810302734375,-0.17453686239761249,-0.08820726687278126,0.9806917771324641,right
16,13,295,17.22622080481654,14.895443823922987,-83.16357421875,-264.0859375,216.13916015625,-0.13846358556783697,-0.019688994660222045,0.9901717926506329,right
16,14,288,17.23955836866049,15.960755993840998,-76.7587890625,-250.8916015625,219.22637939453125,-0.11060546704512242,0.05844358242541006,0.9921445350013347,right
17,5,559,18.194459470343027,6.434650159514509,-170.37957763671875,-324.779296875,158.2481689453125,-0.650108568942831,-0.20645358200818809,0.7312562936912698,right
17,6,273,18.207797034186978,7.499962329432522,-159.90261840820312,-320.001220703125,168.339111328125,-0.58670673596589,-0.20590990822637947,0.7831834495611202,right
17,7,718,18.22113459803093,8.565274499350535,-149.59051513671875,-314.0501708984375,177.614990234375,-0.524581691820402,-0.19504818340333396,0.8287160278152609,right
17,8,442,18.234472161874876,9.630586669268546,-139.56109619140625,-307.01654052734375,186.0645751953125,-0.4644152760840233,-0.1746860942802003,0.8682184171076592,right
17,9,8,18.24780972571883,10.695898839186556,-129.919189453125,-298.955078125,193.6763916015625,-0.4068261757879057,-0.1450559806253052,0.9019153093160239,right
17,10,645,18.26114728956278,11.761211009104567,-120.73876953125,-289.913330078125,200.4569091796875,-0.35252028198221363,-0.10662240246658804,0.9297102312459692,right
17,11,41,18.274484853406726,12.826523179022578,-112.103515625,-279.919921875,206.3804931640625,-0.3023528277702491,-0.05917879256560916,0.9513572609959997,right
17,12,729,18.28782241725068,13.89183534894059,-104.065673828125,-269.00537109375,211.44921875,-0.2574571351476479,-0.0027959446069583294,0.9662856752820671,right
17,13,786,18.30115998109463,14.957147518858601,-96.6826171875,-257.166015625,215.6314697265625,-0.2190987003267755,0.06329854347175956,0.9736472944087462,right
18,7,780,19.296073774309015,8.626978194286146,-164.0091552734375,-300.683349609375,172.0458984375,-0.6119841357190343,-0.060344688127050086,0.7885644781773242,right
18,8,781,19.309411338152966,9.69229036420416,-153.92529296875,-294.6260681152344,181.1328125,-0.5517258197552602,-0.047407469292313785,0.8326770992832002,right
18,9,782,19.322748901996917,10.757602534122173,-144.1441650390625,-287.4552001953125,189.327880859375,-0.49322153656092554,-0.024334613266312703,0.8695633056136043,right
18,10,783,19.336086465840868,11.822914704040182,-134.764404296875,-279.222412109375,196.623046875,-0.4374090105194816,0.008510206723301352,0.899222405135623,right
18,11,784,19.349424029684815,12.888226873958192,-125.904052734375,-269.9638671875,202.994873046875,-0.38541772118503326,0.05151241802477627,0.9213032350891733,right
18,12,785,19.36276159352877,13.953539043876205,-117.59765625,-259.7216796875,208.4517822265625,-0.3382913375670882,0.10468606502971467,0.9352004056434453,right
-19,-8,706,-21.389376390629444,-10.010090697230767,95.8712158203125,216.08154296875,-244.57666015625,0.5280501303592272,-0.19529538776914337,-0.8264519171395897,left
-18,-10,389,-20.331615069537236,-12.132001439137257,70.021240234375,243.90185546875,-260.716796875,0.4580542687918908,-0.09618839956386607,-0.8837047462987104,left
-18,-9,769,-20.312391329389158,-11.047130163268383,83.10887145996094,239.61376953125,-252.61572265625,0.5157448019810865,-0.09391482125904393,-0.8515793008154741,left
-18,-8,381,-20.293167589241076,-9.962258887399502,95.29635620117188,234.29638671875,-243.49755859375,0.5709667977223559,-0.09973042416385583,-0.8148930962983891,left
-18,-7,307,-20.273943849092994,-8.87738761153062,106.3890380859375,227.9248046875,-233.494140625,0.6222413367822267,-0.11275738890107401,-0.774662178015475,left
-18,-6,646,-20.254720108944912,-7.792516335661739,116.176513671875,220.43310546875,-222.712646484375,0.6683344209198526,-0.13273776705780957,-0.731921981505018,left
-18,-5,613,-20.23549636879683,-6.70764505979286,124.42431640625,211.787109375,-211.27001953125,0.7082650363496882,-0.15898779398522178,-0.6878106713684278,left
-17,-12,366,-19.273853748445006,-14.253912181043791,37.860595703125,266.172607421875,-268.6865234375,0.3592774341095023,-0.023411894647515853,-0.9329370871225485,left
-17,-11,592,-19.254630008296925,-13.169040905174908,52.5108642578125,264.16845703125,-263.2314453125,0.42088372600364343,-0.006270607790787905,-0.9070929217358187,left
-17,-10,771,-19.235406268148846,-12.08416962930603,66.70782470703125,261.176513671875,-256.548828125,0.4825021470677498,0.001967532515944525,-0.8758925772552306,left
-17,-9,332,-19.21618252800076,-10.99929835343715,80.29156494140625,257.176025390625,-248.74951171875,0.5428488152574323,0.0018162256448263064,-0.8398284736170888,left
-17,-8,710,-19.19695878785268,-9.914427077568266,93.09808349609375,252.1533203125,-239.9951171875,0.6002478082064694,-0.006223152053267976,-0.7997898731053373,left
-17,-7,290,-19.1777350477046,-8.829555801699387,104.94094848632812,246.08056640625,-230.406982421875,0.6533927576914931,-0.021788226851911348,-0.7567054759726239,left
-17,-6,141,-19.15851130755652,-7.744684525830505,115.64190673828125,238.89990234375,-220.0849609375,0.7012175067230705,-0.04430989068510077,-0.7115691405988283,left
-17,-5,505,-19.139287567408438,-6.659813249961625,124.991943359375,230.583984375,-209.14453125,0.7428120690287309,-0.07340467649414532,-0.665463735731742,left
-17,-4,691,-19.120063827260356,-5.574941974092745,132.77294921875,221.07568359375,-197.68603515625,0.7773899540200457,-0.1082263733528214,-0.6196385329364265,left
-16,-13,400,-18.196868687204688,-15.290951647081435,17.501708984375,282.6934814453125,-266.43310546875,0.29966417186416755,0.0495011963489714,-0.952759684107689,left
-16,-12,726,-18.177644947056603,-14.20608037121255,32.67919921875,282.164306640625,-262.47900390625,0.36353479384899867,0.07485711806933933,-0.92856818033762,left
-16,-11,180,-18.158421206908525,-13.121209095343673,47.6165771484375,280.546630859375,-257.14501953125,0.4289612818283194,0.09011206136945746,-0.8988170198032257,left
-16,-10,471,-18.139197466760447,-12.036337819474793,62.1571044921875,277.90576171875,-250.61328125,0.4940721780808416,0.09678925648329083,-0.8640165060204955,left
-16,-9,583,-18.11997372661236,-10.951466543605912,76.1514892578125,274.2216796875,-243.02734375,0.5574412204739181,0.09488918800339244,-0.8247759257620252,left
-16,-8,750,-18.100749986464283,-9.866595267737033,89.46198272705078,269.501708984375,-234.534423828125,0.6175867011293702,0.08508290905699427,-0.7818871818712348,left
-16,-7,64,-18.0815262463162,-8.78172399186815,101.92695617675781,263.718994140625,-225.250244140625,0.6732485135289692,0.06770569589229106,-0.7363099739748022,left
-16,-6,686,-18.06230250616812,-7.696852715999269,113.385009765625,256.86376953125,-215.286376953125,0.7233861554493156,0.04328301240959967,-0.6890856629919163,left
-16,-5,208,-18.043078766020038,-6.611981440130389,123.6534423828125,248.88671875,-204.744384765625,0.7671925999115136,0.012187121535576537,-0.6413010125593825,left
-16,-4,171,-18.023855025871956,-5.527110164261508,132.5426025390625,239.7509765625,-193.719482421875,0.8040745373740475,-0.024939996382672868,-0.5940051640576399,left
-16,-3,743,-18.004631285723878,-4.4422388883926285,139.8460693359375,229.421630859375,-182.3116455078125,0.8335122019595878,-0.06735195727857554,-0.5483804546436939,left
-16,-2,516,-17.985407545575793,-3.357367612523746,145.3258056640625,217.83935546875,-170.615234375,0.8552787289448669,-0.11425339893160925,-0.5054151329818168,left
-15,-13,667,-17.1006598858163,-15.2431198372502,11.093505859375,297.514404296875,-259.005859375,0.2871194993324313,0.14388972419296633,-0.947025944932221,left
-15,-12,664,-17.08143614566821,-14.158248561381317,26.4813232421875,297.44720458984375,-255.04541015625,0.35542525259272917,0.16826074013078224,-0.9194352686024373,left
-15,-11,225,-17.062212405520132,-13.073377285512437,41.6619873046875,296.2508544921875,-249.746826171875,0.42503333835427193,0.18288232986992617,-0.8865104143261773,left
-15,-10,173,-17.042988665372054,-11.988506009643558,56.4898681640625,293.981201171875,-243.30029296875,0.49410952844959904,0.18837013501230582,-0.8487475868188142,left
-15,-9,254,-17.02376492522397,-10.903634733774677,70.83819580078125,290.630126953125,-235.84326171875,0.5610115136654998,0.18539090351973467,-0.8067814415483794,left
-15,-8,564,-17.004541185075887,-9.818763457905796,84.56390380859375,286.22119140625,-227.5234375,0.6243326688341146,0.1743357974482369,-0.7614563338462417,left
-15,-7,85,-16.98531744492781,-8.733892182036916,97.54108810424805,280.7509765625,-218.458984375,0.6828943869597593,0.15564084745496143,-0.7137444800923898,left
-15,-6,95,-16.966093704779727,-7.649020906168033,109.6199951171875,274.2060546875,-208.7586669921875,0.7357614561738868,0.12978474144357874,-0.6646886492917606,left
-15,-5,256,-16.946869964631645,-6.564149630299155,120.6474609375,266.559814453125,-198.5191650390625,0.7822290937972943,0.09730874852015065,-0.615344336350393,left
-15,-4,773,-16.927646224483563,-5.479278354430272,130.46014404296875,257.7978515625,-187.8348388671875,0.8217638717907854,0.058692727086231605,-0.566797408962496,left
-15,-3,285,-16.908422484335482,-4.394407078561391,138.87335205078125,247.8671875,-176.7926025390625,0.8540359124202964,0.014502823398687857,-0.5200118541051716,left
-15,-2,341,-16.8891987441874,-3.3095358026925106,145.68707275390625,236.739013671875,-165.48541259765625,0.8787886465749801,-0.03449225520501676,-0.4759630227042712,left
-15,-1,594,-16.869975004039322,-2.224664526823631,150.67742919921875,224.367919921875,-154.0084228515625,0.8958864016721959,-0.0874302599822885,-0.43559557497554346,left
-15,0,778,-16.850751263891237,-1.1397932509547517,153.59521484375,210.703857421875,-142.46197509765625,0.9053571334313933,-0.14322254326120945,-0.39976963872545523,left
-14,-15,604,-16.04289856472406,-17.365030579156723,-27.415283203125,306.7035675048828,-253.93798828125,0.12714814079938108,0.14805646840715345,-0.9807714476135928,left
-14,-14,72,-16.02367482457598,-16.280159303287846,-11.861572265625,309.7763900756836,-253.18994140625,0.1926258058748562,0.19664343937583792,-0.9613670769594221,left
-14,-13,14,-16.0044510844279,-15.195288027418961,3.77685546875,311.495361328125,-250.68701171875,0.26295371136141954,0.23246430571203391,-0.9363843720668759,left
-14,-12,334,-15.985227344279815,-14.110416751550082,19.3609619140625,311.9580383300781,-246.67333984375,0.33619109879679143,0.25706159439858695,-0.9060324948781155,left
-14,-11,406,-15.966003604131735,-13.025545475681204,34.7529296875,311.2073974609375,-241.355712890625,0.41033134192619175,0.2716014465286051,-0.8705520341005586,left
-14,-10,111,-15.946779863983654,-11.940674199812323,49.82818603515625,309.31243896484375,-234.92626953125,0.483583802790679,0.27672384230291286,-0.8304038901520262,left
-14,-9,610,-15.92755612383557,-10.855802923943441,64.46661376953125,306.3153076171875,-227.533447265625,0.5543937903380433,0.27314290335235897,-0.786155505980122,left
-14,-8,128,-15.908332383687492,-9.77093164807456,78.54385375976562,302.223388671875,-219.3162841796875,0.6212520906120998,0.261294815509915,-0.7387630603229528,left
-14,-7,637,-15.88910864353941,-8.686060372205679,91.94018936157227,297.06298828125,-210.3953857421875,0.6830755473892202,0.24173124562286508,-0.6891834309155549,left
-14,-6,524,-15.869884903391329,-7.6011890963368,104.53227233886719,290.830078125,-200.8792724609375,0.7389904999913812,0.21495571549853804,-0.638503783306724,left
-14,-5,318,-15.850661163243249,-6.516317820467919,116.18548583984375,283.5150146484375,-190.86279296875,0.7883727462178011,0.1814608175802499,-0.587826832242379,left
-14,-4,427,-15.831437423095165,-5.431446544599038,126.75869750976562,275.1007080078125,-180.43212890625,0.8308691713064699,0.14187533275535916,-0.5380778848159958,left
-14,-3,435,-15.812213682947084,-4.346575268730155,136.09603881835938,265.5640869140625,-169.6756591796875,0.8662060793557572,0.09662264131409552,-0.4902561506729062,left
-14,-2,449,-15.792989942799002,-3.2617039928612743,144.0240478515625,254.873779296875,-158.67486572265625,0.8942304709393473,0.04637602582682624,-0.44519785384939004,left
-14,-1,722,-15.77376620265092,-2.176832716992393,150.3494873046875,242.9910888671875,-147.51824951171875,0.9148504269394282,-0.008202491888650134,-0.4037095681991726,left
-14,0,11,-15.754542462502842,-1.0919614411235146,154.857421875,229.880615234375,-136.2998046875,0.9280112823132489,-0.06624917653679761,-0.3666143839342857,left
-14,1,666,-15.73531872235476,-0.007090165254634309,157.30621337890625,215.4959716796875,-125.11941528320312,0.9337794451138727,-0.12670287336430147,-0.3346674913463476,left
-13,-16,62,-14.965913503483742,-18.402070045194364,-51.311767578125,312.8752899169922,-244.08984375,0.01824776341971978,0.16057024095939235,-0.986855722407496,left
-13,-15,782,-14.946689763335662,-17.317198769325486,-35.88037109375,318.33009338378906,-245.20947265625,0.08257573212950838,0.2270305002379796,-0.9703805441294505,left
-13,-14,104,-14.927466023187579,-16.23232749345661,-20.18017578125,322.1963367462158,-244.33251953125,0.15335813137288482,0.2776143955651485,-0.9483730968963714,left
-13,-13,565,-14.9082422830395,-15.14745621758773,-4.3787841796875,324.5828323364258,-241.71533203125,0.22871415506769424,0.31493909006068793,-0.9211423368966475,left
-13,-12,27,-14.889018542891419,-14.062584941718848,11.38232421875,325.59617614746094,-237.61083984375,0.3067993269882604,0.3407604412411552,-0.8886824487097084,left
-13,-11,35,-14.869794802743336,-12.977713665849967,26.9716796875,325.322998046875,-232.234130859375,0.3856019226063855,0.35605101317758964,-0.8511984688058779,left
-13,-10,735,-14.850571062595257,-11.892842389981086,42.26214599609375,323.84051513671875,-225.77197265625,0.46337706650749655,0.3615657848836931,-0.8090438043989622,left
-13,-9,717,-14.831347322447177,-10.807971114112206,57.1494140625,321.1993408203125,-218.380859375,0.5383243679480835,0.35792410936059044,-0.7629529518992142,left
-13,-8,83,-14.812123582299094,-9.723099838243327,71.51873779296875,317.4422607421875,-210.20947265625,0.60903682637805,0.34575127927550414,-0.7138138391728654,left
-13,-7,632,-14.792899842151012,-8.638228562374444,85.26551818847656,312.59136962890625,-201.3701171875,0.6743734204211903,0.3256572759419108,-0.6626973882968897,left
-13,-6,480,-14.77367610200293,-7.5533572865055625,98.27945327758789,306.6656494140625,-191.970703125,0.7335895828988542,0.2982621179694159,-0.6106439493245498,left
-13,-5,300,-14.75445236185485,-6.468486010636682,110.44670104980469,299.66455078125,-182.10650634765625,0.7861202140502721,0.26418241692131245,-0.558768878563551,left
-13,-4,293,-14.735228621706769,-5.383614734767802,121.64700317382812,291.5916748046875,-171.8638916015625,0.8317205268993138,0.223989300543897,-0.5080056676614776,left
-13,-3,18,-14.716004881558687,-4.298743458898921,131.74746704101562,282.427734375,-161.32012939453125,0.8702543043452379,0.17819765789071046,-0.45924181047771684,left
-13,-2,10,-14.696781141410607,-3.2138721830300407,140.5992431640625,272.1510009765625,-150.55584716796875,0.9016729852165967,0.12732537973363475,-0.4132482007296302,left
-13,-1,149,-14.677557401262524,-2.1290009071611595,148.0391845703125,260.736572265625,-139.6510009765625,0.9259427776873758,0.07191959813943688,-0.3707526720767483,left
-13,0,542,-14.658333661114444,-1.04412963129228,153.88229370117188,248.150146484375,-128.68923950195312,0.9430401626042129,0.012660022578297795,-0.33243792735447125,left
-13,1,595,-14.639109920966362,0.04074164457660283,157.92080688476562,234.3570556640625,-117.76522827148438,0.9529621174982472,-0.04964107504137004,-0.2989965991144279,left
-13,2,144,-14.619886180818282,1.1256129204454823,159.9189453125,219.3153076171875,-106.98248291015625,0.9557787680016326,-0.11392000162584487,-0.27112576393041077,left
-12,-16,399,-13.86970470209535,-18.354238235363134,-60.628173828125,322.4517936706543,-235.08251953125,-0.040376235102817466,0.22634217246379776,-0.9732106558208713,left
-12,-15,780,-13.850480961947262,-17.26936695949425,-45.080810546875,328.9054145812988,-236.07080078125,0.029119806022506543,0.29651271312501376,-0.9545848562869909,left
-12,-14,13,-13.831257221799184,-16.18449568362537,-29.251953125,333.60780334472656,-235.043212890625,0.10500219087734382,0.350482513660154,-0.9306645730495052,left
-12,-13,266,-13.812033481651103,-15.099624407756494,-13.30078125,336.7041473388672,-232.2861328125,0.1853116499515788,0.3907891218954205,-0.9016337696650617,left
-12,-12,286,-13.79280974150302,-14.014753131887613,2.620361328125,338.3158950805664,-228.064208984375,0.2681998740931926,0.41887733292753093,-0.8675313294031023,left
-12,-11,537,-13.773586001354943,-12.929881856018733,18.3828125,338.5473937988281,-222.59033203125,0.3517415235419511,0.4357972190439243,-0.8284676725678372,left
-12,-10,697,-13.75436226120686,-11.845010580149852,33.86920166015625,337.5020446777344,-216.0576171875,0.4340543117526874,0.44240396799758214,-0.7847774101927854,left
-12,-9,373,-13.735138521058778,-10.76013930428097,48.97222900390625,335.23760986328125,-208.630615234375,0.5133246503106036,0.43931808688649043,-0.7372227763151996,left
-12,-8,362,-13.715914780910698,-9.67526802841209,63.59149169921875,331.813720703125,-200.4510498046875,0.588089650043338,0.4272643993525512,-0.6867282552493438,left
-12,-7,269,-13.696691040762616,-8.590396752543208,77.63253784179688,327.2744140625,-191.64105224609375,0.6572297736195025,0.4070244097498305,-0.6343344185332049,left
-12,-6,423,-13.677467300614534,-7.505525476674325,90.99716567993164,321.65313720703125,-182.30621337890625,0.7199296410189876,0.3793477988324603,-0.5812026836683043,left
-12,-5,379,-13.658243560466452,-6.420654200805446,103.59014892578125,314.96392822265625,-172.538818359375,0.7758072865344108,0.3449128189086247,-0.5283542386624915,left
-12,-4,669,-13.639019820318373,-5.3357829249365665,115.304443359375,307.21392822265625,-162.42254638671875,0.8246457097023163,0.30442283525454167,-0.4767454151275598,left
-12,-3,174,-13.61979608017029,-4.250911649067685,126.03128051757812,298.40216064453125,-152.033447265625,0.8664499990426217,0.258424277661365,-0.427178290499696,left
-12,-2,577,-13.60057234002221,-3.1660403731988045,135.6455841064453,288.516845703125,-141.44601440429688,0.9012767605449628,0.20740482852559186,-0.38037276191368874,left
-12,-1,563,-13.58134859987413,-2.0811690973299233,144.00997924804688,277.541015625,-130.7335205078125,0.9292037806697329,0.1518087200630197,-0.3369487297822956,left
-12,0,3,-13.562124859726046,-0.9962978214610422,150.96670532226562,265.44805908203125,-119.97285461425781,0.9502643259399984,0.09214866693664756,-0.2975001412228225,left
-12,1,57,-13.542901119577964,0.08857345440783819,156.33847045898438,252.2091064453125,-109.24819946289062,0.9644597538915484,0.02902000248314825,-0.26263134348232714,left
-12,2,182,-13.523677379429886,1.1734447302767186,159.9239501953125,237.79156494140625,-98.65419006347656,0.9717889084806806,-0.03675879669739023,-0.23297018740449957,left
-12,3,297,-13.504453639281802,2.258316006145598,161.49349975585938,222.1572265625,-88.29829406738281,0.9723152609509418,-0.10415178729853941,-0.2091780067894847,left
-11,-16,554,-12.773495900706951,-18.306406425531893,-70.607177734375,330.8297119140625,-225.77880859375,-0.10558735187709468,0.2802063390011845,-0.954115149605715,left
-11,-15,354,-12.754272160558871,-17.221535149663016,-54.96923828125,338.3539123535156,-226.624267578125,-0.03144818177134443,0.3561597815056987,-0.9338957232480988,left
-11,-14,657,-12.735048420410791,-16.136663873794134,-39.0257568359375,343.96238136291504,-225.4521484375,0.04900790651988905,0.41499634821665093,-0.9085022047663847,left
-11,-13,633,-12.71582468026271,-15.051792597925255,-22.9423828125,347.8231086730957,-222.556396484375,0.13380333475509415,0.45928448858201415,-0.8781539877244616,left
-11,-12,585,-12.696600940114628,-13.966921322056377,-6.8726806640625,350.0706615447998,-218.1964111328125,0.2212758765335077,0.49070081127036774,-0.8427631341503559,left
-11,-11,395,-12.677377199966546,-12.882050046187494,9.05059814453125,350.8468379974365,-212.6015625,0.30937774882074537,0.510163208789113,-0.8025078871466644,left
-11,-10,333,-12.658153459818463,-11.797178770318613,24.715087890625,350.25545501708984,-205.9710693359375,0.3961943688937983,0.5186248159435072,-0.7576663661166491,left
-11,-9,294,-12.638929719670385,-10.712307494449735,40.013702392578125,348.3816375732422,-198.4713134765625,0.4798822019802337,0.5167280248041156,-0.7090170806155798,left
-11,-8,89,-12.619705979522303,-9.627436218580854,54.85174560546875,345.3035583496094,-190.248046875,0.5588743412112073,0.5053292368450605,-0.6574966411513657,left
-11,-7,598,-12.600482239374223,-8.542564942711973,69.14192199707031,341.0816955566406,-181.42523193359375,0.6319727055427647,0.4853243580226605,-0.6042108629930867,left
-11,-6,241,-12.581258499226141,-7.457693666843091,82.80168914794922,335.7613525390625,-172.1099853515625,0.6984125830349417,0.45765528081992196,-0.5502467699097371,left
-11,-5,441,-12.56203475907806,-6.372822390974212,95.74494171142578,329.3699035644531,-162.39321899414062,0.7577822451564882,0.42315115549050303,-0.4966982670924514,left
-11,-4,152,-12.542811018929978,-5.287951115105331,107.88333129882812,321.9313049316406,-152.35760498046875,0.8099863271297736,0.38261121144539556,-0.44444438430371264,left
-11,-3,161,-12.523587278781894,-4.203079839236449,119.12531280517578,313.453125,-142.07473754882812,0.855112512779051,0.3366589454235978,-0.39426304031061354,left
-11,-2,233,-12.504363538633816,-3.118208563367569,129.36639404296875,303.93414306640625,-131.61505126953125,0.893344999863486,0.2857944358007995,-0.34677983171489496,left
-11,-1,454,-12.485139798485736,-2.033337287498689,138.49163818359375,293.3658447265625,-121.04597473144531,0.9248571323442695,0.23043909131668652,-0.30255100387384976,left
-11,0,511,-12.465916058337653,-0.9484660116298068,146.37051391601562,281.7332763671875,-110.43814086914062,0.9497793106473269,0.17098084645843162,-0.26207787241704805,left
-11,1,557,-12.446692318189573,0.13640526423907356,152.8533935546875,269.01263427734375,-99.86746215820312,0.9681685402479029,0.10784237217758706,-0.22587540910279685,left
-11,2,521,-12.427468578041493,1.221276540107954,157.7692413330078,255.17709350585938,-89.41881561279297,0.9800208137542308,0.0416000174315325,-0.19449586925739926,left
-11,3,500,-12.40824483789341,2.3061478159768343,160.92202758789062,240.1954345703125,-79.18942642211914,0.9853241077864711,-0.026975242118675243,-0.16854892146624192,left
-11,4,455,-12.38902109774533,3.3910190918457173,162.0877685546875,224.03323364257812,-69.29175186157227,0.9841307881054028,-0.0968418089580922,-0.1486884526140588,left
-10,-17,323,-11.696510839466635,-19.343445891569537,-96.296142578125,326.97821044921875,-213.137451171875,-0.24527570955440087,0.21602863623234453,-0.9450774860455509,left
-10,-16,612,-11.677287099318558,-18.25857461570066,-81.16162109375,337.9615478515625,-216.2568359375,-0.17585788146250786,0.3219043413858997,-0.9302965121532106,left
-10,-15,650,-11.658063359170475,-17.173703339831782,-65.47265625,346.63169860839844,-216.98779296875,-0.0978623418479152,0.40511983650450656,-0.9090109350929744,left
-10,-14,709,-11.638839619022393,-16.0888320639629,-49.442138671875,353.2104721069336,-215.675048828125,-0.013485022677412478,0.47016202713531585,-0.8824770945488615,left
-10,-13,580,-11.619615878874312,-15.003960788094021,-33.243408203125,357.88323974609375,-212.633056640625,0.0754256797204172,0.519754662301285,-0.8509794697022898,left
-10,-12,52,-11.600392138726228,-13.919089512225138,-17.03778076171875,360.82522773742676,-208.1317138671875,0.16701873430112413,0.5554409999679806,-0.8146103595873431,left
-10,-11,243,-11.58116839857815,-12.834218236356259,-0.9630126953125,362.1788101196289,-202.4058837890625,0.2593979838465167,0.5784147783433465,-0.7734009504586734,left
-10,-10,197,-11.561944658430066,-11.74934696048738,14.8602294921875,362.06810188293457,-195.65728759765625,0.35056678072611125,0.5894724589034559,-0.7277534970342939,left
-10,-9,51,-11.542720918281987,-10.664475684618498,30.33489990234375,360.60945892333984,-188.06072998046875,0.4385863999734285,0.5894571233677994,-0.6783673558399657,left
-10,-8,296,-11.523497178133907,-9.579604408749619,45.3682861328125,357.89188385009766,-179.7659912109375,0.5218334021065616,0.5792690868235781,-0.6262086118031829,left
-10,-7,624,-11.504273437985823,-8.494733132880736,59.87767028808594,353.9918670654297,-170.899658203125,0.5990273361354254,0.5599976535823078,-0.5723363334131478,left
-10,-6,212,-11.485049697837743,-7.4098618570118555,73.78829956054688,348.96923828125,-161.56900024414062,0.6693363321959007,0.5326977156234634,-0.5179015525870554,left
-10,-5,342,-11.465825957689662,-6.324990581142975,87.0259017944336,342.8701171875,-151.86651611328125,0.7323808876171066,0.4984047664031221,-0.4639083145189666,left
-10,-4,593,-11.446602217541582,-5.240119305274096,99.51524353027344,335.7264404296875,-141.87161254882812,0.7880850489830713,0.45802500561128145,-0.4112603187813474,left
-10,-3,544,-11.427378477393502,-4.1552480294052145,111.1800308227539,327.559326171875,-131.65528869628906,0.8366186501009609,0.4123081850044976,-0.36065384356962454,left
-10,-2,231,-11.408154737245418,-3.070376753536333,121.9345932006836,318.38134765625,-121.28343200683594,0.8782467319074639,0.3618209056683375,-0.31267924477842013,left
-10,-1,578,-11.388930997097338,-1.9855054776674517,131.6847152709961,308.1920471191406,-110.8188705444336,0.9132609447657062,0.3069857811785625,-0.2677950278101477,left
-10,0,44,-11.369707256949257,-0.9006342017985715,140.32257080078125,296.98406982421875,-100.32573699951172,0.9418921268762127,0.24812765511405502,-0.22643296601026364,left
-10,1,328,-11.350483516801175,0.18423707407030804,147.72445678710938,284.7430419921875,-89.87256622314453,0.9642820731008099,0.1855561944772503,-0.1890211157186551,left
-10,2,682,-11.331259776653093,1.2691083499391893,153.74745178222656,271.4478759765625,-79.53542709350586,0.9804788395539191,0.11964648665378137,-0.15603193076548985,left
-10,3,698,-11.312036036505011,2.3539796258080705,158.22608184814453,257.0730743408203,-69.40145111083984,0.9904639477724206,0.050928037692907956,-0.1280136834085381,left
-10,4,268,-11.292812296356932,3.4388509016769495,160.96930694580078,241.5884246826172,-59.572160720825195,0.9942120403174692,-0.019841664840805222,-0.10558753346924986,left
-10,5,461,-11.27358855620885,4.523722177545831,161.75772857666016,224.96157836914062,-50.166378021240234,0.9917682750194594,-0.09163670705930066,-0.08943378882868559,left
-10,6,535,-11.25436481606077,5.608593453414714,160.3399429321289,207.1583709716797,-41.32403373718262,0.9833314988493576,-0.1631551424986787,-0.08024688683625995,left
-9,-16,708,-10.58107829793016,-18.210742805869426,-92.2139892578125,343.78619384765625,-206.58447265625,-0.24946342412916653,0.3504717898466369,-0.9027389016451248,left
-9,-15,725,-10.56185455778208,-17.125871530000545,-76.5169677734375,353.6926574707031,-207.219970703125,-0.1685608590129875,0.4426614126804213,-0.8807031909403856,left
-9,-14,603,-10.542630817633999,-16.041000254131664,-60.4293212890625,361.31028747558594,-205.7860107421875,-0.08103589293703732,0.5153289803784247,-0.853152522142454,left
-9,-13,520,-10.523407077485917,-14.956128978262788,-44.14544677734375,366.8648567199707,-202.6090087890625,0.011221772877832334,0.5712577366911507,-0.820694017331662,left
-9,-12,681,-10.504183337337833,-13.871257702393905,-27.82843017578125,370.5420563220978,-197.9639892578125,0.10645816038032807,0.6123118151544906,-0.7834161736335606,left
-9,-11,525,-10.484959597189752,-12.786386426525024,-11.62188720703125,372.51307487487793,-192.102783203125,0.20264656159336414,0.6396394997998393,-0.7414820843217982,left
-9,-10,606,-10.465735857041674,-11.701515150656146,4.3514404296875,372.9224901199341,-185.22662353515625,0.2978332945505274,0.6541477071960119,-0.6952597398292091,left
-9,-9,169,-10.446512116893594,-10.616643874787265,19.990203857421875,371.9039783477783,-177.51971435546875,0.39000370499109666,0.6567306517916194,-0.6454471016981737,left
-9,-8,167,-10.42728837674551,-9.531772598918382,35.201202392578125,369.5624580383301,-169.13455200195312,0.47743396398159094,0.6484408625956573,-0.5929428789968094,left
-9,-7,548,-10.408064636597429,-8.446901323049504,49.90667724609375,365.9911193847656,-160.20172119140625,0.5587577019409238,0.6304233587916551,-0.5388471204447007,left
-9,-6,331,-10.388840896449347,-7.362030047180623,64.0359115600586,361.26786041259766,-150.82949829101562,0.6330737704280418,0.6039417991179006,-0.4842229904437175,left
-9,-5,446,-10.369617156301267,-6.277158771311742,77.52413940429688,355.4526824951172,-141.11228942871094,0.6999366954768405,0.5701823512068563,-0.43009383708346915,left
-9,-4,114,-10.350393416153187,-5.192287495442861,90.30830812454224,348.59153747558594,-131.1286163330078,0.7592909735498204,0.530210456314809,-0.3772984090878304,left
-9,-3,345,-10.331169676005105,-4.10741621957398,102.32270050048828,340.7190399169922,-120.94795227050781,0.8113269479476948,0.48491989235829974,-0.32649851688651466,left
-9,-2,20,-10.311945935857024,-3.022544943705098,113.49894332885742,331.8564147949219,-110.63261413574219,0.8563869175968707,0.4349662848239175,-0.2782189397496319,left
-9,-1,444,-10.292722195708942,-1.9376736678362168,123.7606201171875,322.0153045654297,-100.24147033691406,0.894846619286432,0.3808233598916181,-0.23285853326108202,left
-9,0,470,-10.27349845556086,-0.852802391967337,133.02057647705078,311.1976013183594,-89.83309555053711,0.9270389382176212,0.3228072681772144,-0.19077283517395674,left
-9,1,566,-10.25427471541278,0.2320688839015443,141.17818450927734,299.3963623046875,-79.46903610229492,0.9532040629549221,0.26116008853864964,-0.1523070008919932,left
-9,2,137,-10.235050975264699,1.3169401597704238,148.115966796875,286.59815979003906,-69.21750259399414,0.9734707501149378,0.19612288842536096,-0.11785801333110074,left
-9,3,635,-10.215827235116619,2.401811435639304,153.6965217590332,272.78273010253906,-59.156246185302734,0.9878675522801863,0.12802704544383478,-0.08790207498617691,left
-9,4,371,-10.196603494968537,3.4866827115081853,157.75944900512695,257.9251937866211,-49.375996589660645,0.9963622072840264,0.05737588390582188,-0.06301079147359268,left
-9,5,363,-10.177379754820455,4.571553987377065,160.11812591552734,241.99691009521484,-39.98393201828003,0.9989242921410313,-0.015089591254458735,-0.04384703874052299,left
-9,6,277,-10.158156014672374,5.656425263245945,160.5566749572754,224.9662628173828,-31.10691624879837,0.9956022640705886,-0.08835571743416275,-0.03113517262217296,left
-9,7,107,-10.138932274524292,6.741296539114826,158.82679557800293,206.80020904541016,-22.894678950309753,0.9865982992874603,-0.16114504789835685,-0.02561385134896867,left
-8,-15,671,-9.465645756393682,-17.07803972016931,-88.0262451171875,359.4797058105469,-197.364501953125,-0.24226450682460568,0.4682747949526698,-0.8497214985776608,left
-8,-14,135,-9.446422016245604,-15.993168444300434,-71.931396484375,368.21929931640625,-195.8372802734375,-0.15246199121731827,0.5497525853513865,-0.8212961926939129,left
-8,-13,676,-9.427198276097519,-14.908297168431547,-55.5946044921875,374.7216491699219,-192.539794921875,-0.057519805488392264,0.6131965650110829,-0.7878333863420529,left
-8,-12,467,-9.407974535949439,-13.82342589256267,-39.18670654296875,379.1972961425781,-187.7669677734375,0.04065091433142936,0.6605230729086616,-0.749704457315893,left
-8,-11,401,-9.388750795801357,-12.738554616693788,-22.8665771484375,381.83441734313965,-181.76861572265625,0.14012875694378835,0.6930818865598365,-0.7071077923485547,left
-8,-10,611,-9.369527055653277,-11.653683340824909,-6.758819580078125,382.80266857147217,-174.764892578125,0.23886681495373194,0.7118342100417892,-0.6604806599197599,left
-8,-9,351,-9.350303315505196,-10.56881206495603,9.0281982421875,382.2488718032837,-166.93936157226562,0.3348502150986797,0.7177970356581853,-0.6104447141622981,left
-8,-8,533,-9.331079575357116,-9.483940789087148,24.402511596679688,380.3045744895935,-158.4525146484375,0.4262741847970246,0.712067566145539,-0.5578979302876115,left
-8,-7,436,-9.311855835209034,-8.399069513218267,39.28526306152344,377.07592582702637,-149.4365692138672,0.5116530758812438,0.6959489391972628,-0.5038513709135531,left
-8,-6,139,-9.292632095060952,-7.314198237349386,53.610633850097656,372.65676498413086,-140.00552368164062,0.590002045517839,0.6708059472126789,-0.4493517191119518,left
-8,-5,56,-9.273408354912872,-6.2293269614805045,67.31793975830078,367.1229934692383,-130.2527618408203,0.6607972073154005,0.6379969622221565,-0.395356708555031,left
-8,-4,249,-9.254184614764789,-5.144455685611623,80.35257053375244,360.5344467163086,-120.25775909423828,0.7239298205415097,0.5987551075461993,-0.34266300663782917,left
-8,-3,185,-9.234960874616709,-4.059584409742744,92.66007041931152,352.9384994506836,-110.08883666992188,0.7795929991242785,0.5541062818849358,-0.29189207610359075,left
-8,-2,600,-9.215737134468627,-2.974713133873862,104.18487739562988,344.3686218261719,-99.80621719360352,0.8281561933484695,0.504837517105029,-0.2435085229346231,left
-8,-1,484,-9.196513394320545,-1.8898418580049814,114.8661117553711,334.84688568115234,-89.46477890014648,0.8700562295067449,0.45150267404174377,-0.19785725366956264,left
-8,0,481,-9.177289654172464,-0.8049705821361007,124.63478088378906,324.38492584228516,-79.11833190917969,0.9057084717852929,0.3944588144338896,-0.15522373482093457,left
-8,1,312,-9.158065914024382,0.27990069373277965,133.41082382202148,312.9844055175781,-68.82241821289062,0.9354477398625907,0.3339291547080662,-0.11588289615783448,left
-8,2,205,-9.138842173876304,1.36477196960166,141.0997428894043,300.63897705078125,-58.637712478637695,0.9594958568564581,0.27007926749436195,-0.0801554112022409,left
-8,3,369,-9.11961843372822,2.44964324547054,147.58962440490723,287.33509826660156,-48.63326644897461,0.9779586670465913,0.20310126038132445,-0.0484429930946881,left
-8,4,219,-9.10039469358014,3.5345145213394225,152.74800872802734,273.0530433654785,-38.89005136489868,0.990848289579727,0.13329614696439712,-0.021255687271298958,left
-8,5,420,-9.081170953432059,4.619385797208302,156.4186954498291,257.76819229125977,-29.50402057170868,0.9981282349490447,0.061150720557688935,0.0007848393339151469,left
-8,6,665,-9.061947213283977,5.7042570730771835,158.41866874694824,241.45215606689453,-20.5895357131958,0.9997767002425016,-0.012608089525508619,0.016958352830736746,left
-8,7,491,-9.042723473135895,6.789128348946064,158.53500843048096,224.073823928833,-12.28273320198059,0.9958570891197494,-0.08699018114140025,0.026483323713728323,left
-8,8,153,-9.023499732987815,7.873999624814942,156.5216989517212,205.60059547424316,-4.744701027870178,0.9865799356567536,-0.16076072245436984,0.028566075604907707,left
-7,-15,48,-8.36943695500529,-17.030207910338078,-99.91217041015625,363.94415283203125,-187.4483642578125,-0.31772828372039696,0.48121105968372646,-0.8169973401193886,left
-7,-14,558,-8.350213214857204,-15.945336634469195,-83.8719482421875,373.8969421386719,-185.85552978515625,-0.22652575197326266,0.5729210375436807,-0.7876849423677087,left
-7,-13,460,-8.330989474709128,-14.860465358600313,-67.52618408203125,381.42359924316406,-182.46575927734375,-0.12967232212909083,0.6449405067196631,-0.7531512674528494,left
-7,-12,397,-8.311765734561044,-13.775594082731436,-51.065826416015625,386.7598876953125,-177.580078125,-0.029231462095988058,0.6994509843399861,-0.7140825177313581,left
-7,-11,142,-8.292541994412964,-12.690722806862555,-34.655181884765625,390.1188278198242,-171.45895385742188,0.07287939446675411,0.7380383803440539,-0.6708114064334959,left
-7,-10,617,-8.27331825426488,-11.605851530993672,-18.4300537109375,391.68976306915283,-164.328857421875,0.17461999770822567,0.7618230858893491,-0.6238056125159573,left
-7,-9,640,-8.2540945141168,-10.52098025512479,-2.508209228515625,391.6398949623108,-156.3853759765625,0.27395788045341146,0.7718891846537823,-0.5737021582249743,left
-7,-8,387,-8.234870773968721,-9.436108979255911,13.016204833984375,390.11726665496826,-147.79136657714844,0.3690207532669038,0.769465737437039,-0.5212927800850503,left
-7,-7,571,-8.215647033820638,-8.35123770338703,28.06360626220703,387.2484347820282,-138.68496704101562,0.45825997800192625,0.7559126051149254,-0.4675402934400852,left
-7,-6,129,-8.196423293672558,-7.26636642751815,42.566680908203125,383.14196968078613,-129.18187713623047,0.5405727000641627,0.7327160181108004,-0.4134106829161457,left
-7,-5,506,-8.177199553524476,-6.18149515164927,56.46971893310547,377.89009284973145,-119.37908935546875,0.6153286765540195,0.7013683082116154,-0.3597959366733528,left
-7,-4,262,-8.157975813376396,-5.096623875780389,69.72287082672119,371.56765365600586,-109.35678100585938,0.6823396507629614,0.6632480177771833,-0.3074323794126393,left
-7,-3,100,-8.138752073228313,-4.011752599911507,82.28036642074585,364.2344970703125,-99.1826057434082,0.7417468500735199,0.6195295689130018,-0.2568943822828392,left
-7,-2,450,-8.119528333080233,-2.926881324042627,94.09674167633057,355.93688201904297,-88.9148063659668,0.7939107305812401,0.5711332438882759,-0.20859666726392553,left
-7,-1,416,-8.10030459293215,-1.8420100481737451,105.1243724822998,346.7078399658203,-78.60577583312988,0.8392941887699112,0.5187203877578164,-0.16283250296374302,left
-7,0,678,-8.08108085278407,-0.7571387723048663,115.30976676940918,336.56888580322266,-68.30491065979004,0.8783672098740213,0.4627222924617385,-0.11982956512096815,left
-7,1,716,-8.06185711263599,0.32773250356401545,124.59085464477539,325.5307960510254,-58.06223773956299,0.9115414011687009,0.4033910118025746,-0.07979953353433147,left
-7,2,109,-8.042633372487908,1.4126037794328963,132.89362144470215,313.5952033996582,-47.93175983428955,0.9391265828373644,0.340870726138444,-0.042993132824498445,left
-7,3,316,-8.023409632339826,2.497475055301777,140.129075050354,300.7551460266113,-37.974605321884155,0.9613167200794186,0.2752731285791098,-0.009740039939225596,left
-7,4,459,-8.004185892191744,3.5823463311706583,146.19011402130127,286.99660873413086,-28.2624089717865,0.9781973430381715,0.20675815516472748,0.019519819311158242,left
-7,5,81,-7.984962152043664,4.667217607039538,150.94841957092285,272.29956245422363,-18.880669571459293,0.9897747712649932,0.13561106300084755,0.04422150787920404,left
-7,6,655,-7.9657384118955825,5.752088882908418,154.25131464004517,256.63908767700195,-9.931997895240784,0.9960235533947839,0.06230703619704643,0.06367820917054709,left
-7,7,730,-7.946514671747501,6.836960158777298,155.91866779327393,239.9864673614502,-1.5394690036773682,0.9969453829222964,-0.012447091405233408,0.07710365351567845,left
-7,8,620,-7.927290931599421,7.92183143464618,155.7397541999817,222.31038904190063,6.1500483751297,0.9926282585996453,-0.08770104945216507,0.08365205409566945,left
-7,9,781,-7.908067191451338,9.006702710515059,153.47011816501617,203.57805514335632,12.962613821029663,0.9832913081943483,-0.16228698199731187,0.08246901662837423,left
-7,10,785,-7.8888434513032575,10.09157398638394,148.82852249592543,183.75629258155823,18.693866968154907,0.9693000855839496,-0.23487445516315086,0.07274155895195619,left
-6,-15,4,-7.273228153616891,-16.982376100506837,-112.07440185546875,367.03265380859375,-177.47412109375,-0.3937428846814758,0.48102956013806086,-0.7833116257506293,left
-6,-14,368,-7.254004413468811,-15.897504824637961,-96.1634521484375,378.29443359375,-175.85833740234375,-0.30222357208829376,0.5842725103850993,-0.7531842710004543,left
-6,-13,619,-7.234780673320732,-14.812633548769083,-79.8699951171875,386.9299621582031,-172.4053955078125,-0.20424374857897046,0.6659589961768897,-0.7174838719981653,left
-6,-12,385,-7.215556933172649,-13.727762272900199,-63.39996337890625,393.202880859375,-167.42868041992188,-0.10217189652985827,0.7285793542581315,-0.6772983302122457,left
-6,-11,474,-7.196333193024566,-12.64289099703132,-46.93402099609375,397.34571838378906,-161.20144653320312,0.0019412289190961635,0.7739616693006264,-0.6332294734799317,left
-6,-10,16,-7.1771094528764845,-11.558019721162438,-30.618820190429688,399.57097244262695,-153.9581298828125,0.10606056160751792,0.8034842167666254,-0.5858022453681964,left
-6,-9,344,-7.157885712728405,-10.473148445293559,-14.57861328125,400.0661268234253,-145.90040588378906,0.20819065292137096,0.8183855506132354,-0.5356320962971177,left
-6,-8,251,-7.138661972580325,-9.388277169424677,1.0819778442382812,398.99758768081665,-137.19998168945312,0.3064415513313888,0.8199739966792186,-0.4834627393993468,left
-6,-7,754,-7.119438232432242,-8.303405893555796,16.28101348876953,396.5112929344177,-127.99919128417969,0.3992092444161444,0.8096923525763046,-0.43015145396957616,left
-6,-6,199,-7.100214492284161,-7.218534617686915,30.949169158935547,392.73248809576035,-118.4187240600586,0.4852891600342724,0.7891063006974408,-0.37657094597543034,left
-6,-5,656,-7.0809907521360795,-6.133663341818034,45.030935287475586,387.76861667633057,-108.557373046875,0.5639383754692355,0.7598084458094494,-0.32351914062347004,left
-6,-4,96,-7.061767011988,-5.048792065949154,58.479830741882324,381.7098264694214,-98.4970703125,0.6348541138830358,0.723295272551801,-0.27166928937589024,left
-6,-3,452,-7.042543271839917,-3.9639207900802718,71.2554292678833,374.6299076080322,-88.3057975769043,0.6980898309729383,0.6808753663587739,-0.22153853700424236,left
-6,-2,740,-7.023319531691836,-2.8790495142113914,83.32054471969604,366.58752250671387,-78.04088020324707,0.7539551036715701,0.6336030507922429,-0.1734902754460734,left
-6,-1,483,-7.004095791543755,-1.7941782383425107,94.63789749145508,357.6273250579834,-67.75220775604248,0.8028984427735695,0.5822614150166183,-0.1277722003200314,left
-6,0,382,-6.984872051395675,-0.70930696247363,105.16709041595459,347.78135681152344,-57.48574733734131,0.8454113699795613,0.5273792576503468,-0.08456201339520257,left
-6,1,158,-6.965648311247593,0.37556431339525126,114.86139583587646,337.06983757019043,-47.286784172058105,0.8819544156755132,0.46927464274548564,-0.04401952233453637,left
-6,2,49,-6.946424571099511,1.4604355892641325,123.66474533081055,325.50249099731445,-37.20320987701416,0.912908696863318,0.408114679545681,-0.006333997998495116,left
-6,3,391,-6.9272008309514295,2.5453068651330115,131.50851202011108,313.07969856262207,-27.288854837417603,0.9385502663997614,0.34398602526794364,0.028231398500584207,left
-6,4,204,-6.9079770908033495,3.6301781410018914,138.30845022201538,299.793493270874,-17.606793746352196,0.959047165176123,0.27696796381514555,0.059306677429566676,left
-6,5,758,-6.888753350655268,4.715049416870771,143.9615457057953,285.62882471084595,-8.232680559158325,0.9744751215302591,0.20720616912872075,0.08639352402574334,left
-6,6,512,-6.869529610507187,5.7999206927396525,148.34292006492615,270.56464767456055,0.7419368922710419,0.9848505037322012,0.1349785137625267,0.10885901947422134,left
-6,7,497,-6.850305870359104,6.884791968608532,151.3026760816574,254.5750756263733,9.20633465051651,0.9901754450082724,0.06074653483336942,0.12594620521638603,left
-6,8,291,-6.8310821302110245,7.969663244477413,152.66280549764633,237.63048589229584,17.027237474918365,0.9904877769976366,-0.0148160312870331,0.13680076328435392,left
-6,9,313,-6.811858390062944,9.054534520346293,152.21405765414238,219.69869589805603,24.045573353767395,0.9859046386498579,-0.09082229014838487,0.14051104974661535,left
-6,10,321,-6.792634649914863,10.139405796215176,149.71282541751862,200.74604511260986,30.073099851608276,0.9766468793168874,-0.16620185788760314,0.13615364686740528,left
-5,-14,411,-6.157795612080414,-15.849673014806726,-108.71267700195312,381.35675048828125,-165.84637451171875,-0.3786355271723763,0.5833600953415817,-0.7185583739168012,left
-5,-13,761,-6.138571871932333,-14.764801738937846,-92.547119140625,391.1985778808594,-162.36468505859375,-0.28029472994683036,0.6759032772917634,-0.6816081162297637,left
-5,-12,258,-6.119348131784251,-13.679930463068962,-76.12763977050781,398.48826599121094,-157.3258056640625,-0.17725127650190237,0.7475362499855938,-0.6401340015464902,left
-5,-11,23,-6.10012439163617,-12.595059187200084,-59.64979553222656,403.4879608154297,-151.01287841796875,-0.07174852450031115,0.8004714757768799,-0.5950609764550286,left
-5,-10,634,-6.08090065148809,-11.510187911331203,-43.27604675292969,406.42769622802734,-143.67079162597656,0.0341461845948964,0.8363966067572024,-0.547060101161334,left
-5,-9,741,-6.061676911340007,-10.425316635462321,-27.142677307128906,407.5175437927246,-135.50987243652344,0.1384679727783705,0.8567819851971111,-0.49674062684296894,left
-5,-8,67,-6.042453171191928,-9.34044535959344,-11.362434387207031,406.9432611465454,-126.70840454101562,0.23935944450350669,0.8630518040432588,-0.4448017984053675,left
-5,-7,98,-6.023229431043845,-8.255574083724559,3.9749488830566406,404.8690850138664,-117.41561126708984,0.3352036755910063,0.8567326139786718,-0.3919792392659995,left
-5,-6,191,-6.004005690895765,-7.17070280785568,18.796493530273438,401.43799090385437,-107.75580978393555,0.4247244394605086,0.8394433124947067,-0.3390340331484005,left
-5,-5,526,-5.984781950747684,-6.085831531986798,33.0443115234375,396.77394065260887,-97.83184051513672,0.5070746426820046,0.8128351299235556,-0.28666070241851044,left
-5,-4,549,-5.965558210599602,-5.000960256117918,46.672478675842285,390.9820466041565,-87.72771644592285,0.5818201531858646,0.778491350482446,-0.23544962639765352,left
-5,-3,270,-5.946334470451521,-3.9160889802490364,59.643733739852905,384.150381565094,-77.51222705841064,0.6489039377193887,0.7378239571054487,-0.18584802375470347,left
-5,-2,124,-5.927110730303439,-2.831217704380155,71.92632842063904,376.35067653656006,-67.24238014221191,0.7085427582534926,0.6920089271574135,-0.13816947731311147,left
-5,-1,220,-5.907886990155359,-1.7463464285112744,83.490962266922,367.6396656036377,-56.966506481170654,0.7611309365323793,0.6419510908762164,-0.09262016182332657,left
-5,0,77,-5.888663250007277,-0.6614751526423946,94.3076171875,358.0601863861084,-46.72772216796875,0.8071424076502641,0.5882915675006228,-0.04933726157981514,left
-5,1,213,-5.8694395098591965,0.4233961232264866,104.34248328208923,347.6422805786133,-36.56718921661377,0.8470546343947917,0.5314388843558117,-0.008435552439286209,left
-5,2,591,-5.850215769711115,1.5082673990953661,113.5548357963562,336.4043855667114,-26.527408063411713,0.8812933234735294,0.47161990256549136,0.029945709293613374,left
-5,3,602,-5.830992029563034,2.593138674964248,121.89388799667358,324.3544445037842,-16.655579671263695,0.9101996565593239,0.4089413437327926,0.06560154407715402,left
-5,4,552,-5.811768289414953,3.6780099508331285,129.29568302631378,311.4910304546356,-7.006890043616295,0.9340178511743814,0.3434561616168395,0.0982268737923507,left
-5,5,458,-5.7925445492668715,4.762881226702008,135.67997527122498,297.8044991493225,2.3521571159362793,0.9529005004892356,0.2752307619659926,0.12739177302708157,left
-5,6,325,-5.77332080911879,5.84775250257089,140.94710958003998,283.2781203985214,11.340435475111008,0.9669293760938082,0.20440784407293403,0.1525287347626464,left
-5,7,198,-5.75409706897071,6.93262377843977,144.9748960584402,267.8892202153802,19.858871072530746,0.9761479896092862,0.13125918603049821,0.1729338846622023,left
-5,8,517,-5.734873328822628,8.01749505430865,147.61549070477486,251.61030650138855,27.787134528160095,0.9806002846342659,0.05622246083313037,0.1877820989153757,left
-5,9,88,-5.715649588674548,9.10236633017753,148.69228899478912,234.41021013259888,34.98032832145691,0.9803673326422608,-0.02008325961224444,0.19615441817926452,left
-5,10,488,-5.6964258485264665,10.187237606046411,147.9967679977417,216.25523948669434,41.26565456390381,0.9755915675578563,-0.09686594452895148,0.19707379861493185,left
-5,11,779,-5.677202108378385,11.272108881915289,145.28538274765015,197.1102638244629,46.43912887573242,0.966478845912169,-0.1731859838042194,0.18953958799693169,left
-4,-14,134,-5.061586810692016,-15.801841204975487,-121.40846252441406,383.02239990234375,-155.8131103515625,-0.4550009164746498,0.5695369076730775,-0.6845450144478572,left
-4,-13,733,-5.042363070543937,-14.71696992910661,-105.46498107910156,394.1740417480469,-152.34127807617188,-0.35721688676046404,0.6742745931456139,-0.6463357245669458,left
-4,-12,596,-5.023139330395857,-13.632098653237728,-89.17027282714844,402.5762634277344,-147.27188110351562,-0.2537763731754249,0.7560012472073877,-0.6033735713791266,left
-4,-11,247,-5.003915590247775,-12.547227377368847,-72.73883056640625,408.51097106933594,-140.89820861816406,-0.14740290777291667,0.8172909677815022,-0.5570528312133999,left
-4,-10,151,-4.9846918500996935,-11.462356101499966,-56.350860595703125,412.23511505126953,-133.47738647460938,-0.04027710342136381,0.8602771148879658,-0.5082332540674828,left
-4,-9,530,-4.965468109951612,-10.377484825631086,-40.15608215332031,413.9775695800781,-125.22721099853516,0.06565447110474543,0.886736469118356,-0.45758925332602274,left
-4,-8,403,-4.946244369803531,-9.292613549762205,-24.279071807861328,413.94579124450684,-116.33415603637695,0.16860401930049623,0.8982957232717598,-0.4057554414020639,left
-4,-7,723,-4.927020629655449,-8.207742273893324,-8.819648742675781,412.321328163147,-106.95429992675781,0.2669862031683915,0.8965773325694948,-0.3533658925820316,left
-4,-6,24,-4.9077968895073685,-7.122870998024443,6.14271354675293,409.26583421230316,-97.21747970581055,0.35950457317692713,0.8832471982357353,-0.30104957843119345,left
-4,-5,74,-4.888573149359287,-6.037999722155563,20.54558277130127,404.9199563860893,-87.23040580749512,0.44522990599902407,0.8599871270012492,-0.2493841859385582,left
-4,-4,433,-4.869349409211206,-4.953128446286682,34.34105110168457,399.40452179312706,-77.07992458343506,0.5236154575804226,0.8284215974133261,-0.19885801347191828,left
-4,-3,361,-4.850125669063124,-3.8682571704177997,47.492300510406494,392.82211804389954,-66.83654642105103,0.5944690944473586,0.7900334759213173,-0.14984526242300356,left
-4,-2,146,-4.830901928915043,-2.78338589454892,59.97050201892853,385.25805711746216,-56.55753707885742,0.6578906116864024,0.746091154444624,-0.10260571287398974,left
-4,-1,17,-4.811678188766963,-1.6985146186800393,71.75174051523209,376.7814178466797,-46.29032588005066,0.7141827030694585,0.6976097589635013,-0.057303497583371256,left
-4,0,766,-4.792454448618882,-0.6136433428111582,82.8139077425003,367.44637393951416,-36.07583844661713,0.7637633307236916,0.6453436530240088,-0.014040802807550346,left
-4,1,15,-4.7732307084708,0.4712279330577222,93.13353359699249,357.29319167137146,-25.951770842075348,0.8070899060144422,0.5898061888321081,0.02710245791330344,left
-4,2,272,-4.754006968322719,1.5560992089266028,102.6826902627945,346.34942078590393,-15.955945879220963,0.8446009488707127,0.5313093974183849,0.06602697465130992,left
-4,3,203,-4.734783228174638,2.640970484795484,111.42587298154831,334.6310213804245,-6.129593875724822,0.8766773863340124,0.4700159980388274,0.10257544481078196,left
-4,4,464,-4.715559488026557,3.725841760664365,119.31687021255493,322.1434916853905,3.479313738644123,0.9036225826908827,0.4059977820592355,0.13649919052522036,left
-4,5,597,-4.696335747878475,4.810713036533244,126.2956513762474,308.8830201923847,12.812755718827248,0.9256591817240706,0.3392955272296361,0.16743244754792047,left
-4,6,229,-4.677112007730394,5.895584312402124,132.2852389663458,294.8376121073961,21.799336954951286,0.9429401292755932,0.2699763017174106,0.1948761378740796,left
-4,7,327,-4.6578882675823134,6.980455588271006,137.18859750032425,279.9882243871689,30.350983202457428,0.9555706388606121,0.19818337268526923,0.21819281596471746,left
-4,8,274,-4.638664527434232,8.065326864139887,140.88549864292145,264.3099184036255,38.35961830615997,0.9636364056109697,0.1241741862755825,0.2366128678748636,left
-4,9,304,-4.61944078728615,9.150198140008767,143.22942352294922,247.77298259735107,45.693854570388794,0.9672314906585091,0.048342263749393044,0.24925141727601616,left
-4,10,727,-4.600217047138068,10.235069415877648,144.04440021514893,230.34405899047852,52.195658683776855,0.9664780878905198,-0.028779526351127387,0.2551310339619418,left
-4,11,159,-4.580993306989988,11.319940691746531,143.12192153930664,211.98720169067383,57.677083015441895,0.9615288953245468,-0.10652942135355843,0.2532067650005283,left
-3,-13,179,-3.9461542691555396,-14.669138119275372,-118.5180892944336,395.7913818359375,-142.32730102539062,-0.43445381322780224,0.6605361005353662,-0.6123250313855827,left
-3,-12,183,-3.9269305290074596,-13.584266843406493,-102.44132995605469,405.40875244140625,-137.26129150390625,-0.3312549878440616,0.7536098775683135,-0.5677519576891851,left
-3,-11,674,-3.907706788859376,-12.49939556753761,-86.13005828857422,412.371826171875,-130.8563995361328,-0.22445742712345007,0.8242019025083304,-0.5199135383030238,left
-3,-10,513,-3.888483048711297,-11.41452429166873,-69.78353500366211,416.9593048095703,-123.37835693359375,-0.11653809147598895,0.8749464650382919,-0.4699867621030737,left
-3,-9,108,-3.8692593085632145,-10.329653015799847,-53.57024002075195,419.42335510253906,-115.05581283569336,-0.009496369267487176,0.9080510430620461,-0.4187518622820271,left
-3,-8,419,-3.8500355684151337,-9.244781739930968,-37.627540588378906,419.99000549316406,-106.08341217041016,0.09495034535595058,0.9254370604993186,-0.36681150332448165,left
-3,-7,431,-3.8308118282670534,-8.159910464062088,-22.067726135253906,418.8617534637451,-96.62491035461426,0.1952983416452129,0.9288833676249422,-0.31469707196028407,left
-3,-6,540,-3.811588088118972,-7.075039188193209,-6.979987144470215,416.2178797721863,-86.81586265563965,0.29028447116575845,0.9201174470707107,-0.26290456328503287,left
-3,-5,116,-3.7923643479708904,-5.990167912324328,7.566525459289551,412.21633529663086,-76.76782989501953,0.3789481309698516,0.9008350548108841,-0.21188326516817646,left
-3,-4,157,-3.773140607822809,-4.905296636455446,21.519218921661377,406.9941304028034,-66.57128381729126,0.4606513650628349,0.8726699291157002,-0.1620108474237007,left
-3,-3,757,-3.7539168676747283,-3.820425360586565,34.83922815322876,400.66883404552937,-56.29891610145569,0.5350796926769039,0.8371319516443172,-0.11357736579515684,left
-3,-2,194,-3.7346931275266475,-2.735554084717684,47.49812704324722,393.33961886167526,-46.0090115070343,0.6021999712708,0.7955470986081427,-0.06678329504908961,left
-3,-1,181,-3.7154693873785654,-1.6506828088488035,59.47485572099686,385.0884681940079,-35.74876141548157,0.6621956857544338,0.7490151837878978,-0.0217515108302164,left
-3,0,26,-3.696245647230485,-0.5658115329799233,70.75261333584785,375.98123943805695,-25.557572156190872,0.7153937491825468,0.6983923125649459,0.021446710254160926,left
-3,1,529,-3.6770219070824037,0.519059742888958,81.3157257437706,366.06884717941284,-15.470380306243896,0.7621946281852479,0.6442985947803703,0.0627588203330167,left
-3,2,662,-3.657798166934323,1.6039310187578382,91.14652605354786,355.38837444782257,-5.520970182493329,0.8030146081058851,0.5871456042695049,0.1021155157434444,left
-3,3,465,-3.6385744267862417,2.688802294626719,100.22223386913538,343.964217543602,4.254710694774985,0.8382436665237389,0.5271776542707238,0.13939611318274142,left
-3,4,118,-3.6193506866381604,3.7736735704955993,108.51183561980724,331.80922558158636,13.81523678265512,0.8682199064438503,0.46452083259940896,0.1743977928065139,left
-3,5,724,-3.6001269464900787,4.85854484636448,115.97296279296279,318.9258332103491,23.110388465225697,0.8932193486282505,0.39923491846824016,0.20681072291296124,left
-3,6,694,-3.580903206341997,5.943416122233362,122.5487724095583,305.3071982860565,32.0778371989727,0.9134589333093758,0.3313638213059277,0.23620075166440663,left
-3,7,770,-3.5616794661939157,7.0282873981022425,128.1648250222206,290.9383418560028,40.639824986457825,0.9291096540270547,0.2609803644794218,0.2620009544828321,left
-3,8,670,-3.542455726045835,8.113158673971123,132.72596561908722,275.7972660064697,48.69986033439636,0.9403156504140557,0.18822153168096756,0.28351213836106176,left
-3,9,569,-3.523231985897754,9.198029949840004,136.11319828033447,259.85614585876465,56.139381408691406,0.9472137613658146,0.11331086199969982,0.2999112182498526,left
-3,10,215,-3.504008245749673,10.282901225708883,138.18058109283447,243.0823516845703,62.81447792053223,0.9499467037825237,0.03656635998736904,0.3102646632956971,left
-3,11,496,-3.4847845056015925,11.367772501577763,138.75208854675293,225.43971252441406,68.55256462097168,0.9486630252929088,-0.04160390701683517,0.3135403951057029,left
-3,12,103,-3.4655607654535103,12.452643777446646,137.61843872070312,206.8895721435547,73.14887809753418,0.9434960361668826,-0.12071405212832081,0.3086152092106637,left
-2,-13,367,-2.849945467767146,-14.621306309444135,-131.5838737487793,395.9711608886719,-132.31346130371094,-0.511594172022649,0.6338326473319812,-0.5801099708922376,left
-2,-12,349,-2.8307217276190633,-13.536435033575254,-115.83754348754883,406.91912841796875,-127.28913879394531,-0.40938904043772695,0.7398373905493261,-0.5338925445392934,left
-2,-11,347,-2.8114979874709825,-12.451563757706376,-99.73736381530762,415.0128631591797,-120.8826904296875,-0.302566411941811,0.8209176683298419,-0.4843012989746715,left
-2,-10,244,-2.7922742473229016,-11.366692481837495,-83.50542068481445,420.55499267578125,-113.37169647216797,-0.19418708798690323,0.8802522009486271,-0.43295200378825416,left
-2,-9,55,-2.773050507174819,-10.281821205968614,-67.3284740447998,423.81851959228516,-104.99544906616211,-0.08641579380103173,0.9206097217488693,-0.38080185241567166,left
-2,-8,579,-2.7538267670267382,-9.196949930099734,-51.361578941345215,425.05099868774414,-95.95797729492188,0.019054722548533017,0.944325125388739,-0.32846152759210734,left
-2,-7,439,-2.734603026878658,-8.112078654230851,-35.73141098022461,424.47467041015625,-86.43061256408691,0.12082264871453897,0.953424103108219,-0.27637721897777917,left
-2,-6,614,-2.715379286730577,-7.0272073783619735,-20.539000034332275,422.28766918182373,-76.55593299865723,0.21771399962878316,0.9497440362051853,-0.22491527306592984,left
-2,-5,413,-2.6961555465824962,-5.942336102493092,-5.863187313079834,418.66539907455444,-66.45086145401001,0.30879205053091685,0.9350057737658357,-0.1743894278718249,left
-2,-4,264,-2.676931806434414,-4.857464826624211,8.236350536346436,413.76142859458923,-56.21007418632507,0.39337812708105285,0.910831409981535,-0.1250591529047437,left
-2,-3,589,-2.657708066286333,-3.772593550755329,21.716107726097107,407.7087767138146,-45.90919542312622,0.47106133365036273,0.8787225167597573,-0.07712300875186275,left
-2,-2,701,-2.6384843261382516,-2.687722274886449,34.545490980148315,400.620977986604,-35.608196437358856,0.5416817508340559,0.8400222502399551,-0.030716443725697703,left
-2,-1,409,-2.6192605859901703,-1.6028509990175677,46.70375441759825,392.5932355746627,-25.35469114780426,0.605290810541148,0.7958798786289109,0.014080250994576228,left
-2,0,372,-2.600036845842089,-0.5179797231486877,58.176867730915546,383.70356415212154,-15.187245838344097,0.6620979326480724,0.7472293871033047,0.05722386418591659,left
-2,1,487,-2.580813105694008,0.5668915527201939,68.95439771562815,374.0139234215021,-5.138702446594834,0.7124133236111596,0.6947869601172753,0.09868300964349008,left
-2,2,734,-2.561589365545927,1.6517628285890744,79.02638672851026,363.571353264153,4.760508841020055,0.7565957696362431,0.6390662929215747,0.13840922881086018,left
-2,3,79,-2.5423656253978457,2.736634104457955,88.38023220561445,352.4091110038571,14.47905365517363,0.7950108572967781,0.5804079238682268,0.17630762516470042,left
-2,4,534,-2.523141885249764,3.821505380326835,96.99756605923176,340.54780814796686,23.981377612799406,0.8280021888007062,0.5190176858447284,0.2122098421883922,left
-2,5,330,-2.503918145101683,4.906376656195716,104.85113359987736,327.9965474009514,33.22439086437225,0.8558758352663999,0.4550094455659412,0.24585149796740574,left
-2,6,364,-2.4846944049536015,5.991247932064595,111.9016743004322,314.75405645370483,42.154152274131775,0.8788966708724458,0.38844767416950315,0.27685564173705235,left
-2,7,495,-2.46547066480552,7.076119207933476,118.09479820728302,300.8098335266113,50.70255482196808,0.8972940068099001,0.3193856677153759,0.30472325247843884,left
-2,8,28,-2.44624692465744,8.160990483802356,123.3578691482544,286.14526748657227,58.78400444984436,0.9112726739849168,0.24789606088454935,0.3288307416381615,left
-2,9,561,-2.4270231845093577,9.245861759671238,127.59687614440918,270.7347869873047,66.2921085357666,0.92102513120505,0.17408989989122353,0.34843279760175305,left
-2,10,36,-2.407799444361277,10.330733035540119,130.69333362579346,254.5470428466797,73.09640216827393,0.9267377509756938,0.09812562516401474,0.36266858507828365,left
-2,11,575,-2.3885757042131948,11.415604311409,132.5011157989502,237.5458526611328,79.03886985778809,0.9285867708532601,0.020202075290742447,0.3705650889523486,left
-2,12,192,-2.3693519640651157,12.500475587277878,132.84343719482422,219.69175720214844,83.93094253540039,0.9267160249648138,-0.05944614472829584,0.3710304097380121,left
-2,13,764,-2.350128223917034,13.585346863146762,131.5094871520996,200.94265747070312,87.54976654052734,0.9211913763909954,-0.1405524501893881,0.3628380586551292,left
-1,-13,280,-1.7537366663787486,-14.573474499612901,-144.51987218856812,394.615478515625,-122.29637145996094,-0.5880964869041241,0.5929659876966866,-0.5500307805258904,left
-1,-12,255,-1.7345129262306678,-13.48860322374402,-129.23961299657822,407.0220642089844,-117.35161590576172,-0.48798420863329833,0.7138307978099114,-0.5023116604485693,left
-1,-11,507,-1.715289186082586,-12.403731947875142,-113.4627720117569,416.36228942871094,-110.97482299804688,-0.38162633094417536,0.8069365994036644,-0.45079337625228805,left
-1,-10,642,-1.6960654459345053,-11.318860672006261,-97.43496704101562,422.9608612060547,-103.45591354370117,-0.2730252637610544,0.8759508465878819,-0.397702551802449,left
-1,-9,514,-1.6768417057864236,-10.23398939613738,-81.36518025398254,427.11417388916016,-95.04575729370117,-0.16476474937765237,0.9242983165006556,-0.3442748894075393,left
-1,-8,551,-1.6576179656383423,-9.149118120268499,-65.4281497001648,429.09057235717773,-85.95792579650879,-0.05860914382457676,0.9548697706402283,-0.29118497450525843,left
-1,-7,209,-1.638394225490261,-8.064246844399618,-49.7674355506897,429.1326675415039,-76.3725700378418,0.04412523936537416,0.9700614287220477,-0.23881747791291957,left
-1,-6,430,-1.6191704853421807,-6.979375568530736,-34.49882900714874,427.4577808380127,-66.43960618972778,0.14238654389225108,0.9719057226245079,-0.1874175510675379,left
-1,-5,40,-1.5999467451940994,-5.894504292661856,-19.71323251724243,424.25928926467896,-56.28211283683777,0.23532261331559665,0.9621899265862007,-0.13716345299809235,left
-1,-4,320,-1.5807230050460177,-4.809633016792976,-5.479921758174896,419.7077542543411,-45.999589800834656,0.3222732218373868,0.9425296550891087,-0.08819194840888976,left
-1,-3,543,-1.561499264897937,-3.724761740924094,8.150383353233337,413.95203670859337,-35.67130234837532,0.4027786780302296,0.9143963498458688,-0.04060359482573107,left
-1,-2,29,-1.5422755247498554,-2.639890465055213,21.14238251745701,407.1204270962626,-25.359568312764168,0.47657929282044914,0.8791140602543223,0.005535947788820357,left
-1,-1,38,-1.5230517846017744,-1.5550191891863325,33.47308314777911,399.32179423444904,-15.11309684254229,0.5436001464241911,0.8378423082247133,0.050191108338854575,left
-1,0,627,-1.5038280444536933,-0.47014791331745215,45.1286786547862,390.64671914838254,-4.970292790327221,0.603920873251618,0.7915593862987704,0.09334514884726038,left
-1,1,531,-1.4846043043056119,0.6147233625514283,56.101427061716095,381.1686310097575,5.037423741770908,0.6577365430752948,0.741054882698756,0.13498259418048658,left
-1,2,705,-1.4653805641575313,1.6995946384203098,66.38653016632088,370.9449441351462,14.8823028037732,0.7053168421327819,0.6869348636051987,0.1750675451577122,left
-1,3,73,-1.4461568240094498,2.7844659142891905,75.979012995027,360.01819449290633,24.536948745138943,0.746969477433718,0.6296392756899143,0.2135204493510592,left
-1,4,276,-1.4269330838613683,3.8693371901580718,84.87060315907001,348.41717582941055,33.97100458294153,0.7830117596992637,0.5694687077621894,0.25019587337189364,left
-1,5,536,-1.4077093437132873,4.954208466026951,93.04661011695862,336.1580777168274,43.14783635735512,0.8137520999133411,0.5066165756690597,0.28486341489209116,left
-1,6,768,-1.3884856035652064,6.039079741895831,100.48280507326126,323.24562215805054,52.02121710777283,0.8394812073811682,0.44120255871315256,0.31719332376143017,left
-1,7,271,-1.3692618634171243,7.1239510177647105,107.14229953289032,309.6741886138916,60.53201389312744,0.8604713675049476,0.3733028756158979,0.3467477307223032,left
-1,8,365,-1.3500381232690435,8.20882229363359,112.97242403030396,295.42896270751953,68.60486555099487,0.876980302338385,0.302974656756982,0.3729770859898282,left
-1,9,502,-1.3308143831209627,9.293693569502471,117.9015998840332,280.4871139526367,76.14487266540527,0.8892560990433426,0.23027024982773175,0.3952204477990618,left
-1,10,125,-1.311590642972881,10.378564845371352,121.83627319335938,264.81884765625,83.0342960357666,0.8975376909020892,0.1552406275568626,0.41270624052211424,left
-1,11,498,-1.2923669028248002,11.463436121240234,124.65764999389648,248.3884506225586,89.12919616699219,0.9020449058006808,0.07793424584654894,0.42454827904888587,left
-1,12,339,-1.2731431626767176,12.548307397109113,126.21878814697266,231.15591430664062,94.25613403320312,0.9029544303407824,-0.0016213098704621752,0.4297332522417334,left
-1,13,728,-1.2539194225286376,13.633178672977992,126.34122085571289,213.07760620117188,98.20894622802734,0.9003538506532678,-0.08342110463182678,0.42708765249751574,left
0,-12,653,-0.6383041248422705,-13.440771413912787,-142.5098056793213,405.61297607421875,-107.45213317871094,-0.5668009232211146,0.6742900978367087,-0.47335988148031066,left
0,-11,652,-0.6190803846941897,-12.355900138043904,-127.189866065979,416.32823181152344,-101.13611221313477,-0.46164840673921903,0.7814035555400813,-0.41986811255971734,left
0,-10,407,-0.599856644546108,-11.271028862175024,-111.47612857818604,424.0990982055664,-93.63469314575195,-0.3530814964499594,0.861564177693623,-0.36474734348555365,left
0,-9,685,-0.5806329043980272,-10.186157586306143,-95.60184812545776,429.2444152832031,-85.21021461486816,-0.2444522677615367,0.9188858267531117,-0.30966421520494114,left
0,-8,527,-0.5614091642499464,-9.101286310437263,-79.76376986503601,432.0548553466797,-76.08690643310547,-0.1377918157655385,0.9569568233222361,-0.2554350285396473,left
0,-7,647,-0.5421854241018651,-8.016415034568382,-64.12513399124146,432.79332733154297,-66.4542007446289,-0.03440284280411618,0.9786947362407559,-0.20241802701743863,left
0,-6,315,-0.5229616839537847,-6.931543758699501,-48.8188139796257,431.69684314727783,-56.47011876106262,0.06478599188615294,0.9864461953103904,-0.15075370314848763,left
0,-5,190,-0.5037379438057035,-5.84667248283062,-33.9504110366106,428.97725009918213,-46.264527440071106,0.15905259577122394,0.982142724631426,-0.10048850795983802,left
0,-4,6,-0.48451420365762227,-4.76180120696174,-19.601401403546333,424.8224458694458,-35.94247877597809,0.24781736130671095,0.9674298675273667,-0.051633388916094924,left
0,-3,71,-0.4652904635095408,-3.6769299310928583,-5.832236496498808,419.3975778520107,-25.5875141620636,0.3306317143088699,0.9437505730858446,-0.004186322170783014,left
0,-2,164,-0.4460667233614595,-2.5920586552239775,7.314520699903369,412.8461128398776,-15.26498718559742,0.40718280848306937,0.9123868661570297,0.04186128211121253,left
0,-1,120,-0.4268429832133785,-1.5071873793550967,19.811084053479135,405.291001974605,-5.025373623822816,0.47729590751463197,0.8744728267437624,0.08652104921091536,left
0,0,628,-0.40761924306529723,-0.4223161034862164,31.6413201576579,396.83581064943064,5.092410228936842,0.5409267834620688,0.8309931905844605,0.12980189573206724,left
0,1,486,-0.3883955029172161,0.6625551723826644,42.7976283541102,387.56585752484534,15.05769206100922,0.5981440462075938,0.7827789337793596,0.17169985677820754,left
0,2,501,-0.36917176276913494,1.7474264482515451,53.2778200043831,377.5493502030149,24.844728167867288,0.6491049424547305,0.7305071704898177,0.21218399455143047,left
0,3,234,-0.3499480226210537,2.8322977241204264,63.08199784718454,366.83852192759514,34.42938773334026,0.6940294424835631,0.6747086087966193,0.2511800672459602,left
0,4,132,-0.3307242824729731,3.9171689999893062,72.2094354480505,355.4707680940628,43.78583724796772,0.7331768794076833,0.6157825908243524,0.28855409257132314,left
0,5,673,-0.3115005423248914,5.002040275858186,80.65545645356178,343.469783782959,52.88322466611862,0.7668279550988876,0.5540175817517615,0.32409783459441494,left
0,6,546,-0.29227680217681057,6.086911551727066,88.4083154797554,330.846697807312,61.682361364364624,0.7952731214621168,0.48961384969627364,0.357517748462221,left
0,7,306,-0.27305306202872975,7.171782827595948,95.44607150554657,317.6012077331543,70.13242316246033,0.8188066756977406,0.42270465209392577,0.3884281206748146,left
0,8,630,-0.25382932188064716,8.25665410346483,101.73346829414368,303.7227439880371,78.16759061813354,0.8377245238359297,0.3533720801633225,0.4163481657518274,left
0,9,9,-0.23460558173256546,9.341525379333708,107.2188401222229,289.1915283203125,85.70380783081055,0.852322076205851,0.28165575564781303,0.44070070764931496,left
0,10,499,-0.21538184158448465,10.42639665520259,111.8309497833252,273.9797897338867,92.63532447814941,0.8628878048643129,0.2075522733875481,0.4608109048493838,left
0,11,545,-0.19615810143640294,11.511267931071469,115.47587966918945,258.0528869628906,98.83162689208984,0.8696899714391679,0.13100449292951244,0.4758961823868947,left
0,12,415,-0.17693436128832213,12.596139206940352,118.03385543823242,241.37045288085938,104.13407897949219,0.8729461879850967,0.05189080946486198,0.48504875711145745,left
0,13,189,-0.15771062114024043,13.68101048280923,119.35639190673828,223.88796997070312,108.35191345214844,0.8727790312623138,-0.02999577206807428,0.48719299691893886,left
0,14,759,-0.1384868809921614,14.76588175867811,119.26286315917969,205.55599975585938,111.26002502441406,0.8691382574253232,-0.11494335174350263,0.48102673041073507,left
1,-12,148,0.45790467654612405,-13.39293960408155,-155.4873504638672,402.5653076171875,-97.60555267333984,-0.6452543233707562,0.6193932529788836,-0.4472123168424416,left
1,-11,417,0.47712841669420575,-12.308068328212668,-140.78380012512207,414.79832458496094,-91.38095092773438,-0.5426445244220794,0.7429392716458704,-0.39189049332822384,left
1,-10,390,0.49635215684228656,-11.223197052343789,-125.51636409759521,423.8706359863281,-83.92123222351074,-0.4345521251464478,0.8362157243309444,-0.3345261019896355,left
1,-9,626,0.5155758969903674,-10.138325776474906,-109.94559860229492,430.1240539550781,-75.50106239318848,-0.3256279998672485,0.903884961249925,-0.2774137388967544,left
1,-8,86,0.5347996371384496,-9.053454500606026,-94.29295539855957,433.8713035583496,-66.35599422454834,-0.2184916359986062,0.950338068241461,-0.2216279789416048,left
1,-7,659,0.5540233772865304,-7.968583224737146,-78.7437572479248,435.3965358734131,-56.685482025146484,-0.11458747611074281,0.979180131949575,-0.16755888372086655,left
1,-6,651,0.5732471174346125,-6.883711948868266,-63.450563192367554,434.9567651748657,-46.65625333786011,-0.014766001538529982,0.9932253121040582,-0.1152625029849705,left
1,-5,76,0.5924708575826929,-5.798840672999384,-48.53620797395706,432.782657623291,-36.40567946434021,0.08039790287614644,0.99466339695166,-0.06465991012754414,left
1,-4,485,0.611694597730774,-4.713969397130505,-34.0969085842371,429.0799380540848,-26.04502096772194,0.17045648202414962,0.9852411422986412,-0.015635832501641092,left
1,-3,410,0.6309183378788552,-3.6290981212616225,-20.20540004596114,424.03041914105415,-15.662783205509186,0.25503604590902845,0.9664045786119537,0.03191873626790609,left
1,-2,177,0.6501420780269362,-2.5442268453927417,-6.914057626854628,417.7931737154722,-5.328018633648753,0.3338303504609562,0.9393929278500422,0.07809112764226453,left
1,-1,338,0.6693658181750173,-1.4593555695238614,5.741987044893904,410.50565024622483,4.906352350095403,0.40661025302567416,0.9052917126640456,0.12294314586912218,left
1,0,250,0.6885895583230988,-0.37448429365498087,17.741723934057518,402.28481910942355,15.000228709455769,0.4732337440981711,0.8650574788071912,0.1665094045589399,left
1,1,747,0.7078132984711802,0.7103869822139,29.075143832102185,393.22830694905133,24.92301192553714,0.5336493446744129,0.8195263723044884,0.20879392238763694,left
1,2,136,0.7270370386192613,1.7952582580827803,39.74011777015403,383.4155335575342,34.650290589779615,0.5878917014725752,0.7694162806403527,0.2497637572291996,left
1,3,588,0.7462607787673423,2.8801295339516613,49.739276342093945,372.90884843468666,44.16052480041981,0.6360713096378082,0.7153289396754116,0.28934027911525706,left
1,4,37,0.7654845189154234,3.9650008098205425,59.07688896358013,361.754667699337,53.43173027038574,0.6783614521291816,0.6577551255481825,0.32738957692675985,left
1,5,683,0.7847082590635055,5.0498720856894215,67.75574325583875,349.9846122264862,62.43816292285919,0.7149852391815873,0.597083365799671,0.3637135714237025,left
1,6,528,0.8039319992115854,6.134743361558302,75.77402856945992,337.61662769317627,71.1470091342926,0.7462045413444655,0.5336104840967206,0.3980435073443094,left
1,7,140,0.8231557393596671,7.219614637427183,83.12219896912575,324.65617847442627,79.51504468917847,0.7723111207322587,0.46755173449616033,0.4300359384550488,left
1,8,581,0.8423794795077488,8.304485913296064,89.77987813949585,311.09728622436523,87.48536586761475,0.7936191453239113,0.3990467103783611,0.4592715701102704,left
1,9,715,0.8616032196558292,9.389357189164942,95.71271228790283,296.9237747192383,94.98403358459473,0.8104566621219093,0.3281603131229364,0.4852533438455317,left
1,10,235,0.8808269598039109,10.474228465033825,100.86932182312012,282.11021423339844,101.91670989990234,0.8231519258022243,0.2548786420144899,0.5074029807686776,left
1,11,714,0.9000506999519917,11.559099740902704,105.17799472808838,266.6234130859375,108.16559982299805,0.832016730003383,0.1790848860547431,0.5250492972866806,left
1,12,721,0.9192744401000725,12.643971016771586,108.54376125335693,250.42335510253906,113.58555603027344,0.8373073014995327,0.10055629966570981,0.537405725177087,left
1,13,643,0.9384981802481542,13.728842292640469,110.84526252746582,233.46414184570312,118.00181579589844,0.8391835470341888,0.018927962167836605,0.5435188190258828,left
1,14,217,0.957721920396235,14.813713568509348,111.93153762817383,215.69488525390625,121.20510864257812,0.8376276427012347,-0.0663163313473338,0.5422011401494867,left
2,-12,376,1.5541134779345205,-13.345107794250314,-167.9887580871582,397.7264709472656,-87.84303665161133,-0.7220367754753796,0.5468499790787011,-0.4238136326768408,left
2,-11,346,1.5733372180826004,-12.260236518381431,-154.08748054504395,411.6358337402344,-81.73847198486328,-0.6243319973103916,0.6895271474992956,-0.3670992644992659,left
2,-10,568,1.592560958230683,-11.175365242512553,-139.42340660095215,422.15331268310547,-74.34252738952637,-0.5176497969683872,0.798459382717444,-0.3074106404291595,left
2,-9,175,1.6117846983787643,-10.09049396664367,-124.28654384613037,429.6449089050293,-65.94331073760986,-0.4086231976314871,0.8783844690025311,-0.24792701944838577,left
2,-8,337,1.6310084385268446,-9.005622690774791,-108.92546558380127,434.445764541626,-56.788164138793945,-0.3009518419529291,0.9344887330105119,-0.19015466521110433,left
2,-7,519,1.6502321786749272,-7.9207514149059115,-93.55025601387024,436.8616237640381,-47.08725881576538,-0.19649785095213565,0.9712214909729974,-0.13460092883550362,left
2,-6,61,1.6694559188230071,-6.83588013903703,-78.3357161283493,437.1697449684143,-37.01672434806824,-0.09615454278866617,0.9920428349088913,-0.08127310506577486,left
2,-5,240,1.688679658971088,-5.75100886316815,-63.42442184686661,435.62021350860596,-26.722075045108795,-0.0003746434830284555,0.9995505119976364,-0.029977218141839016,left
2,-4,424,1.7079033991191697,-4.666137587299268,-48.9298999235034,432.4369070529938,-16.32147277891636,0.09055400249817154,0.9957000497489161,0.019529044051547907,left
2,-3,195,1.727127139267251,-3.5812663114303875,-34.93971582502127,427.8187679871917,-5.909054223448038,0.17638800219769835,0.9820059055858305,0.06746609574636629,left
2,-2,609,1.7463508794153326,-2.4963950355615068,-21.51860657785437,421.94087686459534,4.441751965787262,0.2568915396978545,0.9596923825095836,0.11400556032380518,left
2,-1,749,1.7655746195634134,-1.4115237596926262,-8.711598750203848,414.95560308825225,14.674908300454263,0.331839807555787,0.9297942994889714,0.15926362660429141,left
2,0,447,1.7847983597114947,-0.3266524838237455,3.4528710432350636,406.9937395863235,24.748454759363085,0.40103751417862166,0.8932173248751393,0.20330204810658375,left
2,1,22,1.804022099859576,0.7582187920451356,14.959835203364491,398.1656400822103,34.63119262456894,0.464338938252598,0.8507696955166422,0.2461306068187574,left
2,2,145,1.8232458400076572,1.8430900679140163,25.804674454033375,388.5623555686325,44.29936896264553,0.5216631191922159,0.8031758774583571,0.2877083591827779,left
2,3,224,1.842469580155738,2.927961343782896,35.9899979531765,378.2567707374692,53.73336020112038,0.573002182745789,0.7510804298542046,0.3279431146686642,left
2,4,751,1.8616933203038197,4.012832619651777,45.52252036333084,367.3047395348549,62.91435897350311,0.6184232464519591,0.6950477201715067,0.3666897256976399,left
2,5,648,1.8809170604519005,5.097703895520658,54.409945249557495,355.7462246417999,71.8210563659668,0.6580655151732895,0.6355604670177737,0.4037482761620939,left
2,6,335,1.9001408005999814,6.182575171389537,62.657832622528076,343.60644149780273,80.42631578445435,0.6921341020219314,0.5730179522765605,0.4388630893423054,left
2,7,230,1.9193645407480626,7.267446447258418,70.26652097702026,330.89696979522705,88.69390106201172,0.7208915568851717,0.507733151152868,0.4717228110151685,left
2,8,405,1.9385882808961443,8.3523177231273,77.22791934013367,317.61688232421875,96.5750789642334,0.7446466080364255,0.4399280561418983,0.5019608894715373,left
2,9,126,1.9578120210442256,9.437188998996179,83.52243328094482,303.75392150878906,104.00544166564941,0.7637401373034672,0.36972400239954545,0.5291551423933647,left
2,10,63,1.9770357611923064,10.52206027486506,89.11602258682251,289.2858123779297,110.90130615234375,0.7785271054705916,0.2971265553058794,0.5528212696519957,left
2,11,80,1.996259501340389,11.606931550733938,93.95658683776855,274.18084716796875,117.1568374633789,0.7893483347121913,0.2220065312275595,0.5724004774451164,left
2,12,53,2.01548324148847,12.691802826602823,97.97152280807495,258.3995361328125,122.64025115966797,0.7964937118333344,0.14407480557591187,0.5872309744965948,left
2,13,700,2.0347069816365497,13.776674102471704,101.06404685974121,241.89569091796875,127.19111633300781,0.8001519881433671,0.06285067884905937,0.596495253994891,left
2,14,30,2.0539307217846305,14.861545378340583,103.11026513576508,224.61712646484375,130.61614990234375,0.8003315721182003,-0.022345597443060018,0.5991410926866249,left
3,-11,394,2.6695460194709977,-12.212404708550197,-166.9200782775879,406.6759948730469,-72.25648307800293,-0.7057049982263377,0.6185096198874436,-0.34558111288821136,left
3,-10,615,2.68876975961908,-11.127533432681316,-153.04335975646973,418.7984924316406,-64.94373512268066,-0.60234080038036,0.746119563844072,-0.2837096343910076,left
3,-9,7,2.70799349976716,-10.042662156812437,-138.49524593353271,427.6737632751465,-56.57908535003662,-0.4938123444306572,0.8408622522754712,-0.22158529099676244,left
3,-8,184,2.727217239915241,-8.957790880943556,-123.55395126342773,433.6598205566406,-47.4225549697876,-0.38560325565791814,0.9084392105110929,-0.1613949504538371,left
3,-7,317,2.7464409800633227,-7.872919605074675,-108.45683181285858,437.08438777923584,-37.695600509643555,-0.28044309501577863,0.9542310722685567,-0.1038976957163696,left
3,-6,245,2.7656647202114044,-6.788048329205795,-93.40346157550812,438.2455403804779,-27.58446556329727,-0.17949879889496853,0.9825315944122819,-0.049110560747388836,left
3,-5,162,2.7848884603594852,-5.703177053336914,-78.5587512999773,437.41303515434265,-17.243480056524277,-0.08319211491174598,0.9965282017163457,0.0032580976807385213,left
3,-4,475,2.804112200507566,-4.618305777468034,-64.05606888979673,434.8294208943844,-6.798370260745287,0.00833925074005911,0.9985288963968054,0.05357704692937267,left
3,-3,426,2.8233359406556473,-3.5334345015991517,-50.0003614500165,430.7111576125026,3.6504174899309874,0.09501719139495836,0.9902172252599868,0.10218405031034028,left
3,-2,703,2.842559680803729,-2.448563225730271,-36.47127928957343,425.24976079910994,14.024403403978795,0.1767334498268755,0.9728628480861422,0.14934244716761177,left
3,-1,59,2.8617834209518103,-1.3636919498613902,-23.526293210685253,418.61293737590313,24.263758859597147,0.2533307374731062,0.947475100638322,0.19522927834147635,left
3,0,550,2.881007161099891,-0.2788206739925097,-11.203816458582878,410.9457221329212,34.323991276323795,0.3246179025346849,0.9149061952561072,0.2399372235314389,left
3,1,236,2.9002309012479723,0.8060506018763712,0.4736752361059189,402.3716147840023,44.17262728512287,0.39039859756374834,0.8759149393936903,0.28348184063041226,left
3,2,649,2.9194546413960536,1.890921877745252,11.496522888541222,392.9937163889408,53.78589904308319,0.4505020390165092,0.8312013936741872,0.3258099998404842,left
3,3,636,2.938678381544135,2.9757931536141324,21.864762723445892,382.8958673402667,63.14542615413666,0.5048096611337476,0.7814211983984181,0.3668080107080691,left
3,4,377,2.957902121692216,4.060664429483013,31.585006952285767,372.14377573132515,72.23490166664124,0.5532747797159528,0.7271864953176407,0.40630877317369196,left
3,5,69,2.977125861840298,5.145535705351893,40.667319774627686,360.78617811203003,81.03677940368652,0.5959340702527595,0.6690583441790344,0.44409854311446234,left
3,6,590,2.996349601988378,6.230406981220773,49.12210464477539,348.8559365272522,89.52894878387451,0.6329113577714841,0.6075339685152781,0.479922587824259,left
3,7,218,3.015573342136459,7.315278257089653,56.95697784423828,336.37119007110596,97.68144416809082,0.6644129008282815,0.5430306690431422,0.5134911778127308,left
3,8,178,3.0347970822845407,8.400149532958535,64.17365455627441,323.3365898132324,105.45298385620117,0.6907158265427447,0.47586838265338827,0.5444822580711163,left
3,9,58,3.054020822432622,9.485020808827416,70.76476860046387,309.74419021606445,112.7880973815918,0.7121546246160496,0.4062434686140189,0.572539985369078,left
3,10,102,3.0732445625807037,10.569892084696296,76.71088409423828,295.57476806640625,119.61307907104492,0.7290849780342424,0.334215531407169,0.5972730308418688,left
3,11,573,3.0924683027287836,11.654763360565177,81.97727394104004,280.7990264892578,125.83329010009766,0.7418671558156281,0.25966667120465375,0.6182283906353095,left
3,12,99,3.1116920428768653,12.73963463643406,86.51102447509766,265.3788757324219,131.3300018310547,0.7508075360646331,0.1822773745511137,0.6348724301112056,left
3,13,253,3.130915783024946,13.824505912302937,90.23676300048828,249.2672119140625,135.95591735839844,0.7561172997754092,0.10149352981673518,0.6465181299744682,left
3,14,463,3.1501395231730296,14.90937718817182,93.05604553222656,232.412353515625,139.53369140625,0.7578080193973196,0.016517932221089215,0.6522684751329403,left
3,15,34,3.1693632633211086,15.9942484640407,94.84121322631836,214.75421142578125,141.85025024414062,0.7556214843648843,-0.07374400537331231,0.650844062765967,left
4,-11,515,3.7657548208593923,-12.164572898718964,-179.07413291931152,399.7246627807617,-63.00647163391113,-0.7844296698239911,0.5268798426545117,-0.3272120482258887,left
4,-10,355,3.784978561007474,-11.079701622850083,-166.19823741912842,413.6287078857422,-55.79238319396973,-0.6878927204383951,0.6762312957170192,-0.2636566704271775,left
4,-9,259,3.8042023011555575,-9.994830346981205,-152.42055797576904,424.0491886138916,-47.47204113006592,-0.5813534682544943,0.7889987328812876,-0.19876907319850684,left
4,-8,408,3.8234260413036365,-8.909959071112322,-138.0516140460968,431.3678150177002,-38.318793296813965,-0.4729373299324813,0.8705759587038637,-0.13574896715328552,left
4,-7,687,3.842649781451719,-7.825087795243442,-123.35851347446442,435.9344458580017,-28.566104531288147,-0.36692366886328226,0.9271558794593773,-0.07582213668723098,left
4,-6,562,3.861873521599799,-6.74021651937456,-108.5681904554367,438.06849670410156,-18.410973697900772,-0.26515208180388633,0.9640171524550979,-0.01911290892118861,left
4,-5,45,3.8810972617478816,-5.65534524350568,-93.87041480094194,438.05984300374985,-8.017232477664948,-0.16820544210114013,0.9851398089258857,0.03473450902242744,left
4,-4,522,3.9003210018959615,-4.570473967636798,-79.42095581442118,436.1700699850917,2.4811532348394394,-0.07613970953142209,0.9933631096042774,0.0862118153723198,left
4,-3,538,3.9195447420440432,-3.4856026917679173,-65.34469236433506,432.6335915029049,12.976752448827028,0.011133331811444254,0.990676284962112,0.1357812481031327,left
4,-2,477,3.938768482192125,-2.400731415899036,-51.738736391067505,427.6587748527527,23.385362468194216,0.09367189977628923,0.9784887169161368,0.18380806853920492,left
4,-1,746,3.9579922223402058,-1.3158601400301564,-38.6755536198616,421.4290843009949,33.64268995821476,0.17144349683587592,0.9578405547735404,0.23053979921871035,left
4,0,113,3.9772159624882866,-0.230988864161275,-26.206083595752716,414.1042127609253,43.70103570818901,0.2443229629744798,0.9295542298536642,0.2761072681486891,left
4,1,319,3.9964397026363683,0.8538824117076066,-14.362860798835754,405.8212251663208,53.52597862482071,0.31211927567436754,0.8943370197409988,0.32053525995324883,left
4,2,91,4.015663442784448,1.938753687576487,-3.163129895925522,396.69569957256317,63.09305727481842,0.3746145632728972,0.8528449259075548,0.3637574210069038,left
4,3,638,4.03488718293253,3.0236249634453674,7.388012170791626,386.82283413410187,72.38446640968323,0.4316052668199006,0.8057162949996352,0.4056330184112031,left
4,4,663,4.054110923080611,4.108496239314248,17.294546365737915,376.27864041924477,81.38571882247925,0.48293921841673865,0.753582060916667,0.4459638873043628,left
4,5,92,4.073334663228693,5.1933675151831284,26.566330432891846,365.1209953427315,90.08236598968506,0.5285440646940416,0.6970581075196247,0.4845112655221343,left
4,6,608,4.092558403376772,6.278238791052008,35.21604633331299,353.39086747169495,98.45662879943848,0.5684441726138707,0.6367260473469495,0.5210097535087634,left
4,7,87,4.111782143524854,7.36311006692089,43.25609588623047,341.1133813858032,106.48412132263184,0.6027678139956155,0.5731018387391177,0.5551803714512874,left
4,8,130,4.131005883672936,8.44798134278977,50.69536590576172,328.29907608032227,114.13054275512695,0.6317344285160421,0.5066106966127983,0.5867343640055565,left
4,9,374,4.150229623821017,9.53285261865865,57.53622817993164,314.94497299194336,121.34832000732422,0.6556420340374233,0.4375396267185403,0.6153800437569216,left
4,10,348,4.169453363969098,10.617723894527531,63.77138137817383,301.0354995727539,128.0734405517578,0.6748340831993792,0.36601375209465226,0.6408064399099369,left
4,11,605,4.188677104117181,11.702595170396412,69.3806381225586,286.5432891845703,134.22183227539062,0.6896627474649205,0.2919542788645401,0.6626673326879964,left
4,12,165,4.20790084426526,12.78746644626529,74.32793426513672,271.4328308105469,139.68605041503906,0.7004394184195872,0.2150445397661118,0.6805442432647651,left
4,13,357,4.227124584413342,13.872337722134173,78.55853271484375,255.65744018554688,144.33270263671875,0.707368895932342,0.13467984799964425,0.6938952252395546,left
4,14,94,4.246348324561424,14.957208998003052,81.99453735351562,239.1630859375,147.99871826171875,0.7104738538771302,0.04998272216671362,0.7019463159257859,left
4,15,226,4.265572064709504,16.042080273871935,84.53497314453125,221.88922119140625,150.4852294921875,0.7094826217997087,-0.04031351860587849,0.7035689231211288,left
4,16,777,4.284795804857586,17.126951549740816,86.04649353027344,203.7720947265625,151.562744140625,0.7036324215529537,-0.13780049336685254,0.6970741993270002,left
5,-10,641,4.88118736239587,-11.031869813018846,-178.6834659576416,406.43416595458984,-46.98278045654297,-0.7721926706251878,0.5852566032001979,-0.2473725688982234,left
5,-9,422,4.900411102543952,-9.946998537149966,-165.88717770576477,418.5787410736084,-38.71157646179199,-0.6707224068957791,0.7195683816076933,-0.17986883298230988,left
5,-8,690,4.919634842692034,-8.862127261281087,-152.26978075504303,427.39384508132935,-29.561320304870605,-0.5632440608207498,0.8184337217221984,-0.11367660752372351,left
5,-7,384,4.938858582840115,-7.777255985412204,-138.13082346320152,433.25219893455505,-19.77817791700363,-0.45650364340544813,0.8882695946018618,-0.050808964399951376,left
5,-6,265,4.9580823229881945,-6.692384709543322,-123.72708442539442,436.49478513002396,-9.570590555667877,-0.35365413359806264,0.935339140120499,0.008333471524484326,left
5,-5,699,4.977306063136277,-5.607513433674445,-109.2757569104433,437.4320738315582,0.8874452114105225,-0.25579054018479597,0.9646043195200732,0.06410699115686828,left
5,-4,170,4.996529803284358,-4.522642157805563,-94.95755797624588,436.34511375427246,11.453047923743725,-0.16304769297601543,0.9796428034777049,0.11711288319199435,left
5,-3,115,5.015753543432439,-3.4377708819366797,-80.91984939575195,433.4866828918457,22.01112949848175,-0.07522315297783955,0.982922144072454,0.16794503847414596,left
5,-2,54,5.03497728358052,-2.352899606067798,-67.27975416183472,429.08241963386536,32.471088856458664,0.007915486229386466,0.976120896638671,0.21708371708414573,left
5,-1,263,5.054201023728602,-1.2680283301989181,-54.12728238105774,423.3319659233093,42.763493716716766,0.08650088444741107,0.9603991381709218,0.26486051497036384,left
5,0,206,5.073424763876683,-0.18315705433003876,-41.528451681137085,416.4100914001465,52.83676338195801,0.16053013035227343,0.9366030363736746,0.3114559832539666,left
5,1,119,5.092648504024764,0.9017142215388424,-29.528399229049683,408.46785593032837,62.65385699272156,0.22987755534796603,0.9054114864692422,0.35691224371937724,left
5,2,752,5.111872244172846,1.9865854974077233,-18.154524087905884,399.633695602417,72.1889533996582,0.29433237836103576,0.8674356064807253,0.40115323712735085,left
5,3,196,5.131095984320926,3.071456773276603,-7.419570684432983,390.0146460533142,81.42412662506104,0.3536476938867826,0.8232791219748612,0.44400990521480727,left
5,4,599,5.150319724469007,4.156328049145484,2.6752219200134277,379.69737243652344,90.34605884552002,0.4075911276744115,0.7735663140466548,0.4852469787782031,left
5,5,556,5.169543464617088,5.241199325014364,12.136974334716797,368.74936032295227,98.94268035888672,0.45598994035020574,0.7189411389796322,0.5245920443373927,left
5,6,677,5.1887672047651705,6.326070600883246,20.978107452392578,357.2201171517372,107.19997978210449,0.49876321968680826,0.6600483976659757,0.5617573884037723,left
5,7,772,5.20799094491325,7.4109418767521245,29.213218688964844,345.1421675682068,115.09835052490234,0.5359418255376442,0.5974930495490154,0.5964632556830264,left
5,8,623,5.227214685061333,8.495813152621006,36.85586929321289,332.5323076248169,122.60989379882812,0.567670483692408,0.5317936052324906,0.6284471205903146,left
5,9,523,5.246438425209414,9.580684428489887,43.91554260253906,319.39269256591797,129.69418334960938,0.5941848405522092,0.4633369099057485,0.6574673247979234,left
5,10,66,5.2656621653574955,10.665555704358766,50.39460754394531,305.71217346191406,136.29605102539062,0.6157847441814804,0.39232675845176285,0.6832926630925293,left
5,11,68,5.284885905505577,11.75042698022765,56.28501892089844,291.4666976928711,142.34152221679688,0.6327979338958022,0.3187396770692717,0.705671165004622,left
5,12,503,5.304109645653657,12.83529825609653,61.56523132324219,276.62059020996094,147.73451232910156,0.6455202380723674,0.24226519147597747,0.7243004896022799,left
5,13,679,5.323333385801737,13.920169531965408,66.19706726074219,261.1305236816406,152.35342407226562,0.6541349170928015,0.16230539337678312,0.7387587356646291,left
5,14,755,5.342557125949818,15.00504080783429,70.12301635742188,244.94219970703125,156.04986572265625,0.6586505712811803,0.07788914812872956,0.7484067781325577,left
5,15,756,5.3617808660979,16.089912083703172,73.26239013671875,227.9925537109375,158.64019775390625,0.658764947211101,-0.012395612798564654,0.7522466969746716,left
5,16,776,5.381004606245982,17.17478335957205,75.5086669921875,210.2142333984375,159.90826416015625,0.6536806470042569,-0.11020689130811864,0.7487029136047867,left
6,-9,238,5.996619903932348,-9.89916672731873,-178.69310128688812,411.0359945297241,-30.4171884059906,-0.7599658926706809,0.6285996432335555,-0.165270476806663,left
6,-8,492,6.0158436440804275,-8.81429545144985,-166.03554785251617,421.5292181968689,-21.263691067695618,-0.656126563859475,0.7485535827188753,-0.09573644027586399,left
6,-7,211,6.035067384228508,-7.729424175580967,-152.62734806537628,428.8460170328617,-11.439398884773254,-0.5495411290848721,0.8349487024191663,-0.029414482362848157,left
6,-6,248,6.05429112437659,-6.644552899712087,-138.75773030519485,433.34947979450226,-1.1648458540439606,-0.44559892165394943,0.8946339287139113,0.03273735809056042,left
6,-5,112,6.073514864524672,-5.559681623843207,-124.67385518550873,435.3710331916809,9.375126332044601,-0.3464980371137965,0.9336309997508524,0.09095200152008646,left
6,-4,97,6.092738604672753,-4.474810347974325,-110.58393836021423,435.2116184234619,20.028037935495377,-0.252762543377254,0.9564636964402135,0.1459050857831392,left
6,-3,214,6.111962344820834,-3.389939072105444,-96.6603684425354,433.1427903175354,30.670469291508198,-0.16421359338999053,0.9662821692830343,0.19832464564854307,left
6,-2,283,6.131186084968915,-2.3050677962365644,-83.04283237457275,429.4078893661499,41.204759538173676,-0.0804863087924943,0.9651994117040054,0.248821320917644,left
6,-1,90,6.150409825116997,-1.2201965203676828,-69.84143686294556,424.2231321334839,51.555649518966675,-0.0012718313407811814,0.9546184709451042,0.29782873833038975,left
6,0,732,6.1696335652650784,-0.13532524449880295,-57.13982439041138,417.7788200378418,61.66701292991638,0.07358910313294514,0.9354943046445319,0.3455937642344441,left
6,1,434,6.188857305413159,0.9495460313700778,-44.998291015625,410.2403812408447,71.49851369857788,0.14409028727172402,0.9085292725704035,0.3921894312658688,left
6,2,445,6.20808104556124,2.0344173072389586,-33.45691537857056,401.74958992004395,81.02227973937988,0.21008572589618765,0.8743130117656847,0.43753942134611096,left
6,3,504,6.227304785709322,3.119288583107839,-22.538685202598572,392.42565155029297,90.21963310241699,0.27133717914187055,0.8334154728403514,0.48145070863550066,left
6,4,396,6.2465285258574035,4.20415985897672,-12.252559661865234,382.3663625717163,99.07772827148438,0.3275717518806068,0.786439091315993,0.5236509362351464,left
6,5,289,6.265752266005484,5.2890311348456,-2.596743583679199,371.6492280960083,107.58622360229492,0.3785406449480866,0.7340340304651652,0.5638271208813491,left
6,6,32,6.284976006153566,6.37390241071448,6.438325881958008,360.33280897140503,115.73405838012695,0.42406505224464597,0.6768828947504547,0.6016630105457628,left
6,7,745,6.304199746301647,7.458773686583361,14.867069244384766,348.45723807811737,123.5059814453125,0.4640767419161518,0.6156578884591958,0.6368658744119156,left
6,8,466,6.3234234864497285,8.543644962452243,22.704910278320312,336.0460772514343,130.8794708251953,0.4986215748008003,0.5509631185570817,0.6691906806979794,left
6,9,350,6.342647226597808,9.628516238321122,29.966346740722656,323.10695457458496,137.82122802734375,0.5278533519549321,0.4832762265457685,0.698437490177629,left
6,10,326,6.361870966745891,10.713387514190005,36.660186767578125,309.63346099853516,144.28367614746094,0.5520152283413259,0.4128768934640593,0.7244389957220287,left
6,11,302,6.38109470689397,11.798258790058883,42.788543701171875,295.60594177246094,150.2022705078125,0.5713692750359436,0.33980881970380783,0.7470388996540979,left
6,12,33,6.400318447042053,12.883130065927764,48.34126281738281,280.9901123046875,155.49099731445312,0.5861827733495607,0.26379380674084546,0.7660304065462357,left
6,13,388,6.419542187190135,13.968001341796647,53.295074462890625,265.7439880371094,160.04226684570312,0.5965927203238534,0.18421175165123943,0.7811166088428579,left
6,14,451,6.438765927338214,15.052872617665527,57.60980224609375,249.81201171875,163.71630859375,0.6025916187543173,0.10003809006022711,0.7917548367671357,left
6,15,414,6.457989667486297,16.137743893534406,61.22222900390625,233.132080078125,166.348876953125,0.6038219456860693,0.009852535877823657,0.7970583325232012,left
6,16,775,6.477213407634376,17.222615169403287,64.0499267578125,215.63653564453125,167.73638916015625,0.5994242122123472,-0.08830421872006657,0.7955457113012712,left
7,-9,117,7.092828705320742,-9.851334917487497,-190.60744243860245,401.15778255462646,-22.74278235435486,-0.8447246686076052,0.5121750427956325,-0.1552963611391567,left
7,-8,275,7.112052445468823,-8.766463641618614,-179.14932924509048,413.5293216407299,-13.572922945022583,-0.7496948410464355,0.656608018116533,-0.08260481737428094,left
7,-7,110,7.131276185616905,-7.681592365749736,-166.6773543357849,422.4894287586212,-3.6897916197776794,-0.6456754117014133,0.7635115138241061,-0.012386726049783152,left
7,-6,228,7.150499925764986,-6.5967210898808535,-153.51573038101196,428.42373037338257,6.673255681991577,-0.541347256724905,0.8391003992715943,0.05341973023771953,left
7,-5,267,7.169723665913068,-5.511849814011973,-139.94413328170776,431.6850423812866,17.319863259792328,-0.44090842862491786,0.8901938682383469,0.11469365509196383,left
7,-4,93,7.188947406061148,-4.426978538143092,-126.2008285522461,432.59459400177,28.08729423582554,-0.3458169787184013,0.9223838445973681,0.17210072764475776,left
7,-3,193,7.20817114620923,-3.342107262274211,-112.4857873916626,431.44316482543945,38.84312719106674,-0.25619733521646837,0.939715295410066,0.22649081438405597,left
7,-2,298,7.227394886357311,-2.25723598640533,-98.9638090133667,428.49220848083496,49.48194980621338,-0.17167484486656023,0.9449332211882828,0.27861973213463914,left
7,-1,242,7.246618626505392,-1.1723647105364496,-85.76764106750488,423.9749298095703,59.922022342681885,-0.0918011034552082,0.9398413753461238,0.3290452044809537,left
7,0,392,7.265842366653473,-0.08749343466756805,-73.00109577178955,418.09757232666016,70.10197353363037,-0.016243244518216453,0.9256212401668976,0.37810246859735774,left
7,1,654,7.285066106801555,0.9973778412013136,-60.74220371246338,411.0403594970703,79.97751426696777,0.05514980771966203,0.9030805128904712,0.42591558546966524,left
7,2,765,7.304289846949635,2.082249117070193,-49.04625225067139,402.95878982543945,89.5180606842041,0.12234801874785356,0.8728382115635435,0.47242398197279306,left
7,3,479,7.323513587097717,3.1671203929390734,-37.949021339416504,393.98473358154297,98.7034912109375,0.1851755017861024,0.8354546432126065,0.5174220450200799,left
7,4,510,7.342737327245798,4.251991668807954,-27.469767093658447,384.22748947143555,107.52069091796875,0.2433690984999931,0.791511591023186,0.5606076017779686,left
7,5,421,7.36196106739388,5.3368629446768345,-17.614492416381836,373.7752170562744,115.96052551269531,0.29663966302827055,0.7416544553366246,0.6016257800309166,left
7,6,261,7.381184807541961,6.421734220545716,-8.37896728515625,362.69524097442627,124.01419067382812,0.3447366748838855,0.6865793603008933,0.6401292111744459,left
7,7,762,7.400408547690044,7.506605496414597,0.24813461303710938,351.03654766082764,131.6699676513672,0.38749068814987564,0.6270075904966629,0.6758050370163757,left
7,8,127,7.419632287838123,8.591476772283475,8.282066345214844,338.82959818840027,138.90989685058594,0.4248548090252043,0.5636026274491895,0.7084140523595839,left
7,9,601,7.438856027986205,9.676348048152356,15.738861083984375,326.0883994102478,145.70738220214844,0.45687845045032227,0.49692598472839333,0.7377849600092353,left
7,10,482,7.4580797681342865,10.761219324021237,22.632492065429688,312.810489654541,152.02236938476562,0.48371593843314153,0.4273245127026792,0.7638145401530159,left
7,11,586,7.477303508282367,11.846090599890116,28.971878051757812,298.9809112548828,157.79788208007812,0.5055769065425748,0.35488743747211826,0.7864139484363906,left
7,12,216,7.496527248430446,12.930961875759,34.756103515625,284.56876373291016,162.95834350585938,0.5226296023646236,0.2794105571996099,0.8054737979956884,left
7,13,425,7.515750988578527,14.015833151627879,39.9739990234375,269.53086853027344,167.407470703125,0.5349822242061442,0.20023973266208556,0.8207911240058967,left
7,14,187,7.534974728726612,15.10070442749676,44.59844970703125,253.81585693359375,171.0179443359375,0.5425562154777349,0.11634696297602258,0.8319231558579996,left
7,15,587,7.554198468874691,16.185575703365643,48.58740234375,237.36322021484375,173.63812255859375,0.5449311012727496,0.02622193348863888,0.8380707040994726,left
7,16,584,7.573422209022772,17.270446979234524,51.87115478515625,220.09112548828125,175.080322265625,0.5412103888616816,-0.07221210765425859,0.8377808344049875,left
8,-9,47,8.18903750670914,-9.80350310765626,-201.36792516708374,388.64134979248047,-15.881001591682434,-0.9175018320913427,0.3683362694667154,-0.15006258928984523,left
8,-8,154,8.20826124685722,-8.718631831787377,-191.3825294971466,403.11083221435547,-6.673719525337219,-0.8394624111907353,0.5382128891812286,-0.07503163410876436,left
8,-7,736,8.2274849870053,-7.633760555918498,-180.08340978622437,413.91816902160645,3.293829321861267,-0.7429529522356357,0.6693432517898369,-0.0007225287261440723,left
8,-6,739,8.246708727153381,-6.548889280049616,-167.8323016166687,421.4718608856201,13.774869084358215,-0.6404707691040812,0.7648395253648752,0.06940961289950509,left
8,-5,221,8.265932467301463,-5.464018004180736,-154.94395351409912,426.146541595459,24.5608651638031,-0.5393140753585437,0.8312951974883673,0.13449395061836675,left
8,-4,443,8.285156207449544,-4.379146728311854,-141.6892433166504,428.2841567993164,35.47812902927399,-0.44273210594879103,0.8751922925608271,0.19500444457568664,left
8,-3,574,8.304379947597626,-3.294275452442973,-128.2982578277588,428.1951026916504,46.38455319404602,-0.35165890340266104,0.9016106988854571,0.25186139702803956,left
8,-2,490,8.323603687745708,-2.2094041765740937,-114.96344184875488,426.1593437194824,57.166311740875244,-0.2659704118484742,0.9141341905788614,0.30597127583464917,left
8,-1,432,8.342827427893788,-1.1245329007052138,-101.8427791595459,422.42760467529297,67.7345027923584,-0.18519381359651307,0.9151559914443588,0.35804016915574266,left
8,0,279,8.36205116804187,-0.039661624836332246,-89.06275177001953,417.22239685058594,78.02186965942383,-0.1088580737237923,0.9062345467148278,0.40852033746891453,left
8,1,555,8.38127490818995,1.0452096510325486,-76.7217025756836,410.7391357421875,87.97943878173828,-0.03664596244920716,0.8883961065802345,0.45761275249849853,left
8,2,489,8.400498648338031,2.130080926901428,-64.89270782470703,403.1475296020508,97.57326889038086,0.03156220984157799,0.8623681094082977,0.5052970124446359,left
8,3,468,8.419722388486113,3.21495220277031,-53.62681007385254,394.59254455566406,106.78108596801758,0.09570116651858147,0.828750360321827,0.5513747609325481,left
8,4,84,8.438946128634193,4.2998234786391905,-42.95616149902344,385.1955108642578,115.58898162841797,0.15556504911923075,0.788130886861228,0.5955243241613776,left
8,5,176,8.458169868782274,5.38469475450807,-32.897132873535156,375.0548667907715,123.9881591796875,0.21087088123637934,0.741147453684141,0.6373648275078464,left
8,6,42,8.477393608930354,6.46956603037695,-23.453407287597656,364.2486152648926,131.9713897705078,0.2613275586342993,0.6885044484891953,0.6765127726132195,left
8,7,476,8.496617349078438,7.554437306245832,-14.619430541992188,352.8334255218506,139.5299530029297,0.30668949700675463,0.6309443093774898,0.7126365349109646,left
8,8,31,8.51584108922652,8.639308582114714,-6.3819580078125,340.848388671875,146.65060424804688,0.3468118849706448,0.5691792112842367,0.7454908060365082,left
8,9,760,8.5350648293746,9.724179857983591,1.273406982421875,328.3135681152344,153.3106689453125,0.38164718506236056,0.5038214931578593,0.7749253700622799,left
8,10,607,8.554288569522681,10.809051133852474,8.3631591796875,315.2314190864563,159.47799682617188,0.41124874037429004,0.4352766339780629,0.8008799694419179,left
8,11,668,8.573512309670761,11.893922409721354,14.900146484375,301.5913314819336,165.10244750976562,0.43571187523712124,0.3636961181922208,0.8233348622457702,left
8,12,78,8.592736049818841,12.978793685590235,20.891387939453125,287.36578369140625,170.1197509765625,0.45514834286728734,0.2888449138437228,0.8422639739011603,left
8,13,257,8.611959789966923,14.063664961459118,26.3330078125,272.51271057128906,174.44140625,0.4695800890243475,0.21019031050174727,0.8575048532591899,left
8,14,105,8.631183530115004,15.148536237327999,31.214111328125,256.9870300292969,177.95599365234375,0.47886886237850035,0.12657392542416765,0.8687137929416328,left
8,15,252,8.650407270263086,16.23340751319688,35.50152587890625,240.72024536132812,180.5218505859375,0.4824455456530111,0.03645882241179596,0.8751668696585317,left
8,16,629,8.669631010411164,17.318278789065758,39.14520263671875,223.6328125,181.9632568359375,0.47938964315988664,-0.06227635484906297,0.8753897564272444,left
9,-8,156,9.304470048245616,-8.670800021956145,-202.4751091003418,389.9489994049072,-0.7929725646972656,-0.9174480301485198,0.3909793875402681,-0.07364937538932403,left
9,-7,2,9.323693788393697,-7.585928746087262,-192.61897087097168,402.82746505737305,9.293555498123169,-0.8366162726153817,0.5477720179603118,0.004362193809658231,left
9,-6,572,9.34291752854178,-6.501057470218383,-181.51190567016602,412.20862197875977,19.931063532829285,-0.7408031447728122,0.6670189031388954,0.07935038468776875,left
9,-5,305,9.362141268689859,-5.416186194349503,-169.50628089904785,418.48925399780273,30.898225232958794,-0.6411052412843724,0.752827623304895,0.1491128404491359,left
9,-4,227,9.38136500883794,-4.33131491848062,-156.90807151794434,422.0326690673828,42.00968885421753,-0.5436544195406093,0.8116812750286734,0.21357289126148526,left
9,-3,239,9.40058874898602,-3.246443642611738,-143.98014450073242,423.16902923583984,53.11302995681763,-0.45100978787842555,0.8495552032086752,0.2735802038505789,left
9,-2,375,9.419812489134102,-2.161572366742857,-130.94507598876953,422.1974639892578,64.08530521392822,-0.3637781365989645,0.8710089610183309,0.3301648938914507,left
9,-1,308,9.439036229282186,-1.076701090873978,-117.98865127563477,419.3863830566406,74.82975769042969,-0.2817116902969367,0.8792195595670815,0.38420240710426323,left
9,0,122,9.458259969430266,0.008170184994904003,-105.2625617980957,414.9751892089844,85.27261734008789,-0.2043169928605323,0.8763006368221696,0.4362932045465404,left
9,1,509,9.477483709578346,1.0930414608637844,-92.88792419433594,409.1750183105469,95.35959243774414,-0.1311485702096288,0.8636399336211636,0.4867505701966892,left
9,2,742,9.496707449726427,2.177912736732664,-80.95830535888672,402.16998291015625,105.05258178710938,-0.06193391246540519,0.8421820127234249,0.5356245400762073,left
9,3,437,9.51593118987451,3.2627840126015446,-69.5425910949707,394.11834716796875,114.32666778564453,0.003402191879566877,0.8126420927543809,0.5827531674510185,left
9,4,738,9.53515493002259,4.347655288470426,-58.68827438354492,385.1542205810547,123.16619110107422,0.06475023668574098,0.7756619808033496,0.6278183641670293,left
9,5,429,9.55437867017067,5.4325265643393035,-48.42450523376465,375.3873977661133,131.56211853027344,0.12188000178515433,0.7318953566097192,0.6704285585638361,left
9,6,418,9.573602410318752,6.517397840208186,-38.765708923339844,364.9054870605469,139.50848388671875,0.17449824862179866,0.6820551198781132,0.7101768615464585,left
9,7,5,9.592826150466832,7.602269116077068,-29.71392059326172,353.77440643310547,146.99835205078125,0.22231817536424348,0.6268939992088908,0.7467118203554813,left
9,8,168,9.612049890614916,8.687140391945947,-21.262603759765625,342.04194259643555,154.0218505859375,0.2650961149833735,0.5671506050717656,0.7797847401606753,left
9,9,166,9.631273630762996,9.772011667814828,-13.398757934570312,329.7333393096924,160.56234741210938,0.3027155092385295,0.5034708786172944,0.8092468071304251,left
9,10,737,9.650497370911078,10.856882943683708,-6.1075439453125,316.8587894439697,166.59246826171875,0.3351027766220208,0.4362919561126256,0.8350781149878319,left
9,11,658,9.66972111105916,11.941754219552589,0.625823974609375,303.4112186431885,172.07080078125,0.3622538670570736,0.3658156425849994,0.8572928621202442,left
9,12,147,9.68894485120724,13.026625495421472,6.8131103515625,289.3664836883545,176.939453125,0.3841752247393179,0.2918674877527959,0.875912533469733,left
9,13,310,9.70816859135532,14.111496771290353,12.4578857421875,274.69104766845703,181.1201171875,0.4007896617852043,0.2137849480340164,0.8908780180250238,left
9,14,359,9.7273923315034,15.19636804715923,17.55645751953125,259.3282928466797,184.51171875,0.4118581290495784,0.1305153231856458,0.9018528881971423,left
9,15,324,9.746616071651482,16.281239323028117,22.0875244140625,243.21566772460938,186.986572265625,0.41675102270552344,0.04042835502446121,0.9081212106232938,left
9,16,453,9.765839811799564,17.366110598896995,26.0225830078125,226.28558349609375,188.383544921875,0.41439702751022367,-0.05874566363950879,0.908198244104361,left
9,17,163,9.785063551947646,18.450981874765876,29.30029296875,208.4476318359375,188.514404296875,0.4029384488768134,-0.16949711667617584,0.8993949821158724,left
10,-8,281,10.400678849634014,-8.622968212124908,-212.13319206237793,373.6746063232422,3.7961626052856445,-0.9728238923612197,0.21779248293527387,-0.07861366820123669,left
10,-7,25,10.419902589782096,-7.538096936256025,-204.02600860595703,388.8690185546875,14.045997619628906,-0.9181138174675292,0.3963132686211482,0.0016766901986327932,left
10,-6,121,10.439126329930176,-6.453225660387147,-194.3298110961914,400.30609130859375,24.888470351696014,-0.8371397758668541,0.5408801699568314,0.08152077900181412,left
10,-5,150,10.458350070078255,-5.3683543845182635,-183.4371681213379,408.40543365478516,36.0885055065155,-0.7437349868221536,0.649828945273091,0.15678205019042563,left
10,-4,101,10.477573810226339,-4.283483108649385,-171.69175720214844,413.5517272949219,47.448588371276855,-0.6476655595821343,0.7275616879339415,0.22623729396780445,left
10,-3,82,10.49679755037442,-3.198611832780505,-159.3916244506836,416.0957794189453,58.805259704589844,-0.5541639512500857,0.7801308625009602,0.29034144125219286,left
10,-2,210,10.5160212905225,-2.113740556911624,-146.79216766357422,416.3559265136719,70.02577590942383,-0.4653428275204742,0.8129337303399766,0.3501354065940497,left
10,-1,731,10.535245030670582,-1.0288692810427418,-134.1093978881836,414.61895751953125,81.00487899780273,-0.38164587941508377,0.8300473195866637,0.4066544847563869,left
10,0,278,10.55446877081866,0.056001994826138476,-121.52297973632812,411.1414337158203,91.66152954101562,-0.3028057742331438,0.8343156237779216,0.46068004407736596,left
10,1,508,10.573692510966746,1.1408732706950198,-109.17926788330078,406.1503448486328,101.93551635742188,-0.22836999423059778,0.8276534371681575,0.512676246454672,left
10,2,299,10.592916251114826,2.225744546563901,-97.19461059570312,399.84519958496094,111.78396606445312,-0.15795785384006006,0.8113560235711429,0.5628061117516986,left
10,3,232,10.612139991262907,3.310615822432781,-85.65848541259766,392.3976745605469,121.178466796875,-0.09135892178047839,0.786359048114472,0.610977082106694,left
10,4,661,10.631363731410987,4.395487098301661,-74.63621139526367,383.9551544189453,130.10101318359375,-0.028559008048660944,0.7534252281106087,0.6569130906792418,left
10,5,616,10.650587471559067,5.480358374170541,-64.17293930053711,374.6386413574219,138.5421600341797,0.030290202553176562,0.7132748403179443,0.7002296093416064,left
10,6,696,10.66981121170715,6.565229650039422,-54.29507827758789,364.5473327636719,146.49539184570312,0.08492995209437854,0.6666459074004966,0.740520180267503,left
10,7,457,10.689034951855232,7.650100925908302,-45.01628875732422,353.75563049316406,153.95623779296875,0.1350654376090609,0.614308096164475,0.777420665116545,left
10,8,462,10.708258692003314,8.734972201777182,-36.337310791015625,342.3184585571289,160.91671752929688,0.18040900170316274,0.5569961158451867,0.8106836121680538,left
10,9,711,10.727482432151396,9.819843477646065,-28.2513427734375,330.27130126953125,167.36541748046875,0.2207375992211138,0.4953843591945983,0.8401602519492671,left
10,10,39,10.746706172299474,10.904714753514945,-20.74560546875,317.62966537475586,173.27764892578125,0.2558941171455046,0.42994407565210885,0.8658327163037768,left
10,11,456,10.765929912447556,11.989586029383828,-13.8076171875,304.3916187286377,178.6220703125,0.2857368120601699,0.36087940625831505,0.8877615267470973,left
10,12,172,10.785153652595636,13.074457305252706,-7.42315673828125,290.5337553024292,183.34765625,0.3102030387303871,0.2880132304712871,0.9059925241611694,left
10,13,440,10.804377392743717,14.159328581121583,-1.5831298828125,276.02923583984375,187.382568359375,0.3290568824416931,0.21067806964836763,0.9205087284143434,left
10,14,353,10.8236011328918,15.244199856990468,3.7130126953125,260.82691192626953,190.640869140625,0.34195866490473015,0.12790402653993302,0.9309698338246233,left
10,15,570,10.84282487303988,16.32907113285935,8.4576416015625,244.8561553955078,193.003662109375,0.3482596181463143,0.03775602005884339,0.9366374545777569,left
10,16,402,10.86204861318796,17.41394240872823,12.6241455078125,228.05276489257812,194.322998046875,0.34664889775880126,-0.06184516597659401,0.9359539075872997,left
11,-6,314,11.53533513131857,-6.40539385055591,-206.02979278564453,385.39112854003906,28.344884395599365,-0.9202485334652426,0.3842413048624032,0.07417045431105374,left
11,-5,774,11.554558871466652,-5.320522574687029,-196.5135269165039,395.5427551269531,39.84051704406738,-0.8413604902137412,0.5176986706087854,0.15524371793148156,left
11,-4,532,11.573782611614732,-4.235651298818148,-185.8477783203125,402.509521484375,51.514699935913086,-0.7516594079087769,0.6178644747789706,0.2307631368055432,left
11,-3,704,11.593006351762815,-3.150780022949268,-174.36840057373047,406.6634216308594,63.19210243225098,-0.6597570536888788,0.6889206404855379,0.3001815804155312,left
11,-2,12,11.612230091910895,-2.065908747080386,-162.36598205566406,408.34259033203125,74.72969436645508,-0.5702498944533837,0.7363001926651371,0.3642486570423929,left
11,-1,695,11.631453832058977,-0.9810374712115074,-150.0895233154297,407.85205078125,86.01306915283203,-0.4850139622660902,0.7648071696497072,0.42406538370792723,left
11,0,383,11.650677572207057,0.10383380465737295,-137.74888610839844,405.4662780761719,96.95307922363281,-0.40446747348709877,0.7780975831640654,0.48059360583054295,left
11,1,200,11.669901312355139,1.1887050805262551,-125.51856994628906,401.4286804199219,107.48294067382812,-0.32840630218381506,0.7787616449693451,0.5344900382706796,left
11,2,287,11.68912505250322,2.2735763563951346,-113.54035949707031,395.9539794921875,117.55442810058594,-0.2564749719399662,0.7685954637496154,0.5860730345886144,left
11,3,541,11.708348792651304,3.358447632264017,-101.92626190185547,389.229248046875,127.134765625,-0.18838117534663915,0.7488748997788967,0.6353730536119441,left
11,4,246,11.727572532799382,4.4433189081328965,-90.7626724243164,381.4136657714844,136.20346069335938,-0.12400927191021789,0.7205806154009415,0.6821915252982099,left
11,5,553,11.746796272947464,5.528190184001777,-80.11239624023438,372.640625,144.74908447265625,-0.0634108031965197,0.6845650864654311,0.7261884827168145,left
11,6,358,11.766020013095545,6.613061459870657,-70.01772975921631,363.0207214355469,152.76467895507812,-0.006774859063326291,0.6416419817059593,0.7669743598042383,left
11,7,689,11.785243753243625,7.697932735739538,-60.50513458251953,352.637939453125,160.2471923828125,0.0456105905044197,0.5925858108640758,0.804214977973181,left
11,8,21,11.804467493391709,8.78280401160842,-51.58599853515625,341.55772399902344,167.19122314453125,0.09342883468786423,0.5381789722618693,0.8376362257352686,left
11,9,404,11.823691233539789,9.867675287477299,-43.260986328125,329.8209533691406,173.58551025390625,0.13641323978746908,0.4790538587194718,0.8671209998937118,left
11,10,547,11.842914973687868,10.952546563346178,-35.526123046875,317.4498291015625,179.4150390625,0.17427364925828018,0.41574583070003923,0.8926276376125357,left
11,11,356,11.86213871383595,12.03741783921506,-28.36810302734375,304.44910430908203,184.65185546875,0.2068297589140965,0.34839112148366486,0.9142456329121245,left
11,12,336,11.881362453984034,13.122289115083943,-21.77349853515625,290.80386543273926,189.2491455078125,0.23381391988147218,0.2768480486176855,0.9320333732470315,left
11,13,621,11.900586194132115,14.207160390952822,-15.7352294921875,276.4790744781494,193.1505126953125,0.2549049412371237,0.20049356938350787,0.9459523241520996,left
11,14,472,11.919809934280194,15.292031666821703,-10.24951171875,261.43125915527344,196.2745361328125,0.26971356527652357,0.11815003229733413,0.9556647752083182,left
11,15,322,11.939033674428275,16.376902942690585,-5.312255859375,245.59970092773438,198.51220703125,0.27736987316170547,0.027996297282806375,0.9603552263619499,left
11,16,438,11.958257414576357,17.461774218559466,-0.939697265625,228.91204833984375,199.73291015625,0.2764733528025287,-0.07221714680715074,0.9583043195651175,left
12,-4,60,12.66999141300313,-4.187819488986913,-199.15435791015625,388.5281677246094,53.87665939331055,-0.848968500258978,0.4784573393328191,0.22434584909594704,left
12,-3,201,12.689215153151212,-3.1029482131180317,-188.71900939941406,394.514892578125,65.95446014404297,-0.7639369150661247,0.5711336448753677,0.3003443848162139,left
12,-2,688,12.708438893299293,-2.0180769372491523,-177.5031280517578,397.82037353515625,77.89002227783203,-0.6765388462824216,0.6366606318092656,0.37007895019181647,left
12,-1,106,12.727662633447373,-0.9332056613802694,-165.79090881347656,398.76885986328125,89.5591049194336,-0.5909633229866214,0.6797468644912789,0.43440367298042637,left
12,0,309,12.746886373595457,0.1516656144886092,-153.82546997070312,397.6527099609375,100.8643798828125,-0.5090200638036012,0.7046220572661678,0.49437468691203357,left
12,1,1,12.766110113743537,1.2365368903574905,-141.81137084960938,394.73223876953125,111.73130798339844,-0.431208583500021,0.7145855348803503,0.5508417838687159,left
12,2,763,12.785333853891617,2.3214081662263717,-129.9186248779297,390.23809814453125,122.10563659667969,-0.35747036931020093,0.7120404757064526,0.6043287979411185,left
12,3,46,12.804557594039698,3.406279442095251,-118.28489685058594,384.370849609375,131.95004272460938,-0.2875903324458104,0.6987336554047142,0.6550290676668283,left
12,4,143,12.82378133418778,4.491150717964131,-107.01899719238281,377.30560302734375,141.24008178710938,-0.22140042953331499,0.6759771908528122,0.7028774340162048,left
12,5,340,12.843005074335863,5.576021993833013,-96.20490264892578,369.18731689453125,149.96237182617188,-0.15888641591934716,0.6448232911675338,0.747634957719457,left
12,6,378,12.862228814483943,6.6608932697018925,-85.90333366394043,360.13616943359375,158.10858154296875,-0.1001944736683526,0.6062210266720257,0.788959526380813,left
12,7,260,12.881452554632022,7.745764545570773,-76.15495300292969,350.2503967285156,165.67559814453125,-0.04553624822474212,0.5610293741284783,0.8265424922305099,left
12,8,160,12.900676294780105,8.830635821439653,-66.98641967773438,339.6013488769531,172.65972900390625,0.00474126498703642,0.5100299779398437,0.8601435589533907,left
12,9,50,12.919900034928185,9.915507097308534,-58.407470703125,328.2392272949219,179.05419921875,0.050336345076168604,0.45389399742863124,0.8896327846154449,left
12,10,393,12.939123775076267,11.000378373177416,-50.42279052734375,316.1918029785156,184.8460693359375,0.09087783082664228,0.3930792932800627,0.9150026716128705,left
12,11,582,12.958347515224348,12.085249649046297,-43.02545166015625,303.47340393066406,190.01025390625,0.12606655482788703,0.3278273523230299,0.9362886578522135,left
12,12,329,12.97757125537243,13.170120924915176,-36.204833984375,290.06790924072266,194.5125732421875,0.1555660543138747,0.2578538966974509,0.9535777738093274,left
12,13,284,12.996794995520512,14.25499220078406,-29.9561767578125,275.9552459716797,198.298583984375,0.17897569731827132,0.1825824943253689,0.9667633280877823,left
12,14,631,13.016018735668592,15.339863476652939,-24.2674560546875,261.08261489868164,201.294677734375,0.19561975317629018,0.10074812187509781,0.9754910189775647,left
12,15,719,13.035242475816675,16.42473475252182,-19.1402587890625,245.39525985717773,203.413818359375,0.20458760577367327,0.010565743122286923,0.9787912324066199,left
12,16,660,13.054466215964755,17.509606028390703,-14.579833984375,228.8205795288086,204.528076171875,0.2043959286768462,-0.09046544645917369,0.9746990855321821,left
13,-3,123,13.785423954539606,-3.0551164032867972,-202.2230224609375,379.24481201171875,66.71839904785156,-0.8590679965948778,0.423479505262829,0.2875191921399558,left
13,-2,672,13.804647694687688,-1.9702451274179151,-192.01327514648438,384.40570068359375,79.14622497558594,-0.7794396271197422,0.5096518636079155,0.36431970245433565,left
13,-1,712,13.823871434835768,-0.885373851549034,-181.0511474609375,387.00634765625,91.29600524902344,-0.6967834335312131,0.5705404508422067,0.43471420578263237,left
13,0,469,13.843095174983851,0.19949742431984457,-169.61514282226562,387.358154296875,103.06126403808594,-0.6150536728143273,0.6100754976711753,0.49951663305527105,left
13,1,75,13.862318915131933,1.2843687001887267,-157.94296264648438,385.73834228515625,114.35955810546875,-0.5361204781941756,0.6319318518820489,0.5596757699219905,left
13,2,539,13.881542655280013,2.3692399760576097,-146.23541259765625,382.3934326171875,125.12994384765625,-0.4606743446907551,0.639100820571011,0.6158971418095752,left
13,3,301,13.900766395428093,3.4541112519264874,-134.65701293945312,377.54034423828125,135.32940673828125,-0.38884408930092335,0.6338612247915634,0.668595708871568,left
13,4,188,13.919990135576175,4.538982527795368,-123.3441162109375,371.36590576171875,144.92999267578125,-0.32061334159566013,0.6179321968616012,0.7178905802924705,left
13,5,292,13.939213875724255,5.6238538036642485,-112.40257263183594,364.03131103515625,153.91387939453125,-0.25598300050207207,0.5927007702810337,0.7636612471261229,left
13,6,639,13.958437615872338,6.7087250795331315,-101.91323852539062,355.66717529296875,162.27197265625,-0.1950427248295871,0.5592667224590461,0.8057164939610993,left
13,7,133,13.977661356020421,7.793596355402009,-91.93718147277832,346.38037109375,170.00054931640625,-0.13803095055092326,0.5186450458078341,0.8437741244841527,left
13,8,370,13.9968850961685,8.87846763127089,-82.51234436035156,336.25286865234375,177.0970458984375,-0.0852550654769767,0.4716593124990838,0.8776497403539796,left
13,9,567,14.016108836316581,9.963338907139772,-73.66799926757812,325.34686279296875,183.5567626953125,-0.03704151502681127,0.4190185323683768,0.9072218007170958,left
13,10,428,14.03533257646466,11.048210183008651,-65.41326904296875,313.6951904296875,189.369384765625,0.006149953194993256,0.361197804053226,0.9324689401920189,left
13,11,618,14.054556316612743,12.133081458877532,-57.75439453125,301.317138671875,194.51416015625,0.04400306879164228,0.2983449594211202,0.9534432416903106,left
13,12,680,14.073780056760826,13.217952734746413,-50.6844482421875,288.20033264160156,198.96630859375,0.07601101077066799,0.23027094296082432,0.9701533997618904,left
13,13,282,14.093003796908906,14.302824010615293,-44.2027587890625,274.3310241699219,202.674072265625,0.10161072405998467,0.15614324488461992,0.9824940446806318,left
13,14,138,14.11222753705699,15.387695286484174,-38.29833984375,259.6700096130371,205.574462890625,0.12010767036460125,0.07495944635159776,0.9899268805938397,left
13,15,767,14.131451277205068,16.472566562353055,-32.973388671875,244.14752006530762,207.583740234375,0.13045929847767013,-0.01546585445434423,0.991333031219434,left
13,16,207,14.150675017353146,17.557437838221936,-28.230224609375,227.69077682495117,208.59326171875,0.1309423956444639,-0.11732135647530507,0.9844235817663467,left
14,-1,155,14.920080236224164,-0.8375420417177996,-195.68035888671875,372.152099609375,90.81887817382812,-0.7966384172860789,0.43358754594116783,0.42115207717479813,left
14,0,560,14.939303976372246,0.2473292341510817,-184.95611572265625,374.1915283203125,103.15298461914062,-0.7189565050760368,0.4904644302180184,0.4924897831425191,left
14,1,311,14.958527716520328,1.332200510019962,-173.77630615234375,374.0767822265625,114.99136352539062,-0.6410367126669994,0.5270602545191188,0.5579242073250889,left
14,2,713,14.977751456668406,2.4170717858888415,-162.37564086914062,372.0704345703125,126.2652587890625,-0.564935312808008,0.5464916348988645,0.6182192049169002,left
14,3,684,14.996975196816491,3.5019430617577245,-150.94989013671875,368.40625,136.92510986328125,-0.49157259276985804,0.5514629728151635,0.6739769845116238,left
14,4,43,15.016198936964571,4.5868143376266035,-139.66094970703125,363.2861328125,146.939208984375,-0.42136945871666526,0.5441258143398796,0.725516972530476,left
14,5,360,15.035422677112651,5.671685613495484,-128.64218139648438,356.8812255859375,156.284912109375,-0.3545108464739506,0.5262175553878798,0.772927644824486,left
14,6,748,15.054646417260733,6.756556889364365,-117.99870300292969,349.337646484375,164.9512939453125,-0.2912074222371428,0.4991318064098196,0.8161284684803422,left
14,7,70,15.073870157408814,7.8414281652332445,-107.80908966064453,340.77294921875,172.9327392578125,-0.23168762162151577,0.46400660933891447,0.8549963230781575,left
14,8,398,15.093093897556896,8.926299441102126,-98.13455200195312,331.277587890625,180.22900390625,-0.17630170701752984,0.42183671024129343,0.8893657841380609,left
14,9,493,15.112317637704976,10.011170716971005,-89.0155029296875,320.92230224609375,186.8338623046875,-0.1254454597428936,0.3733204764117731,0.9191818419233382,left
14,10,625,15.131541377853058,11.096041992839888,-80.47540283203125,309.75341796875,192.73583984375,-0.07951040350801537,0.3189386093555485,0.9444343593899691,left
14,11,707,15.150765118001141,12.180913268708768,-72.53472900390625,297.78668212890625,197.9326171875,-0.03906696777148935,0.25895131612199984,0.9650999885544636,left
14,12,186,15.16998885814922,13.265784544577647,-65.189453125,285.028076171875,202.39453125,-0.004594608608408281,0.19294983152211584,0.9811978659206932,left
14,13,202,15.189212598297301,14.35065582044653,-58.4508056640625,271.4597473144531,206.068359375,0.023203882935672836,0.12024628622843656,0.9924728764379289,left
14,14,576,15.20843633844538,15.43552709631541,-52.305908203125,257.0529022216797,208.914794921875,0.043640147456470935,0.039499885108787644,0.9982661451769113,left
14,15,494,15.227660078593466,16.520398372184296,-46.760009765625,241.72332763671875,210.845703125,0.05521158664167991,-0.05115471107805708,0.9971634150103126,left
15,1,478,16.054736517908722,1.3800323198511957,-189.14935302734375,359.328857421875,113.19134521484375,-0.7412854332753407,0.3965962587228352,0.541486208486274,left
15,2,19,16.073960258056804,2.464903595720078,-178.201904296875,358.872802734375,125.09222412109375,-0.6673009329043348,0.43068427235817225,0.6076351886521354,left
15,3,644,16.093183998204882,3.549774871588958,-167.045654296875,356.5950927734375,136.33349609375,-0.5940043279096505,0.4482345788018659,0.668015434545429,left
15,4,386,16.112407738352967,4.634646147457841,-155.87420654296875,352.7080078125,146.8782958984375,-0.5226476650947072,0.45159335613861457,0.7231202243489759,left
15,5,622,16.131631478501046,5.719517423326719,-144.84771728515625,347.4000244140625,156.7017822265625,-0.4539623242830439,0.4427907732926952,0.7732105400331747,left
15,6,720,16.15085521864913,6.8043886991956,-134.0963134765625,340.8314208984375,165.786865234375,-0.38840303207692733,0.42350267975024236,0.8184061124636186,left
15,7,518,16.17007895879721,7.889259975064482,-123.72396850585938,333.1298828125,174.1295166015625,-0.32640214717645877,0.3951534400913423,0.8586707151769968,left
15,8,473,16.18930269894529,8.974131250933363,-113.8111686706543,324.3961181640625,181.7252197265625,-0.26836121038753336,0.3587211009746769,0.8940365945949046,left
15,9,753,16.208526439093372,10.059002526802244,-104.41659545898438,314.70751953125,188.572265625,-0.21472260528224238,0.3151182255465816,0.9244429169554927,left
15,10,693,16.227750179241454,11.143873802671123,-95.58111572265625,304.1273193359375,194.65966796875,-0.16608287654444273,0.2648122367824046,0.9498899711908864,left
15,11,223,16.246973919389536,12.228745078540003,-87.33355712890625,292.666748046875,199.986572265625,-0.12294240209905742,0.20802356357461277,0.9703666125562198,left
15,12,237,16.266197659537614,13.313616354408884,-79.690185546875,280.35235595703125,204.52392578125,-0.08597690854650882,0.14444725049626467,0.9857702384535936,left
15,13,65,16.285421399685696,14.398487630277765,-72.6624755859375,267.15234375,208.23828125,-0.05587784475230212,0.07319206579270696,0.9957512681241404,left
15,14,380,16.304645139833777,15.483358906146648,-66.248046875,253.04144287109375,211.080078125,-0.033740816931005564,-0.007023125370027667,0.9994059400378134,left
15,15,448,16.32386887998186,16.56823018201553,-60.453125,237.98406982421875,212.98876953125,-0.02085489461703393,-0.098125789598744,0.9949554777909086,left
16,3,675,17.18939279959328,3.5976066814201935,-182.8101806640625,341.67236328125,133.0880126953125,-0.6921702568676876,0.3211635411874252,0.6463391643090123,left
16,4,131,17.20861653974136,4.682477957289073,-171.868408203125,339.22216796875,144.2987060546875,-0.6219015166108111,0.3371654735321681,0.7067941334610822,left
16,5,412,17.227840279889442,5.767349233157955,-160.9229736328125,335.2041015625,154.72998046875,-0.5527237387712073,0.33936441730939576,0.761136164469297,left
16,6,303,17.247064020037524,6.852220509026834,-150.1295166015625,329.78271484375,164.363525390625,-0.48571299593991457,0.3295481153236445,0.809617764912373,left
16,7,702,17.266287760185605,7.937091784895715,-139.61813354492188,323.105224609375,173.18994140625,-0.421608130119627,0.3092849059203577,0.8524021536732923,left
16,8,692,17.285511500333687,9.021963060764596,-129.48976135253906,315.2783203125,181.20361328125,-0.36109115361356864,0.2798023759851718,0.8895638308604249,left
16,9,744,17.304735240481765,10.106834336633478,-119.83172607421875,306.399169921875,188.40185546875,-0.3048158796711767,0.24201732954607347,0.9211486805612187,left
16,10,222,17.32395898062985,11.191705612502359,-110.69329833984375,296.520751953125,194.78369140625,-0.2534419786539641,0.19653720241446512,0.9471749001758119,left
16,11,343,17.34318272077793,12.276576888371237,-102.13067626953125,285.677490234375,200.339599609375,-0.2075479150815881,0.1434747432994588,0.9676460411640406,left
16,12,352,17.362406460926014,13.36144816424012,-94.159912109375,273.90576171875,205.0400390625,-0.16800019964472174,0.08252641386056506,0.9823264854083129,left
16,13,295,17.381630201074092,14.446319440108999,-86.81396484375,261.169189453125,208.8857421875,-0.1356466999954223,0.012951167943623308,0.9906726200058463,left
16,14,288,17.400853941222177,15.531190715977884,-80.093505859375,247.45428466796875,211.79736328125,-0.11153266654941921,-0.06679680296505325,0.9915133137815265,left
17,5,559,18.32404908127784,5.815181042989188,-176.75146484375,319.853515625,149.872802734375,-0.6471773948887976,0.21314540913615493,0.7319360997444591,left
17,6,273,18.343272821425916,6.900052318858071,-165.9976806640625,315.778076171875,160.200439453125,-0.5806398244171205,0.21420351536213672,0.7854770832477282,left
17,7,718,18.362496561574,7.984923594726952,-155.4052734375,310.303955078125,169.648681640625,-0.515730320768497,0.20339440573625928,0.8322577437039664,left
17,8,442,18.38172030172208,9.069794870595832,-145.10589599609375,303.5556640625,178.21826171875,-0.45354255642993163,0.1821305496425813,0.8724262790596656,left
17,9,8,18.400944041870165,10.154666146464715,-135.20153045654297,295.63623046875,185.89990234375,-0.39505497524449196,0.15116816928662963,0.9061345105055335,left
17,10,645,18.420167782018243,11.239537422333592,-125.77127075195312,286.60693359375,192.69287109375,-0.3411569865107078,0.11107687808329016,0.9334205042263657,left
17,11,41,18.439391522166325,12.324408698202474,-116.882080078125,276.517333984375,198.59130859375,-0.2926648163772058,0.062390794730028,0.9541774960602728,left
17,12,729,18.458615262314403,13.409279974071353,-108.5693359375,265.392578125,203.57958984375,-0.25053059032671166,0.004502591007404613,0.9680982129850099,left
18,10,783,19.516376583406647,11.287369232164833,-140.7581787109375,273.9951171875,187.91845703125,-0.42781845884232433,0.005530561626372804,0.9038477632665112,left
18,11,784,19.535600323554725,12.37224050803371,-131.54644775390625,264.809326171875,194.30029296875,-0.377140054551687,-0.038450061837047224,0.9253577535188635,left
